MeasurementDateGMT, Nitric Oxide (ug/m3), Nitrogen Dioxide (ug/m3), Oxides of Nitrogen (ug/m3), PM10 Particulate (ug/m3), PM2.5 Particulate (ug/m3)
2018-01-01,317.52,522.68,1009.72,265.4,192.0
2018-01-02,848.62,959.05,2260.0,441.3,192.0
2018-01-03,408.78,499.05,1125.8,584.72,192.0
2018-01-04,616.07,794.95,1739.6,336.75,192.0
2018-01-05,1191.01,1348.84,3174.83,447.62,186.5
2018-01-06,617.0,1160.4,2106.73,467.8,314.0
2018-01-07,118.38,445.82,627.5,283.7,126.0
2018-01-08,466.0,720.78,1434.83,435.7,325.0
2018-01-09,1800.45,1269.93,4030.28,807.25,648.0
2018-01-10,2245.45,1651.25,5094.1,586.25,325.0
2018-01-11,2723.15,1527.67,5703.25,718.6,607.0
2018-01-12,1729.95,1475.2,4128.0,778.6,665.0
2018-01-13,771.08,939.13,2121.3,642.33,559.0
2018-01-14,667.55,1005.6,2029.1,631.44,791.0
2018-01-15,665.9,806.92,1828.05,333.99,178.0
2018-01-16,612.03,751.35,1689.58,329.35,109.0
2018-01-17,669.02,798.32,1823.98,396.55,138.0
2018-01-18,735.6,904.6,2032.6,336.19,162.0
2018-01-19,819.38,1103.93,2360.28,339.55,160.0
2018-01-20,516.12,1196.33,1987.45,283.75,165.0
2018-01-21,628.5,1032.72,1996.38,316.0,235.0
2018-01-22,1179.25,1299.03,3107.15,530.8,208.0
2018-01-23,691.29,825.84,1885.98,287.62,104.0
2018-01-24,640.38,752.38,1734.18,292.68,71.0
2018-01-25,1061.78,1218.92,2846.92,492.95,134.0
2018-01-26,1977.98,1733.6,4766.58,652.3,284.0
2018-01-27,732.18,1060.03,2182.68,398.4,228.0
2018-01-28,272.62,381.85,800.15,232.98,47.0
2018-01-29,797.6,979.8,2202.9,346.4,99.0
2018-01-30,2235.82,1721.28,5149.77,534.55,204.0
2018-01-31,683.05,824.55,1871.8,257.55,111.0
2018-02-01,932.4,1057.46,2487.2,376.75,103.0
2018-02-02,1345.58,1358.58,3421.68,540.48,149.0
2018-02-03,1276.3,1556.8,3513.48,404.9,238.0
2018-02-04,124.45,495.35,686.18,270.9,133.0
2018-02-05,343.0,818.9,1344.7,334.55,180.0
2018-02-06,644.55,1177.88,2166.02,540.25,339.5
2018-02-07,1630.02,1664.22,4163.85,725.6,244.0
2018-02-08,1349.08,1571.78,3640.53,583.55,185.0
2018-02-09,918.95,1212.85,2621.82,348.5,111.0
2018-02-10,826.95,1119.05,2386.9,268.88,84.0
2018-02-11,382.4,524.22,1111.03,239.45,64.0
2018-02-12,1033.28,1274.27,2858.92,392.55,82.0
2018-02-13,754.2,1059.82,2215.85,279.8,101.0
2018-02-14,1099.18,1275.18,2960.68,329.45,154.0
2018-02-15,736.85,989.75,2119.7,482.05,161.0
2018-02-16,1760.45,1778.93,4478.25,589.2,145.0
2018-02-17,1602.42,1819.22,4276.2,675.4,298.0
2018-02-18,773.65,1251.98,2438.12,617.3,347.0
2018-02-19,1434.35,1397.75,3597.08,519.48,317.0
2018-02-20,594.71,848.36,1760.01,352.52,179.0
2018-02-21,675.53,1062.1,2097.62,1051.55,811.0
2018-02-22,407.8,1041.07,1666.48,726.15,509.0
2018-02-23,783.26,1234.49,2435.57,688.85,460.0
2018-02-24,393.7,921.4,1525.32,718.25,476.0
2018-02-25,190.68,573.0,865.27,385.85,170.0
2018-02-26,251.25,571.28,956.68,295.95,107.0
2018-02-27,911.6,1316.9,2714.48,353.25,165.0
2018-02-28,694.52,1140.95,2205.72,568.65,401.0
2018-03-01,276.25,777.4,1200.68,886.95,619.0
2018-03-02,339.3,898.15,1418.25,1025.2,842.0
2018-03-03,447.0,1132.22,1817.55,1479.1,1347.0
2018-03-04,693.15,1137.28,2200.3,487.3,271.0
2018-03-05,871.75,1201.6,2538.35,518.1,183.0
2018-03-06,1517.41,1644.12,3970.92,527.4,202.5
2018-03-07,1478.7,1664.62,3932.08,584.6,257.0
2018-03-08,713.98,877.48,1972.35,371.85,92.0
2018-03-09,1373.95,1521.6,3628.22,580.4,201.0
2018-03-10,956.9,1131.65,2598.98,648.75,251.0
2018-03-11,510.3,1135.95,1918.62,540.75,297.0
2018-03-12,949.25,1160.3,2615.62,320.6,164.0
2018-03-13,1391.8,1413.35,3547.5,560.28,254.0
2018-03-14,722.65,988.47,2096.52,519.05,181.0
2018-03-15,1240.33,1359.35,3261.13,437.8,171.0
2018-03-16,1067.7,1333.82,2970.87,661.5,221.0
2018-03-17,142.02,479.25,697.35,449.75,325.0
2018-03-18,133.62,493.8,698.3,625.75,418.0
2018-03-19,203.9,582.6,894.78,470.3,234.0
2018-03-20,285.73,752.27,1190.47,376.45,148.0
2018-03-21,1334.02,1499.26,3544.48,645.2,272.5
2018-03-22,811.4,993.3,2237.45,603.7,187.0
2018-03-23,745.75,1055.78,2199.2,637.65,176.0
2018-03-24,609.02,1061.15,1995.15,751.95,550.0
2018-03-25,445.65,1138.9,1822.32,973.75,654.0
2018-03-26,1501.67,1816.1,4118.27,730.98,272.0
2018-03-27,1084.05,1075.9,2737.92,389.38,136.0
2018-03-28,1325.48,1420.42,3453.05,265.15,147.0
2018-03-29,1305.6,1515.68,3517.3,329.35,136.0
2018-03-30,503.52,994.78,1766.88,257.1,173.0
2018-03-31,835.03,995.63,2276.15,284.9,162.0
2018-04-01,556.6,914.18,1767.62,382.7,209.0
2018-04-02,517.95,790.22,1584.3,385.75,173.0
2018-04-03,685.85,943.98,1995.85,474.62,179.0
2018-04-04,549.02,791.71,1633.55,412.6,170.0
2018-04-05,842.5,1065.05,2356.82,342.45,91.0
2018-04-06,766.82,1257.22,2433.07,650.35,252.0
2018-04-07,743.32,1263.55,2403.6,758.6,388.0
2018-04-08,518.9,1098.6,1894.03,493.9,385.0
2018-04-09,427.72,1001.7,1657.48,648.55,573.0
2018-04-10,462.12,1180.3,1888.95,830.25,670.0
2018-04-11,386.1,1037.6,1629.78,1175.0,1070.0
2018-04-12,451.05,902.82,1594.05,973.1,830.0
2018-04-13,1224.53,1365.02,3242.73,826.7,566.0
2018-04-14,731.19,1194.02,2314.43,878.75,689.0
2018-04-15,566.64,961.24,1830.03,680.6,459.0
2018-04-16,760.22,1085.05,2250.5,626.15,251.0
2018-04-17,728.46,1040.06,2157.01,574.55,237.0
2018-04-18,811.74,1217.82,2462.65,638.77,261.0
2018-04-19,1055.84,1950.46,3569.41,881.85,498.0
2018-04-20,1076.1,1546.92,3197.35,835.3,479.0
2018-04-21,554.0,1333.67,2183.68,1028.9,670.0
2018-04-22,360.88,656.28,1209.55,702.35,475.0
2018-04-23,730.8,807.42,1928.02,379.45,156.0
2018-04-24,732.5,777.35,1900.43,439.6,195.0
2018-04-25,806.9,833.88,2071.38,363.62,164.0
2018-04-26,703.22,887.55,1965.68,505.4,199.0
2018-04-27,953.15,1332.68,2794.02,481.0,223.0
2018-04-28,607.4,1014.25,1945.65,438.0,238.0
2018-04-29,90.02,357.02,495.15,282.25,149.0
2018-04-30,590.53,910.3,1815.88,392.15,157.0
2018-05-01,1000.1,1186.49,2719.89,455.62,182.0
2018-05-02,874.08,1206.9,2547.05,333.88,114.0
2018-05-03,1263.36,1406.6,3344.08,559.4,214.0
2018-05-04,1077.45,1428.6,3080.82,663.9,296.0
2018-05-05,379.28,1083.03,1664.45,637.3,388.0
2018-05-06,254.88,1087.9,1478.78,941.9,664.0
2018-05-07,301.05,1280.42,1741.88,1007.3,797.0
2018-05-08,1010.72,1487.82,3037.45,882.6,469.0
2018-05-09,1067.17,1142.72,2778.87,599.45,274.0
2018-05-10,941.35,1218.18,2661.68,464.1,189.0
2018-05-11,888.92,1401.65,2764.75,603.8,249.0
2018-05-12,1118.55,1477.85,3193.08,530.1,272.0
2018-05-13,542.9,988.92,1821.58,539.53,328.0
2018-05-14,468.8,838.92,1557.52,376.3,188.0
2018-05-15,548.77,1048.82,1890.25,435.43,216.0
2018-05-16,163.04,491.74,741.42,530.03,295.0
2018-05-17,226.88,561.05,908.98,495.55,165.0
2018-05-18,566.15,1033.28,1901.62,522.15,231.0
2018-05-19,459.8,945.05,1650.48,612.85,374.0
2018-05-20,205.23,681.6,996.05,608.35,347.0
2018-05-21,469.15,1178.42,1897.68,808.28,623.0
2018-05-22,318.55,712.1,1200.38,728.05,415.0
2018-05-23,228.15,547.38,897.35,705.12,437.0
2018-05-24,957.12,1226.08,2693.68,976.25,608.0
2018-05-25,1148.05,1558.8,3319.02,966.75,599.0
2018-05-26,131.5,632.78,834.27,1033.65,884.63
2018-05-27,341.98,915.32,1439.75,785.85,844.88
2018-05-28,226.15,630.58,977.52,710.95,773.52
2018-05-29,259.6,709.68,1107.87,673.78,702.16
2018-05-30,763.06,1146.64,2316.62,580.0,630.8
2018-05-31,448.95,1024.85,1713.2,829.8,689.01
2018-06-01,993.2,1320.15,2843.12,645.15,422.0
2018-06-02,671.88,924.0,1954.05,347.8,99.0
2018-06-03,317.75,782.0,1269.03,322.1,141.0
2018-06-04,198.38,589.83,893.88,482.22,297.0
2018-06-05,212.05,513.17,838.4,392.35,99.0
2018-06-06,259.85,716.85,1115.2,617.67,215.0
2018-06-07,393.02,909.5,1512.1,551.67,216.0
2018-06-08,334.8,836.88,1350.4,567.15,211.0
2018-06-09,211.72,616.77,941.58,544.65,259.0
2018-06-10,117.68,441.98,622.58,473.6,236.0
2018-06-11,278.91,645.1,1072.67,380.73,164.0
2018-06-12,296.83,678.58,1133.76,400.34,140.0
2018-06-13,1050.47,1232.2,2842.95,424.9,123.0
2018-06-14,707.65,900.88,1986.17,477.9,156.5
2018-06-15,1101.45,1313.28,3002.22,475.0,144.0
2018-06-16,604.38,768.65,1695.55,385.75,101.0
2018-06-17,412.88,571.8,1205.23,289.2,39.0
2018-06-18,643.02,735.42,1721.1,350.68,105.0
2018-06-19,788.38,709.4,1918.5,262.05,51.0
2018-06-20,870.54,735.07,2070.23,286.1,108.0
2018-06-21,567.18,808.5,1677.89,309.35,134.0
2018-06-22,669.05,862.92,1888.45,411.02,166.5
2018-06-23,700.7,984.85,2059.5,469.45,192.0
2018-06-24,318.15,903.32,1391.12,457.4,236.0
2018-06-25,679.5,1384.7,2426.43,587.97,270.0
2018-06-26,423.32,965.8,1614.83,438.8,203.0
2018-06-27,239.78,600.6,968.5,502.55,212.0
2018-06-28,202.88,615.45,926.7,570.8,307.0
2018-06-29,232.55,621.97,978.59,475.62,228.5
2018-06-30,148.22,474.05,701.08,460.2,248.0
2018-07-01,111.32,656.32,826.75,557.85,292.0
2018-07-02,212.52,691.22,1016.95,464.55,156.0
2018-07-03,184.7,539.58,823.08,405.5,137.0
2018-07-04,528.88,1133.65,1944.45,609.15,254.0
2018-07-05,838.22,1568.4,2853.8,772.75,444.0
2018-07-06,732.23,1505.08,2627.77,715.18,415.0
2018-07-07,568.75,1344.38,2216.15,690.2,459.89
2018-07-08,206.05,824.62,1140.03,534.55,348.0
2018-07-09,654.81,1077.26,2081.28,518.05,244.11
2018-07-10,256.05,470.68,863.02,340.9,148.0
2018-07-11,259.55,573.0,970.82,432.55,260.0
2018-07-12,547.19,1100.72,1939.66,611.5,335.0
2018-07-13,510.6,1116.22,1898.98,607.65,371.0
2018-07-14,617.5,1292.15,2239.12,495.2,246.0
2018-07-15,392.6,989.25,1591.32,434.55,239.0
2018-07-16,716.55,1173.08,2271.95,442.25,195.0
2018-07-17,748.58,882.32,2030.18,370.65,144.0
2018-07-18,1029.52,1328.55,2907.0,417.8,167.0
2018-07-19,914.93,1450.4,2853.38,479.7,184.0
2018-07-20,878.0,1616.7,2963.23,527.45,248.0
2018-07-21,615.83,1228.32,2172.68,515.35,359.0
2018-07-22,461.8,910.22,1618.2,397.4,249.0
2018-07-23,911.76,1325.01,2723.32,441.85,211.0
2018-07-24,871.88,1207.77,2544.93,493.15,202.0
2018-07-25,718.1,1412.0,2512.95,469.65,216.0
2018-07-26,787.2,1732.02,2938.88,710.8,424.0
2018-07-27,917.05,1472.98,2879.3,634.7,335.0
2018-07-28,417.25,491.63,1131.45,476.25,160.0
2018-07-29,343.6,432.82,960.08,303.95,98.0
2018-07-30,747.52,707.72,1853.75,409.5,158.0
2018-07-31,900.05,1028.47,2408.63,426.45,161.0
2018-08-01,952.28,1148.15,2608.48,432.1,150.0
2018-08-02,964.38,1292.45,2771.35,433.0,156.0
2018-08-03,818.3,1468.45,2723.15,535.9,192.0
2018-08-04,328.78,701.1,1205.3,313.95,131.0
2018-08-05,287.82,750.55,1191.48,347.0,155.0
2018-08-06,793.3,1556.55,2772.7,530.55,236.0
2018-08-07,829.68,1461.62,2733.78,572.0,254.0
2018-08-08,689.75,901.9,1959.25,379.82,134.0
2018-08-09,1503.28,1363.95,3669.35,471.9,232.0
2018-08-10,894.28,934.02,2305.0,363.2,129.0
2018-08-11,868.22,1138.12,2469.45,368.38,155.0
2018-08-12,436.25,684.3,1353.5,335.8,157.0
2018-08-13,932.7,990.27,2420.18,427.72,187.0
2018-08-14,943.18,1039.25,2485.4,360.15,159.0
2018-08-15,717.4,776.85,1876.88,402.2,188.0
2018-08-16,1037.95,974.38,2565.82,439.7,201.0
2018-08-17,1180.2,1017.27,2826.75,475.05,189.0
2018-08-18,600.25,666.35,1586.82,394.8,182.0
2018-08-19,351.0,422.28,960.6,358.05,183.0
2018-08-20,919.92,897.6,2308.02,383.4,182.0
2018-08-21,963.54,1116.18,2593.69,390.18,178.0
2018-08-22,1000.55,935.05,2469.32,424.28,214.0
2018-08-23,926.38,875.85,2296.03,340.9,170.0
2018-08-24,800.75,800.92,2028.68,286.6,101.0
2018-08-25,840.75,957.65,2246.83,348.7,212.0
2018-08-26,480.1,731.45,1467.85,268.1,138.0
2018-08-27,424.72,509.0,1160.32,296.15,119.0
2018-08-28,1291.68,1361.08,3342.15,400.0,187.0
2018-08-29,1030.4,1226.88,2806.92,417.6,235.0
2018-08-30,947.48,1138.57,2591.12,469.1,248.0
2018-08-31,1167.5,1428.6,3218.7,561.25,282.0
2018-09-01,1033.45,1483.45,3068.1,535.05,271.0
2018-09-02,369.65,1009.52,1576.45,529.9,303.0
2018-09-03,749.1,1302.27,2450.95,638.95,349.0
2018-09-04,354.88,752.12,1296.08,497.9,307.0
2018-09-05,336.65,720.75,1236.9,444.45,228.0
2018-09-06,1454.17,1323.2,3552.68,529.7,276.0
2018-09-07,1359.79,1273.21,3358.09,378.8,166.0
2018-09-08,759.58,975.3,2139.7,303.4,128.0
2018-09-09,378.75,643.3,1224.15,354.7,163.0
2018-09-10,845.95,869.48,2166.8,394.9,137.0
2018-09-11,749.22,763.7,1912.68,441.25,186.0
2018-09-12,728.15,936.05,2052.5,328.7,133.0
2018-09-13,2035.65,1578.12,4699.62,488.0,245.0
2018-09-14,1153.0,1202.97,2970.6,369.8,126.0
2018-09-15,996.9,1126.98,2655.68,439.95,159.0
2018-09-16,454.93,788.62,1486.02,367.95,148.0
2018-09-17,916.25,1360.32,2765.1,484.0,193.0
2018-09-18,759.1,848.72,2012.52,476.05,152.0
2018-09-19,653.49,698.71,1700.25,569.83,232.5
2018-09-20,648.18,708.08,1702.12,579.35,218.0
2018-09-21,741.88,769.38,1906.88,365.92,96.0
2018-09-22,962.82,1098.53,2574.82,343.78,160.0
2018-09-23,473.18,814.9,1540.62,243.2,166.0
2018-09-24,1721.12,1443.82,4082.55,401.25,225.0
2018-09-25,1991.22,1750.28,4803.38,549.3,278.0
2018-09-26,1991.57,1791.83,4845.72,681.6,309.0
2018-09-27,1823.08,1903.65,4698.8,720.35,450.0
2018-09-28,306.0,663.47,1132.53,368.42,163.0
2018-09-29,1463.88,1510.65,3755.33,552.4,297.0
2018-09-30,628.87,967.72,1931.43,369.15,245.0
2018-10-01,1121.65,1111.07,2830.88,377.58,181.0
2018-10-02,2014.95,1381.92,4471.23,402.25,150.0
2018-10-03,2424.6,1505.8,5223.02,439.1,272.0
2018-10-04,2317.96,1511.84,5066.2,493.65,280.5
2018-10-05,1377.15,1474.32,3586.18,715.55,449.0
2018-10-06,379.27,681.55,1262.8,387.8,292.0
2018-10-07,736.28,987.75,2116.68,342.55,192.0
2018-10-08,1140.37,1259.42,3008.42,437.05,223.0
2018-10-09,1654.02,1699.75,4235.85,565.15,312.0
2018-10-10,1059.73,1454.88,3080.03,865.2,695.0
2018-10-11,863.7,1112.53,2436.93,535.3,314.0
2018-10-12,663.68,954.23,1972.05,499.55,265.0
2018-10-13,615.5,897.65,1841.28,403.05,247.0
2018-10-14,220.88,530.1,868.85,182.8,180.0
2018-10-15,547.0,993.18,1832.02,397.8,457.0
2018-10-16,1297.69,1254.67,3244.51,626.78,420.5
2018-10-17,1745.55,1682.65,4359.12,444.8,315.0
2018-10-18,394.12,888.95,1493.12,384.9,286.0
2018-10-19,2600.75,1821.85,5809.62,699.65,443.0
2018-10-20,1978.3,1681.75,4715.53,790.45,553.0
2018-10-21,890.03,1077.18,2441.85,496.05,408.0
2018-10-22,928.9,1062.6,2486.62,441.85,269.0
2018-10-23,1266.42,1335.65,3277.55,536.7,311.0
2018-10-24,1669.85,1451.12,4011.6,627.45,356.0
2018-10-25,1637.08,1510.72,4020.85,547.75,341.0
2018-10-26,1162.62,1312.55,3095.35,336.75,190.0
2018-10-27,545.15,810.75,1646.82,188.0,151.0
2018-10-28,155.12,515.45,753.25,155.75,130.0
2018-10-29,843.2,1020.6,2313.32,206.7,122.0
2018-10-30,1203.21,1154.66,2999.45,409.8,225.0
2018-10-31,1586.98,1540.85,3974.35,555.9,298.0
2018-11-01,2630.7,1762.5,5796.68,464.55,354.0
2018-11-02,2794.2,2018.5,6302.98,733.55,435.0
2018-11-03,992.0,1336.15,2857.4,563.65,310.0
2018-11-04,721.88,1030.6,2137.22,611.35,433.0
2018-11-05,1603.7,1317.72,3776.7,956.05,715.0
2018-11-06,1531.98,1302.88,3651.7,695.05,481.0
2018-11-07,1057.12,976.92,2597.88,301.5,230.0
2018-11-08,1150.3,1333.2,3096.88,548.45,263.0
2018-11-09,910.95,1043.35,2439.85,451.3,262.0
2018-11-10,1141.87,1298.08,3048.95,456.25,261.0
2018-11-11,614.3,891.5,1833.63,345.45,216.0
2018-11-12,1407.0,1446.22,3603.47,406.05,271.0
2018-11-13,1152.2,1237.53,3004.15,545.1,284.0
2018-11-14,1644.35,1647.75,4169.02,609.3,337.0
2018-11-15,1902.48,1427.46,4344.58,836.35,564.5
2018-11-16,797.1,923.05,2145.4,397.25,290.0
2018-11-17,508.1,1043.32,1822.38,591.6,479.0
2018-11-18,270.9,863.38,1278.8,506.5,333.0
2018-11-19,255.72,616.25,1008.35,225.7,109.0
2018-11-20,447.28,933.95,1619.72,348.5,283.0
2018-11-21,1659.85,1544.6,4089.87,607.53,506.0
2018-11-22,4668.06,1988.12,9146.05,1219.65,1083.5
2018-11-23,2251.27,1412.19,4864.41,956.2,829.0
2018-11-24,1529.55,1244.73,3590.06,784.7,628.0
2018-11-25,1100.45,944.62,2631.81,542.9,430.0
2018-11-26,1479.81,1272.31,3541.24,499.98,277.0
2018-11-27,1399.81,1211.25,3357.06,436.35,290.0
2018-11-28,635.82,770.38,1745.17,313.1,160.0
2018-11-29,589.3,811.42,1715.28,383.0,156.0
2018-11-30,995.18,1098.52,2624.5,500.1,162.0
2018-12-01,693.05,940.7,2003.32,254.02,87.0
2018-12-02,261.3,370.0,770.75,155.25,83.0
2018-12-03,703.87,933.85,2012.95,432.25,185.0
2018-12-04,2531.0,1866.32,5747.2,710.3,241.0
2018-12-05,1189.88,1180.28,3004.92,306.7,184.0
2018-12-06,708.85,808.75,1895.62,309.3,146.0
2018-12-07,566.62,670.2,1538.83,226.35,91.0
2018-12-08,344.03,463.28,990.85,362.5,153.0
2018-12-09,438.5,680.18,1352.82,263.15,128.0
2018-12-10,1595.35,1577.22,4023.25,555.7,233.0
2018-12-11,2798.1,1901.02,6191.3,858.7,451.0
2018-12-12,916.03,1319.9,2724.18,602.53,347.5
2018-12-13,889.95,1169.8,2534.22,536.1,373.0
2018-12-14,2617.62,1903.48,5917.38,897.6,526.0
2018-12-15,718.85,913.0,2015.43,514.1,316.0
2018-12-16,906.58,1225.35,2615.57,339.95,128.0
2018-12-17,1187.35,1347.15,3167.75,439.1,177.0
2018-12-18,719.88,958.42,2061.91,413.9,181.5
2018-12-19,1153.05,1515.02,3283.12,298.2,118.0
2018-12-20,771.72,1007.88,2191.08,399.35,128.0
2018-12-21,509.7,676.88,1458.52,463.9,187.0
2018-12-22,615.35,832.32,1776.07,452.4,184.0
2018-12-23,417.78,751.53,1392.02,236.7,142.0
2018-12-24,2068.82,1566.98,4739.35,638.3,432.0
2018-12-25,1235.12,1167.85,3061.73,570.3,379.0
2018-12-26,966.88,1191.22,2673.85,581.6,368.0
2018-12-27,3393.03,1845.05,7047.67,1038.3,815.0
2018-12-28,1911.45,1560.7,4491.4,781.5,537.5
2018-12-29,644.95,852.22,1841.12,384.65,205.0
2018-12-30,513.0,811.82,1598.45,303.95,217.0
2018-12-31,796.85,1043.8,2265.18,343.75,196.0
2019-01-01,292.95,629.35,1078.62,341.8,177.19
2019-01-02,382.35,1089.9,1676.49,367.95,199.81
2019-01-03,741.05,1398.85,2535.3,389.3,204.0
2019-01-04,1746.57,1912.83,4590.75,962.75,644.0
2019-01-05,814.92,1416.5,2666.32,718.45,505.0
2019-01-06,774.75,1284.1,2471.85,668.7,375.0
2019-01-07,585.67,906.6,1804.82,470.78,228.0
2019-01-08,893.73,1253.48,2623.6,596.05,209.0
2019-01-09,709.92,1191.78,2280.6,463.35,168.0
2019-01-10,2270.6,1911.32,5392.72,916.65,656.0
2019-01-11,2410.07,1871.0,5566.28,761.85,501.0
2019-01-12,527.6,687.98,1496.55,284.95,99.0
2019-01-13,273.62,411.92,831.35,286.55,88.0
2019-01-14,1022.96,1255.78,2824.29,555.65,296.5
2019-01-15,732.73,895.35,2018.53,358.92,113.0
2019-01-16,552.92,739.18,1586.84,280.1,131.0
2019-01-17,1402.17,1458.89,3608.81,564.65,256.0
2019-01-18,1823.35,1737.6,4533.52,760.25,258.0
2019-01-19,728.45,1011.4,2128.33,555.3,279.0
2019-01-20,1268.65,1462.72,3407.95,844.2,647.0
2019-01-21,2878.61,1833.38,6247.01,1140.25,879.5
2019-01-22,1490.42,1641.62,3927.05,404.0,216.0
2019-01-23,1786.65,1654.9,4394.58,559.9,343.0
2019-01-24,3338.1,2248.22,7366.62,834.3,709.0
2019-01-25,1431.2,1509.32,3703.48,499.05,367.0
2019-01-26,413.65,576.32,1210.5,236.65,86.0
2019-01-27,295.25,435.83,888.45,301.95,120.0
2019-01-28,1425.9,1560.7,3747.12,567.4,189.0
2019-01-29,1685.7,1808.32,4393.05,668.75,232.0
2019-01-30,2691.18,2000.65,6127.02,501.5,304.0
2019-01-31,1822.68,1527.4,4322.02,544.9,391.0
2019-02-01,351.67,952.78,1492.0,390.7,301.0
2019-02-02,657.02,1031.82,2039.18,483.7,277.0
2019-02-03,881.85,1248.1,2600.23,448.2,185.0
2019-02-04,934.2,1111.75,2544.43,313.05,161.0
2019-02-05,1398.7,1429.68,3574.58,388.4,216.0
2019-02-06,1401.31,1473.79,3622.0,385.37,138.5
2019-02-07,528.38,680.75,1490.55,376.2,118.0
2019-02-08,495.0,627.85,1386.82,318.05,106.0
2019-02-09,448.0,593.95,1280.8,355.2,123.0
2019-02-10,421.05,721.88,1367.3,140.15,60.0
2019-02-11,2100.35,1824.58,5045.1,591.0,212.0
2019-02-12,1347.93,1412.72,3479.6,581.45,231.0
2019-02-13,1623.22,1622.88,4111.52,769.65,336.0
2019-02-14,2873.75,2139.3,6545.6,1062.1,591.0
2019-02-15,2473.85,2164.68,5958.0,1170.8,728.0
2019-02-16,1054.1,1376.8,2993.2,941.7,662.0
2019-02-17,679.16,1130.7,2172.03,803.4,446.0
2019-02-18,1198.1,1404.07,3241.2,516.85,225.0
2019-02-19,801.08,1036.25,2264.5,536.85,153.0
2019-02-20,913.48,1190.68,2591.4,600.15,254.0
2019-02-21,917.24,1251.94,2658.4,702.97,329.0
2019-02-22,1433.62,1541.35,3739.32,721.55,405.0
2019-02-23,1462.45,1613.28,3855.85,942.55,642.0
2019-02-24,1412.65,1541.23,3707.42,972.25,790.0
2019-02-25,2578.4,2176.45,6129.82,1156.7,801.0
2019-02-26,3177.45,2455.32,7327.55,1238.5,701.0
2019-02-27,3512.53,2402.93,7788.88,1540.35,1022.0
2019-02-28,755.15,1145.82,2303.75,747.65,514.0
2019-03-01,1295.9,1478.9,3465.7,866.95,463.0
2019-03-02,527.02,740.15,1548.5,453.6,187.0
2019-03-03,212.18,339.8,665.35,294.3,120.0
2019-03-04,550.95,717.22,1562.07,277.5,76.0
2019-03-05,739.75,954.62,2088.95,384.45,136.0
2019-03-06,782.55,925.88,2125.7,448.35,201.0
2019-03-07,351.05,487.08,1024.97,278.85,120.0
2019-03-08,921.48,1053.79,2466.61,417.45,136.0
2019-03-09,666.82,771.05,1793.47,565.1,200.0
2019-03-10,373.95,525.38,1098.88,349.45,105.0
2019-03-11,1272.63,1061.07,3012.3,416.52,84.0
2019-03-12,877.2,824.5,2169.32,233.0,83.0
2019-03-13,752.1,703.45,1856.22,438.68,151.0
2019-03-14,399.98,639.12,1252.32,339.95,108.0
2019-03-15,363.18,494.82,1052.05,204.2,74.0
2019-03-16,237.88,328.55,693.38,316.65,124.0
2019-03-17,345.02,543.15,1072.28,186.53,83.0
2019-03-18,1099.53,1446.28,3132.35,483.8,178.0
2019-03-19,1006.62,1221.12,2764.32,520.1,273.0
2019-03-20,783.15,1017.48,2218.29,442.68,245.0
2019-03-21,1169.32,1264.78,3057.73,482.35,230.0
2019-03-22,992.58,1194.0,2715.75,472.55,330.0
2019-03-23,321.88,841.92,1335.35,455.8,322.0
2019-03-24,621.88,1170.8,2124.48,479.5,335.0
2019-03-25,419.72,930.68,1574.15,400.4,150.0
2019-03-26,1222.4,1670.6,3545.0,716.65,365.0
2019-03-27,1248.03,1752.88,3666.48,676.9,338.0
2019-03-28,1186.5,1711.78,3531.08,779.0,436.0
2019-03-29,1377.35,1869.32,3981.25,928.95,632.0
2019-03-30,975.87,1444.28,2940.35,1154.95,911.0
2019-03-31,86.45,460.0,592.25,789.8,574.0
2019-04-01,263.32,759.65,1163.38,573.7,220.0
2019-04-02,1070.62,1305.72,2947.38,689.35,415.0
2019-04-03,1462.45,1637.92,3880.42,551.6,317.0
2019-04-04,690.3,1012.6,2071.15,359.08,146.0
2019-04-05,427.5,884.53,1540.1,522.85,265.0
2019-04-06,153.1,643.35,877.98,538.25,392.0
2019-04-07,267.68,675.85,1086.38,1173.95,1036.0
2019-04-08,1154.68,1582.28,3352.38,1408.55,1057.0
2019-04-09,284.1,939.42,1374.88,1793.45,761.0
2019-04-10,171.6,534.0,797.3,482.5,238.0
2019-04-11,369.72,882.8,1450.0,427.3,225.0
2019-04-12,711.32,1130.18,2220.75,500.45,277.0
2019-04-13,326.8,938.3,1439.52,410.0,265.0
2019-04-14,255.1,809.45,1200.6,539.85,384.0
2019-04-15,328.72,997.98,1502.02,996.7,730.0
2019-04-16,1191.33,1933.18,3759.85,1513.65,1133.0
2019-04-17,874.25,1418.61,2758.79,1398.15,1081.0
2019-04-18,368.8,1269.03,1834.45,1334.05,1079.0
2019-04-19,406.33,1375.65,1998.58,978.05,739.0
2019-04-20,333.2,1199.5,1710.28,869.8,656.0
2019-04-21,201.82,1149.82,1459.45,951.55,710.0
2019-04-22,240.2,1330.3,1698.55,1275.6,1069.0
2019-04-23,375.48,1554.73,2130.18,1194.55,836.0
2019-04-24,729.9,1264.25,2383.55,859.1,480.0
2019-04-25,769.2,1209.73,2389.12,3173.51,132.0
2019-04-26,809.08,1152.38,2392.7,477.14,155.0
2019-04-27,429.8,576.42,1235.47,400.1,133.0
2019-04-28,233.68,583.5,941.85,312.5,127.0
2019-04-29,430.58,1069.12,1729.15,461.2,308.0
2019-04-30,620.72,1217.1,2168.98,619.1,381.0
2019-05-01,973.78,1484.82,2977.65,625.85,334.0
2019-05-02,915.46,1235.04,2638.81,415.72,174.5
2019-05-03,1001.08,1234.25,2769.12,477.05,245.0
2019-05-04,255.67,523.0,914.92,293.9,92.0
2019-05-05,406.75,833.8,1457.85,452.2,173.0
2019-05-06,497.25,918.13,1680.5,327.45,137.0
2019-05-07,1288.2,1583.55,3558.88,513.35,201.0
2019-05-08,835.48,1129.12,2409.98,446.0,127.0
2019-05-09,1237.43,1389.15,3286.45,415.2,182.0
2019-05-10,1074.0,1467.38,3114.05,496.3,231.0
2019-05-11,471.08,926.12,1648.8,474.4,324.0
2019-05-12,399.6,837.35,1450.28,340.65,150.0
2019-05-13,496.5,918.48,1679.85,343.05,105.0
2019-05-14,337.38,779.72,1297.05,393.25,164.0
2019-05-15,338.55,969.03,1488.12,618.35,320.0
2019-05-16,274.08,766.05,1186.52,510.65,249.0
2019-05-17,236.94,767.3,1130.25,539.95,259.0
2019-05-18,712.8,1361.55,2454.45,658.05,454.0
2019-05-19,783.82,1435.65,2637.53,705.95,489.0
2019-05-20,745.72,1385.78,2529.05,588.95,387.0
2019-05-21,652.35,1215.18,2215.82,426.3,199.0
2019-05-22,815.08,1426.9,2676.7,427.7,174.0
2019-05-23,1028.62,1507.48,3084.83,869.05,187.0
2019-05-24,838.98,1343.8,2629.98,621.05,249.0
2019-05-25,550.65,927.95,1772.6,553.75,203.0
2019-05-26,281.6,444.28,876.0,457.7,197.0
2019-05-27,316.05,538.48,1023.2,294.4,201.0
2019-05-28,671.91,921.58,1952.06,270.48,178.0
2019-05-29,851.31,1033.09,2338.5,352.05,248.0
2019-05-30,588.9,675.0,1577.72,379.3,257.0
2019-05-31,829.28,861.82,2133.5,286.25,210.0
2019-06-01,680.92,1054.15,2097.78,329.35,257.0
2019-06-02,274.25,580.62,1001.0,311.9,263.0
2019-06-03,528.17,725.53,1535.3,392.7,248.0
2019-06-04,639.0,1022.4,2001.95,410.0,290.0
2019-06-05,784.53,954.25,2157.05,346.8,264.0
2019-06-06,737.85,987.75,2119.12,311.55,200.0
2019-06-07,498.57,961.21,1725.68,388.88,288.0
2019-06-08,413.17,453.25,1086.93,376.35,218.0
2019-06-09,460.65,717.12,1423.48,374.08,197.0
2019-06-10,696.35,1048.5,2116.33,368.06,208.0
2019-06-11,711.39,885.84,1976.45,377.91,217.5
2019-06-12,519.4,974.72,1771.45,356.01,232.0
2019-06-13,743.55,965.03,2105.03,411.74,278.0
2019-06-14,757.88,1044.18,2206.08,434.72,259.0
2019-06-15,615.3,962.95,1906.43,397.95,242.0
2019-06-16,342.58,516.62,1041.78,388.68,258.0
2019-06-17,625.48,909.72,1868.6,429.65,267.0
2019-06-18,743.98,1241.97,2382.57,454.63,338.0
2019-06-19,857.3,1180.93,2495.38,545.61,440.0
2019-06-20,661.42,841.72,1855.55,406.84,261.0
2019-06-21,863.75,1109.07,2433.68,423.32,221.0
2019-06-22,505.3,983.28,1758.15,398.05,252.0
2019-06-23,135.18,745.42,952.62,639.03,595.0
2019-06-24,913.15,1482.42,2882.62,627.25,559.0
2019-06-25,429.85,973.18,1632.35,539.48,480.0
2019-06-26,124.52,367.67,558.8,448.96,344.0
2019-06-27,156.54,340.01,580.21,474.19,251.5
2019-06-28,188.5,488.2,777.1,564.42,244.0
2019-06-29,409.12,1222.65,1849.83,555.9,403.0
2019-06-30,294.8,479.8,931.95,441.12,192.0
2019-07-01,605.35,809.15,1737.3,396.85,127.0
2019-07-02,439.6,689.47,1363.7,451.96,164.0
2019-07-03,331.28,734.5,1242.08,445.31,186.0
2019-07-04,655.02,1221.75,2225.88,468.04,182.0
2019-07-05,683.15,1336.45,2383.75,571.89,247.0
2019-07-06,316.35,628.45,1113.47,440.99,172.0
2019-07-07,315.05,574.67,1057.65,443.85,165.5
2019-07-08,627.4,1064.93,2026.55,453.58,163.0
2019-07-09,769.58,1276.18,2456.48,547.8,199.0
2019-07-10,682.25,1049.65,2095.65,548.53,274.5
2019-07-11,975.44,1263.1,2758.42,458.39,203.5
2019-07-12,572.15,807.05,1684.42,410.74,139.5
2019-07-13,279.33,564.42,992.87,388.59,143.0
2019-07-14,137.38,392.35,603.03,375.7,141.0
2019-07-15,269.1,574.05,986.87,358.8,90.5
2019-07-16,668.16,1139.81,2164.44,481.28,210.0
2019-07-17,660.08,1192.25,2204.48,532.51,277.0
2019-07-18,750.92,959.95,2111.28,464.73,208.0
2019-07-19,883.29,1040.05,2394.24,445.21,180.0
2019-07-20,468.4,606.6,1324.72,369.94,100.0
2019-07-21,378.22,530.5,1110.68,392.17,147.0
2019-07-22,587.5,710.55,1611.38,489.9,225.0
2019-07-23,487.62,1084.25,1831.75,576.63,273.0
2019-07-24,633.98,1215.68,2187.45,536.1,270.0
2019-07-25,610.64,1746.08,2682.38,631.58,335.0
2019-07-26,918.96,1320.83,2729.89,588.44,272.5
2019-07-27,644.82,937.0,1925.72,409.79,181.0
2019-07-28,343.8,553.53,1080.55,398.77,170.0
2019-07-29,679.9,1125.6,2168.05,437.75,156.0
2019-07-30,470.95,775.52,1497.48,535.47,202.5
2019-07-31,514.05,686.58,1474.68,448.45,197.08
2019-08-01,712.42,1108.7,2200.92,472.93,176.7
2019-08-02,290.98,746.58,1192.55,492.41,195.72
2019-08-03,455.55,1006.53,1704.88,432.89,186.0
2019-08-04,352.18,857.23,1397.18,446.12,202.0
2019-08-05,623.05,863.0,1818.25,471.59,184.0
2019-08-06,531.92,688.38,1503.92,570.32,387.0
2019-08-07,571.24,739.42,1615.44,456.8,141.0
2019-08-08,735.3,1010.97,2138.42,439.78,148.0
2019-08-09,369.83,600.88,1168.03,494.26,226.0
2019-08-10,242.27,332.44,704.05,609.99,295.0
2019-08-11,274.85,433.38,854.68,510.46,213.0
2019-08-12,955.25,1145.08,2609.65,449.44,220.0
2019-08-13,695.2,933.8,1999.68,418.92,165.0
2019-08-14,760.65,1028.65,2195.15,425.15,202.0
2019-08-15,512.25,731.85,1517.3,448.63,198.0
2019-08-16,706.95,863.2,1947.05,473.61,232.0
2019-08-17,399.22,541.95,1154.05,474.84,250.0
2019-08-18,315.87,461.22,945.65,461.56,224.0
2019-08-19,492.86,678.01,1433.71,495.29,180.0
2019-08-20,430.27,804.86,1465.09,482.27,201.0
2019-08-21,606.27,1035.7,1965.57,540.25,265.0
2019-08-22,582.36,957.87,1850.89,476.48,188.0
2019-08-23,694.02,1122.59,2186.55,476.21,219.0
2019-08-24,447.99,1234.58,1921.67,589.43,547.0
2019-08-25,349.6,1231.43,1767.49,611.91,729.0
2019-08-26,332.72,1177.18,1687.31,553.39,487.0
2019-08-27,482.2,1406.73,2146.31,637.74,518.5
2019-08-28,490.92,834.53,1587.05,434.35,179.0
2019-08-29,516.64,806.3,1598.21,431.08,149.0
2019-08-30,632.07,929.41,1898.84,500.8,184.0
2019-08-31,490.28,765.3,1517.3,461.28,208.0
2019-09-01,437.85,744.23,1415.45,396.76,137.0
2019-09-02,695.88,938.12,2004.6,451.49,150.0
2019-09-03,511.66,700.14,1484.83,426.72,98.0
2019-09-04,513.51,689.33,1476.7,394.95,138.0
2019-09-05,663.18,962.25,1979.25,435.17,128.0
2019-09-06,781.91,970.86,2169.7,454.65,157.0
2019-09-07,373.97,671.12,1244.68,411.38,161.0
2019-09-08,524.17,996.22,1800.04,413.86,183.0
2019-09-09,935.28,1410.38,2844.5,433.34,210.0
2019-09-10,1260.32,1231.88,3164.5,479.82,240.0
2019-09-11,524.0,600.32,1403.82,408.79,132.0
2019-09-12,579.5,593.58,1482.3,437.02,149.0
2019-09-13,304.85,680.52,1148.23,423.25,153.0
2019-09-14,653.76,1157.99,2160.89,450.98,249.0
2019-09-15,359.93,872.36,1424.58,416.21,201.0
2019-09-16,580.4,803.1,1693.45,460.19,279.0
2019-09-17,325.39,743.47,1242.77,440.41,168.0
2019-09-18,641.23,966.62,1950.36,503.14,190.0
2019-09-19,751.83,1138.25,2291.12,503.87,193.0
2019-09-20,453.1,998.42,1693.52,540.1,231.0
2019-09-21,361.37,1139.46,1693.83,542.83,303.0
2019-09-22,475.76,936.53,1666.37,438.56,186.0
2019-09-23,645.31,856.39,1846.14,409.03,121.0
2019-09-24,882.8,921.53,2275.53,402.76,135.0
2019-09-25,597.09,773.93,1689.62,377.49,117.0
2019-09-26,560.81,726.82,1586.74,446.22,160.0
2019-09-27,604.83,759.76,1687.43,476.45,168.0
2019-09-28,484.35,665.95,1408.75,420.18,101.0
2019-09-29,375.29,528.29,1103.77,335.9,102.0
2019-09-30,1042.16,1053.16,2651.03,403.13,124.0
2019-10-01,855.43,967.04,2278.81,449.61,164.0
2019-10-02,1071.18,1191.48,2833.92,437.09,161.0
2019-10-03,1469.55,1305.68,3558.94,469.57,229.0
2019-10-04,927.53,1023.02,2445.1,554.8,217.0
2019-10-05,946.78,1185.3,2636.9,468.77,302.0
2019-10-06,345.32,596.43,1125.9,388.5,173.0
2019-10-07,1078.82,936.4,2590.62,413.98,142.0
2019-10-08,589.48,662.53,1566.7,551.46,202.0
2019-10-09,560.9,643.48,1503.08,440.19,114.0
2019-10-10,574.24,647.79,1527.87,492.92,150.0
2019-10-11,472.5,557.09,1281.92,390.4,150.0
2019-10-12,995.02,1217.97,2743.66,352.62,100.0
2019-10-13,412.3,680.58,1312.72,390.85,123.0
2019-10-14,720.3,977.0,2081.75,429.58,153.0
2019-10-15,1211.97,1147.22,3005.35,439.06,153.0
2019-10-16,1099.41,1148.61,2834.65,456.54,128.0
2019-10-17,1276.5,1467.97,3425.02,386.77,46.0
2019-10-18,577.42,782.35,1667.62,453.24,98.0
2019-10-19,760.28,974.6,2140.45,410.47,102.0
2019-10-20,448.57,674.57,1362.22,419.2,179.0
2019-10-21,486.62,824.42,1570.45,424.68,87.0
2019-10-22,1902.68,1519.42,4437.25,509.16,236.0
2019-10-23,1386.58,1339.02,3464.82,545.64,351.0
2019-10-24,1594.78,1354.92,3800.42,545.36,435.0
2019-10-25,731.1,786.1,1907.2,409.84,96.0
2019-10-26,358.08,573.28,1122.55,424.07,137.0
2019-10-27,1148.18,1205.47,2966.05,498.05,327.0
2019-10-28,1299.0,1253.02,3244.6,632.03,551.0
2019-10-29,327.38,966.92,1468.8,406.76,76.0
2019-10-30,338.18,922.88,1441.17,525.48,314.0
2019-10-31,993.1,1186.93,2709.6,691.09,647.0
2019-11-01,906.47,1135.4,2525.25,392.94,181.0
2019-11-02,321.75,417.72,910.94,433.92,140.0
2019-11-03,696.25,895.47,1963.47,440.15,169.0
2019-11-04,1793.1,1601.92,4351.58,439.38,192.0
2019-11-05,786.4,1129.4,2335.05,508.35,244.0
2019-11-06,1508.14,1399.05,3711.55,578.83,337.0
2019-11-07,1062.1,1112.82,2741.45,413.31,113.0
2019-11-08,2098.18,1625.22,4842.4,563.04,311.0
2019-11-09,970.0,1120.85,2608.3,442.02,243.0
2019-11-10,828.38,1009.25,2279.55,511.75,399.0
2019-11-11,669.14,875.31,1901.36,446.47,182.0
2019-11-12,619.4,747.9,1697.9,422.7,97.0
2019-11-13,1221.2,1236.33,3108.7,514.68,168.0
2019-11-14,1143.53,1499.48,3252.88,389.66,134.0
2019-11-15,459.1,904.38,1608.22,488.14,249.0
2019-11-16,1195.38,1160.97,2993.75,487.37,287.0
2019-11-17,2648.92,1557.3,5618.8,708.09,708.0
2019-11-18,1990.75,1591.85,4644.45,575.32,211.0
2019-11-19,2449.43,1726.25,5482.08,612.3,355.0
2019-11-20,777.88,1055.1,2248.12,550.53,261.0
2019-11-21,507.1,822.3,1599.78,625.51,499.0
2019-11-22,742.72,1151.8,2290.9,489.49,164.0
2019-11-23,665.45,1024.42,2044.3,514.96,270.0
2019-11-24,1301.1,1060.73,3055.6,537.44,322.0
2019-11-25,1119.12,1146.53,2862.4,447.92,143.0
2019-11-26,985.77,1246.43,2758.0,464.65,126.0
2019-11-27,1203.57,1401.6,3247.1,448.13,126.0
2019-11-28,1009.45,1109.51,2657.32,501.11,204.0
2019-11-29,2742.1,1819.35,6023.95,649.83,361.0
2019-11-30,1301.8,1521.4,3517.82,559.56,422.0
2019-12-01,375.33,886.65,1462.13,461.54,197.0
2019-12-02,2696.73,1999.98,6135.28,637.52,554.0
2019-12-03,2311.82,1966.25,5511.0,589.0,351.0
2019-12-04,3972.95,2244.9,8336.42,661.23,595.0
2019-12-05,1757.05,1292.22,3986.25,601.46,471.0
2019-12-06,372.45,549.78,1120.65,422.68,154.0
2019-12-07,499.75,693.22,1459.4,493.66,177.0
2019-12-08,219.98,317.2,654.6,495.39,175.0
2019-12-09,918.97,1085.75,2494.85,575.62,230.0
2019-12-10,669.05,855.25,1880.98,510.6,209.0
2019-12-11,1398.89,1432.93,3577.5,465.58,169.5
2019-12-12,1025.21,1285.02,2856.78,445.8,65.0
2019-12-13,628.02,791.0,1753.62,545.03,179.0
2019-12-14,486.35,743.82,1489.92,523.51,188.0
2019-12-15,371.17,595.62,1164.62,487.49,193.0
2019-12-16,1576.38,1765.6,4182.75,492.22,245.0
2019-12-17,1518.68,1761.28,4089.85,463.95,352.0
2019-12-18,1133.59,1425.55,3163.55,463.92,269.5
2019-12-19,754.55,955.85,2112.65,544.4,314.0
2019-12-20,1042.12,1290.22,2888.23,401.38,219.0
2019-12-21,652.55,950.78,1951.45,441.36,198.0
2019-12-22,436.27,655.82,1324.75,466.84,232.0
2019-12-23,833.9,1022.42,2300.85,537.07,225.0
2019-12-24,386.15,620.4,1212.05,528.79,265.0
2019-12-25,863.22,846.55,2170.22,496.02,301.0
2019-12-26,281.58,590.72,1022.55,488.25,248.0
2019-12-27,1563.02,1295.35,3691.5,582.23,419.0
2019-12-28,1188.4,1299.97,3121.92,570.96,457.0
2019-12-29,934.65,1032.95,2466.25,554.44,512.0
2019-12-30,2191.18,1501.02,4860.83,631.91,572.0
2019-12-31,702.08,1045.15,2121.58,672.89,638.0
2020-01-01,1037.23,1295.65,2886.4,781.12,966.0
2020-01-02,596.05,817.15,1731.38,502.35,280.0
2020-01-03,748.76,1083.55,2231.59,513.2,236.5
2020-01-04,690.3,965.58,2023.7,470.56,204.0
2020-01-05,334.3,602.12,1114.72,403.53,131.0
2020-01-06,556.1,774.15,1626.82,485.01,161.0
2020-01-07,618.12,855.32,1802.98,551.74,190.0
2020-01-08,1074.2,1076.85,2723.72,627.22,248.0
2020-01-09,519.05,723.75,1519.62,442.95,139.0
2020-01-10,1225.25,1475.25,3353.85,487.43,225.0
2020-01-11,369.48,568.17,1134.8,515.65,147.0
2020-01-12,316.58,478.85,964.15,429.13,107.0
2020-01-13,606.65,848.0,1778.12,487.86,118.0
2020-01-14,558.42,681.4,1537.88,486.59,107.0
2020-01-15,797.73,1022.25,2245.78,467.07,144.0
2020-01-16,722.97,962.95,2071.38,484.05,146.0
2020-01-17,698.79,985.08,2056.28,452.27,135.0
2020-01-18,1873.33,1700.83,4573.2,589.0,284.0
2020-01-19,1988.88,1812.4,4861.88,621.98,464.0
2020-01-20,3006.8,2101.15,6711.48,769.96,612.0
2020-01-21,3712.28,2189.35,7881.6,720.19,711.0
2020-01-22,2739.42,1840.42,6041.35,731.17,748.0
2020-01-23,944.95,1415.48,2864.02,541.89,433.0
2020-01-24,1777.78,1599.98,4325.62,550.12,371.0
2020-01-25,1162.08,1231.82,3013.88,635.35,568.0
2020-01-26,467.45,738.42,1455.32,575.33,313.0
2020-01-27,857.22,1074.48,2388.8,442.81,95.0
2020-01-28,438.2,694.85,1366.75,436.29,119.0
2020-01-29,484.57,714.2,1457.18,547.27,136.0
2020-01-30,667.25,895.3,1918.22,438.49,102.0
2020-01-31,471.17,629.67,1351.98,386.72,51.0
2020-02-01,293.4,427.62,877.25,512.45,161.0
2020-02-02,249.8,456.5,839.4,567.43,189.0
2020-02-03,524.2,761.15,1565.17,588.41,178.0
2020-02-04,696.35,1027.57,2095.52,540.64,169.0
2020-02-05,2379.9,1938.78,5588.35,719.36,412.0
2020-02-06,2656.45,2075.28,6148.35,688.59,428.0
2020-02-07,1338.72,1501.5,3554.3,684.82,496.0
2020-02-08,623.8,887.62,1844.05,572.05,191.0
2020-02-09,124.98,185.95,377.75,531.53,110.0
2020-02-10,329.7,447.8,953.38,480.51,171.0
2020-02-11,374.43,517.95,1091.82,543.48,166.0
2020-02-12,723.1,972.01,2080.51,476.46,83.5
2020-02-13,750.18,1107.9,2258.23,418.94,108.0
2020-02-14,1027.08,1130.0,2705.0,581.92,213.0
2020-02-15,289.84,383.26,827.48,434.27,93.0
2020-02-16,204.3,321.98,635.4,389.88,102.0
2020-02-17,396.82,584.67,1193.15,506.85,154.0
2020-02-18,491.9,682.53,1436.82,455.33,130.0
2020-02-19,591.67,844.15,1751.38,471.06,132.0
2020-02-20,436.77,713.05,1382.78,401.04,75.0
2020-02-21,336.65,516.88,1033.03,537.02,148.0
2020-02-22,265.08,391.45,797.78,518.5,156.0
2020-02-23,375.3,638.83,1214.3,451.22,84.0
2020-02-24,327.25,488.68,990.35,390.45,53.0
2020-02-25,538.62,686.62,1512.22,430.43,64.0
2020-02-26,747.36,984.95,2130.79,469.91,91.0
2020-02-27,820.1,1272.05,2529.78,461.64,110.0
2020-02-28,689.18,1015.37,2071.62,434.87,102.0
2020-02-29,374.55,500.42,1074.72,514.09,183.0
2020-03-01,300.98,462.68,924.3,435.57,88.0
2020-03-02,665.78,1043.65,2064.22,469.3,128.0
2020-03-03,1027.95,1278.15,2854.3,540.03,155.0
2020-03-04,1019.68,1428.52,2991.92,509.76,181.0
2020-03-05,234.5,698.6,1058.07,513.74,217.0
2020-03-06,1600.38,1731.88,4185.95,676.96,361.0
2020-03-07,483.27,831.22,1572.32,573.44,227.0
2020-03-08,253.65,408.05,797.02,449.92,153.0
2020-03-09,608.9,757.1,1690.7,504.15,144.0
2020-03-10,340.05,441.75,963.1,422.63,51.0
2020-03-11,414.29,561.96,1197.49,446.86,84.0
2020-03-12,366.18,470.68,1032.03,501.83,148.0
2020-03-13,764.45,987.5,2159.62,551.06,153.0
2020-03-14,567.02,873.18,1742.5,495.04,119.0
2020-03-15,368.05,683.6,1247.82,451.02,147.0
2020-03-16,1075.9,1413.88,3063.42,571.5,210.0
2020-03-17,474.8,761.28,1489.5,557.73,143.0
2020-03-18,446.08,613.0,1296.75,534.2,187.0
2020-03-19,269.12,702.88,1115.65,544.43,246.0
2020-03-20,146.85,421.22,646.3,477.41,100.0
2020-03-21,172.05,473.42,737.2,557.14,152.0
2020-03-22,134.3,505.18,711.3,523.87,205.0
2020-03-23,468.48,1091.18,1809.7,531.6,277.0
2020-03-24,662.7,1294.75,2310.85,561.08,283.0
2020-03-25,582.28,1253.35,2146.2,634.3,409.0
2020-03-26,353.88,960.3,1502.93,742.53,604.0
2020-03-27,211.2,644.15,967.25,736.26,636.0
2020-03-28,55.85,254.37,339.93,572.74,320.0
2020-03-29,54.85,158.1,242.0,460.72,123.0
2020-03-30,246.18,539.88,917.47,473.95,96.0
2020-03-31,186.58,609.28,895.54,512.42,150.0
2020-04-01,772.22,1210.42,2394.55,556.15,200.0
2020-04-02,389.7,737.58,1335.12,487.13,94.0
2020-04-03,601.45,1002.28,1924.58,561.86,196.0
2020-04-04,356.43,827.75,1374.18,514.34,169.0
2020-04-05,188.58,572.85,862.08,510.57,179.0
2020-04-06,401.68,839.82,1455.82,556.04,189.0
2020-04-07,554.35,1066.62,1916.68,638.77,327.0
2020-04-08,358.47,1339.42,1889.21,951.5,878.0
2020-04-09,245.58,1033.1,1409.8,942.98,1054.0
2020-04-10,123.51,779.99,969.1,821.21,739.0
2020-04-11,271.34,909.1,1325.03,735.69,479.0
2020-04-12,125.27,570.06,762.03,659.91,462.0
2020-04-13,74.13,205.57,319.28,531.39,160.0
2020-04-14,187.34,577.83,865.34,512.37,174.0
2020-04-15,316.15,936.97,1421.8,653.85,366.0
2020-04-16,400.4,1239.78,1853.68,914.58,835.0
2020-04-17,146.55,516.33,740.95,640.06,215.0
2020-04-18,198.35,600.15,904.15,760.03,336.0
2020-04-19,118.8,474.65,656.85,609.26,229.0
2020-04-20,134.73,439.68,646.3,648.99,172.0
2020-04-21,126.8,473.02,667.7,727.22,192.0
2020-04-22,139.55,562.12,776.23,738.14,281.0
2020-04-23,183.5,790.7,1072.5,837.75,394.0
2020-04-24,244.4,928.98,1303.63,961.05,533.0
2020-04-25,138.72,521.83,734.35,461.3,199.0
2020-04-26,233.02,693.15,1050.65,475.85,267.0
2020-04-27,401.18,857.32,1472.48,720.55,335.0
2020-04-28,148.55,495.75,723.6,245.15,52.0
2020-04-29,435.09,704.02,1371.21,441.55,115.0
2020-04-30,362.65,584.03,1139.8,348.95,84.0
2020-05-01,277.38,417.15,842.53,333.65,97.0
2020-05-02,309.77,593.03,1067.85,252.65,105.0
2020-05-03,242.12,691.6,1063.2,346.85,138.0
2020-05-04,116.28,434.92,613.83,371.65,208.0
2020-05-05,85.8,298.65,430.2,328.2,141.0
2020-05-06,139.28,570.05,783.82,503.3,211.0
2020-05-07,408.65,1093.72,1720.38,669.45,362.0
2020-05-08,246.2,915.53,1292.83,503.1,330.0
2020-05-09,100.87,705.8,860.38,720.15,511.0
2020-05-10,47.3,334.52,406.82,572.1,352.0
2020-05-11,83.6,179.62,308.23,290.4,77.0
2020-05-12,395.98,719.58,1326.98,344.8,132.0
2020-05-13,107.75,288.62,454.15,247.5,111.0
2020-05-14,166.72,437.05,692.6,211.55,87.0
2020-05-15,493.3,952.82,1709.02,435.15,223.0
2020-05-16,395.2,807.9,1413.45,345.55,202.0
2020-05-17,207.32,399.5,717.18,291.2,149.0
2020-05-18,309.38,524.75,999.25,358.5,124.0
2020-05-19,406.01,676.28,1298.89,366.68,142.0
2020-05-20,550.56,1031.97,1876.28,500.8,213.0
2020-05-21,495.11,1049.06,1808.56,450.95,201.0
2020-05-22,367.57,613.05,1176.75,722.1,266.0
2020-05-23,318.45,476.7,965.33,469.55,132.0
2020-05-24,331.99,582.86,1091.91,420.3,167.0
2020-05-25,380.34,742.61,1325.97,453.45,218.0
2020-05-26,412.75,874.48,1507.46,451.0,263.0
2020-05-27,369.23,959.02,1525.02,432.45,159.0
2020-05-28,288.96,608.74,1051.9,312.95,114.0
2020-05-29,332.73,747.69,1257.67,383.78,170.0
2020-05-30,277.1,632.6,1057.34,472.75,175.0
2020-05-31,240.41,528.49,896.95,363.45,153.0
2020-06-01,278.94,660.72,1088.39,368.45,136.5
2020-06-02,327.9,821.93,1324.97,422.7,162.0
2020-06-03,354.83,837.97,1381.63,457.5,239.0
2020-06-04,359.56,637.09,1188.24,260.1,106.0
2020-06-05,408.12,652.73,1278.2,279.7,51.0
2020-06-06,377.72,583.65,1162.56,233.25,110.0
2020-06-07,300.43,571.39,1031.97,262.5,147.0
2020-06-08,276.74,567.61,991.98,283.9,148.0
2020-06-09,587.2,1091.51,1990.82,393.9,188.77
2020-06-10,903.16,1222.36,2606.92,466.92,235.73
2020-06-11,143.1,404.1,623.55,484.4,316.0
2020-06-12,232.15,600.18,956.68,584.15,453.0
2020-06-13,357.55,709.38,1257.78,347.3,194.0
2020-06-14,313.65,654.7,1136.1,302.4,223.0
2020-06-15,641.22,971.58,1954.88,435.6,213.0
2020-06-16,581.5,946.53,1838.18,429.65,228.0
2020-06-17,546.2,1026.95,1864.27,460.9,238.0
2020-06-18,575.75,960.03,1842.88,324.4,236.0
2020-06-19,427.0,582.75,1237.55,339.3,184.0
2020-06-20,488.5,754.3,1503.3,317.7,159.0
2020-06-21,246.13,445.02,822.25,297.9,149.0
2020-06-22,461.18,682.5,1389.85,518.03,187.0
2020-06-23,528.96,1089.14,1900.21,612.48,283.0
2020-06-24,185.4,937.05,1221.32,628.8,390.0
2020-06-25,190.32,1013.62,1305.65,651.6,398.0
2020-06-26,426.05,1193.67,1846.92,743.3,429.0
2020-06-27,308.78,442.52,915.88,319.5,188.0
2020-06-28,149.62,221.88,451.35,283.1,153.0
2020-06-29,278.77,395.25,822.62,341.05,155.0
2020-06-30,567.25,643.75,1513.78,280.45,134.0
2020-07-01,453.25,573.82,1268.82,254.85,139.0
2020-07-02,485.85,655.95,1400.88,268.65,163.0
2020-07-03,343.92,469.93,997.0,320.28,179.0
2020-07-04,278.4,341.28,768.03,236.27,135.0
2020-07-05,166.9,225.08,480.9,425.72,162.0
2020-07-06,479.92,725.51,1461.4,311.33,172.0
2020-07-07,577.07,897.32,1782.02,344.9,167.0
2020-07-08,633.32,600.15,1571.12,241.05,160.0
2020-07-09,485.5,504.25,1248.77,250.87,181.0
2020-07-10,608.88,863.03,1796.58,207.18,121.0
2020-07-11,483.75,784.43,1526.13,209.59,170.0
2020-07-12,343.78,797.4,1324.72,237.5,197.0
2020-07-13,567.4,870.8,1741.03,263.16,127.0
2020-07-14,553.42,739.92,1588.38,254.83,169.0
2020-07-15,684.15,857.8,1906.75,228.19,123.0
2020-07-16,579.5,826.65,1715.28,253.04,124.0
2020-07-17,743.08,957.9,2097.35,347.53,179.0
2020-07-18,474.02,676.05,1402.62,381.13,144.0
2020-07-19,209.0,456.15,776.65,303.72,155.0
2020-07-20,384.48,682.78,1272.53,320.56,107.0
2020-07-21,473.75,841.76,1568.14,318.41,131.0
2020-07-22,527.48,967.35,1775.9,407.92,143.0
2020-07-23,491.2,821.25,1574.6,400.8,139.0
2020-07-24,568.35,705.52,1577.25,297.45,96.0
2020-07-25,442.65,532.35,1210.9,218.05,90.0
2020-07-26,282.9,370.3,803.95,311.65,82.0
2020-07-27,491.57,583.38,1337.05,352.72,145.0
2020-07-28,597.5,679.25,1595.22,346.25,107.0
2020-07-29,692.98,916.58,1979.07,362.65,90.0
2020-07-30,830.15,1371.08,2643.82,399.25,132.0
2020-07-31,549.55,1294.45,2136.98,614.55,250.0
2020-08-01,449.2,569.38,1257.9,302.8,111.0
2020-08-02,314.42,437.08,919.15,260.15,69.0
2020-08-03,557.35,840.82,1695.4,271.73,78.0
2020-08-04,648.83,896.78,1891.52,399.4,142.0
2020-08-05,482.7,690.32,1430.68,416.75,118.0
2020-08-06,776.55,1117.03,2307.8,450.65,160.0
2020-08-07,796.65,1865.92,3087.48,645.45,278.0
2020-08-08,198.72,937.15,1241.8,731.3,419.0
2020-08-09,59.2,426.2,516.95,639.6,429.0
2020-08-10,280.65,1113.87,1544.3,748.95,404.0
2020-08-11,311.35,1462.32,1939.75,847.2,618.0
2020-08-12,271.85,1384.95,1802.12,931.5,668.0
2020-08-13,203.25,927.25,1238.91,767.25,579.0
2020-08-14,368.0,804.25,1368.7,492.1,247.0
2020-08-15,427.92,764.15,1420.28,526.87,353.0
2020-08-16,353.48,744.25,1286.2,514.7,284.0
2020-08-17,626.83,1005.85,1966.78,401.93,116.0
2020-08-18,647.12,840.98,1833.22,355.41,97.0
2020-08-19,761.15,937.0,2104.35,234.35,84.0
2020-08-20,677.37,1010.2,2048.77,619.15,150.0
2020-08-21,356.75,495.22,1042.25,527.68,169.0
2020-08-22,283.27,382.0,816.32,352.9,100.0
2020-08-23,252.12,337.85,724.42,284.8,71.0
2020-08-24,658.72,794.55,1804.4,255.65,85.0
2020-08-25,345.95,455.98,986.3,288.7,98.0
2020-08-26,624.3,791.0,1748.08,319.99,127.0
2020-08-27,724.21,954.79,2065.21,386.13,146.5
2020-08-28,838.88,903.6,2189.72,244.59,97.0
2020-08-29,348.95,492.35,1027.05,267.37,103.0
2020-08-30,146.63,361.33,586.05,326.77,162.0
2020-08-31,616.4,990.95,1936.0,346.84,159.0
2020-09-01,1035.57,1392.78,2980.32,439.56,250.0
2020-09-02,940.88,1397.45,2840.22,428.2,246.0
2020-09-03,553.3,694.7,1543.02,309.3,236.0
2020-09-04,686.28,825.25,1877.68,388.6,206.0
2020-09-05,643.83,807.47,1794.7,411.25,202.0
2020-09-06,485.25,763.32,1507.52,380.1,197.0
2020-09-07,827.58,806.25,2074.9,315.72,211.0
2020-09-08,660.18,792.35,1804.55,256.5,189.0
2020-09-09,737.0,919.65,2049.82,293.9,194.0
2020-09-10,845.96,1326.41,2623.8,412.15,215.0
2020-09-11,988.05,1279.18,2794.15,421.15,172.0
2020-09-12,480.28,718.7,1455.57,353.15,107.0
2020-09-13,409.98,787.48,1416.1,314.88,141.0
2020-09-14,784.62,1472.52,2675.48,541.5,237.0
2020-09-15,673.95,1746.95,2780.58,1061.1,726.0
2020-09-16,152.72,776.38,1010.9,615.05,359.0
2020-09-17,152.8,457.6,691.9,429.05,94.0
2020-09-18,283.23,685.4,1120.08,451.9,122.0
2020-09-19,122.8,559.03,747.32,488.6,166.0
2020-09-20,94.07,524.38,668.58,503.95,173.0
2020-09-21,602.8,1335.8,2260.25,613.25,298.0
2020-09-22,661.58,1218.12,2232.65,704.65,313.0
2020-09-23,543.63,818.72,1652.2,509.57,187.15
2020-09-24,951.66,1135.58,2594.66,412.51,158.26
2020-09-25,533.33,833.8,1651.58,265.56,131.58
2020-09-26,402.68,632.83,1250.38,230.3,111.0
2020-09-27,211.0,443.18,766.5,218.1,124.0
2020-09-28,888.38,1120.5,2482.65,387.5,195.0
2020-09-29,1099.75,1287.2,2973.7,398.45,272.0
2020-09-30,875.3,1189.53,2531.65,365.1,174.0
2020-10-01,1002.12,1170.1,2706.77,314.8,144.0
2020-10-02,257.6,682.78,1077.92,217.5,138.0
2020-10-03,731.45,1033.03,2154.58,232.55,172.0
2020-10-04,345.22,525.43,1054.78,129.22,68.0
2020-10-05,643.68,751.65,1738.55,276.35,160.0
2020-10-06,464.58,622.9,1335.2,264.1,117.0
2020-10-07,817.42,981.53,2234.88,356.2,154.0
2020-10-08,622.05,870.95,1824.85,245.25,146.0
2020-10-09,1152.75,1232.88,3000.45,327.2,175.0
2020-10-10,674.4,889.25,1923.15,244.55,134.0
2020-10-11,541.2,838.8,1668.6,242.0,134.0
2020-10-12,1415.1,1405.38,3575.32,341.1,186.0
2020-10-13,877.82,1037.68,2383.68,286.95,182.0
2020-10-14,332.2,686.85,1196.12,288.2,196.0
2020-10-15,390.28,793.25,1391.6,264.3,163.0
2020-10-16,1557.35,1442.65,3830.88,466.45,257.0
2020-10-17,486.72,1003.98,1750.33,364.8,229.0
2020-10-18,921.45,1228.65,2641.52,540.25,424.0
2020-10-19,875.5,1291.9,2634.13,541.75,327.0
2020-10-20,716.35,1004.11,2102.61,588.15,308.0
2020-10-21,725.65,942.65,2055.35,278.74,190.0
2020-10-22,754.82,1030.45,2187.7,413.47,194.0
2020-10-23,752.58,995.72,2149.93,294.28,141.0
2020-10-24,458.9,746.2,1449.8,249.06,118.0
2020-10-25,606.35,913.3,1843.0,207.52,115.0
2020-10-26,767.15,945.92,2122.25,403.59,172.0
2020-10-27,766.98,951.97,2127.98,259.06,150.0
2020-10-28,559.08,749.28,1606.55,326.05,183.0
2020-10-29,569.1,718.52,1591.5,303.04,180.0
2020-10-30,441.8,645.75,1323.1,310.54,202.0
2020-10-31,465.15,722.22,1435.72,285.65,247.0
2020-11-01,229.3,419.58,771.08,255.75,220.0
2020-11-02,383.08,501.3,1088.68,268.5,215.0
2020-11-03,801.78,1096.1,2325.38,337.15,189.0
2020-11-04,2470.51,1797.82,5585.78,684.58,436.0
2020-11-05,2731.68,1657.55,5846.05,1223.4,1101.0
2020-11-06,1505.32,1544.05,3852.3,983.76,973.0
2020-11-07,1355.6,1235.95,3314.3,934.96,920.0
2020-11-08,1202.25,1101.78,2944.9,877.81,794.0
2020-11-09,1208.35,1213.08,3065.8,447.47,267.0
2020-11-10,1239.82,1377.48,3278.48,490.65,260.0
2020-11-11,782.58,958.5,2158.48,339.9,119.0
2020-11-12,748.8,1051.05,2199.25,445.95,133.0
2020-11-13,1076.22,1443.1,3093.18,510.5,190.0
2020-11-14,394.58,776.5,1381.65,356.28,199.0
2020-11-15,196.4,404.93,706.18,192.73,95.0
2020-11-16,468.68,704.55,1423.15,364.4,125.0
2020-11-17,411.42,671.82,1302.7,361.5,130.0
2020-11-18,529.15,681.7,1493.02,445.25,169.0
2020-11-19,793.22,1036.62,2252.98,363.75,140.0
2020-11-20,1267.87,1423.02,3367.27,335.35,164.0
2020-11-21,303.7,506.38,971.97,262.6,97.0
2020-11-22,741.68,1067.03,2204.32,344.5,188.0
2020-11-23,1732.7,1531.38,4188.15,534.1,290.0
2020-11-24,833.92,1144.68,2423.4,365.1,182.0
2020-11-25,925.15,1244.02,2662.8,512.9,275.0
2020-11-26,2136.72,1859.35,5135.65,652.35,394.0
2020-11-27,2109.2,1660.92,4894.8,708.5,591.0
2020-11-28,724.7,1246.72,2357.93,939.4,857.0
2020-11-29,411.8,1198.3,1829.7,747.0,632.0
2020-11-30,909.34,1079.48,2473.93,511.15,361.0
2020-12-01,1187.79,1575.22,3396.66,435.2,158.0
2020-12-02,1284.01,1565.72,3534.56,615.6,309.0
2020-12-03,949.71,1377.84,2834.21,287.6,140.0
2020-12-04,894.03,1308.66,2679.56,307.6,177.0
2020-12-05,651.63,1138.63,2137.86,335.75,109.0
2020-12-06,1072.85,1396.7,3041.84,440.45,308.0
2020-12-07,1092.65,1471.55,3147.26,533.45,393.0
2020-12-08,1353.25,1488.69,3564.04,593.25,421.0
2020-12-09,938.75,1238.41,2678.14,490.3,204.0
2020-12-10,626.99,1038.66,2000.49,454.25,160.0
2020-12-11,1146.09,1340.53,3098.19,422.3,174.0
2020-12-12,789.56,1129.87,2341.09,384.35,202.0
2020-12-13,570.49,982.17,1857.12,260.22,68.0
2020-12-14,693.86,1105.66,2170.02,382.09,124.0
2020-12-15,786.68,1210.98,2417.7,449.05,122.0
2020-12-16,637.46,1052.08,2030.15,485.66,113.0
2020-12-17,723.5,1055.54,2165.29,473.81,127.5
2020-12-18,609.98,1005.07,1940.83,244.55,104.0
2020-12-19,602.43,972.47,1896.55,418.95,135.0
2020-12-20,589.05,986.96,1890.83,226.4,125.0
2020-12-21,561.42,839.86,1701.28,129.65,51.0
2020-12-22,781.22,1030.9,2229.53,279.3,100.0
2020-12-23,644.67,1018.82,2007.98,210.65,34.0
2020-12-24,676.69,973.34,2011.56,185.1,165.0
2020-12-25,457.61,783.24,1485.86,286.5,203.0
2020-12-26,434.44,667.53,1334.41,134.25,30.0
2020-12-27,501.38,804.35,1573.96,213.65,114.0
2020-12-28,550.16,985.7,1830.19,295.9,277.0
2020-12-29,785.25,1039.12,2243.99,362.95,307.0
2020-12-30,1029.2,1088.87,2667.89,565.85,462.0
2020-12-31,1005.8,1185.81,2728.77,517.7,542.0
2021-01-01,652.07,934.71,1935.72,627.15,607.0
2021-01-02,784.35,1027.48,2231.07,247.75,204.0
2021-01-03,438.22,797.17,1470.02,221.7,218.0
2021-01-04,383.67,686.44,1275.7,153.85,137.0
2021-01-05,403.31,681.04,1300.45,170.4,115.0
2021-01-06,584.99,865.43,1763.52,220.35,128.0
2021-01-07,836.96,1033.63,2318.05,468.7,431.0
2021-01-08,780.73,1013.67,2212.0,542.0,534.0
2021-01-09,790.66,1042.84,2256.23,491.95,452.0
2021-01-10,504.73,799.56,1574.78,355.65,406.0
2021-01-11,376.2,613.19,1191.15,155.1,127.0
2021-01-12,739.13,982.73,2117.28,239.75,124.0
2021-01-13,609.82,850.23,1786.66,287.35,228.0
2021-01-14,418.87,732.57,1376.11,203.5,158.0
2021-01-15,1071.91,1008.62,2653.36,530.95,455.0
2021-01-16,481.42,728.79,1468.28,244.9,185.0
2021-01-17,410.64,685.21,1316.18,360.7,192.0
2021-01-18,353.94,624.93,1168.94,244.3,161.0
2021-01-19,268.86,423.73,836.81,145.15,79.0
2021-01-20,332.83,503.08,1013.2,224.9,132.0
2021-01-21,498.62,607.83,1372.4,257.85,110.0
2021-01-22,951.82,1011.62,2470.88,297.65,162.0
2021-01-23,1007.5,1170.95,2715.92,341.35,249.0
2021-01-24,451.02,957.8,1649.57,250.85,250.0
2021-01-25,946.92,1173.5,2625.55,323.2,254.0
2021-01-26,1870.95,1450.55,4319.35,262.65,215.0
2021-01-27,1314.12,1171.27,3186.35,256.7,131.0
2021-01-28,573.85,740.38,1620.33,234.23,73.0
2021-01-29,665.47,761.6,1782.05,290.45,90.0
2021-01-30,237.75,542.0,906.05,225.3,138.0
2021-01-31,301.23,701.6,1163.55,316.55,227.0
2021-02-01,847.68,999.82,2299.8,423.3,345.0
2021-02-02,369.63,574.47,1141.4,360.05,201.0
2021-02-03,838.72,1017.8,2303.95,380.6,164.0
2021-02-04,964.1,1119.82,2597.7,324.35,134.0
2021-02-05,1024.86,1186.88,2758.45,320.7,141.0
2021-02-06,573.17,841.98,1720.95,291.75,212.0
2021-02-07,84.35,204.95,334.48,243.0,178.0
2021-02-08,156.72,393.7,634.1,205.35,159.0
2021-02-09,287.5,628.72,1069.53,237.65,156.0
2021-02-10,251.88,670.78,1056.95,278.45,289.0
2021-02-11,370.84,894.44,1463.01,467.05,382.0
2021-02-12,239.78,667.4,1034.92,448.95,360.0
2021-02-13,390.57,746.65,1345.4,450.2,260.0
2021-02-14,343.78,638.62,1165.5,428.5,289.0
2021-02-15,585.9,893.8,1792.32,294.85,219.0
2021-02-16,482.25,775.6,1515.4,334.8,183.0
2021-02-17,348.1,655.15,1188.88,325.35,166.0
2021-02-18,404.88,669.82,1290.9,281.45,176.0
2021-02-19,536.47,854.38,1677.08,343.3,163.0
2021-02-20,377.43,688.62,1267.57,764.65,360.0
2021-02-21,559.08,988.25,1845.5,622.28,298.0
2021-02-22,907.82,1189.68,2581.43,659.6,345.0
2021-02-23,496.92,845.85,1607.88,358.35,274.0
2021-02-24,460.52,811.82,1518.25,487.68,193.0
2021-02-25,731.82,1128.32,2250.62,472.95,204.0
2021-02-26,1412.68,1524.02,3690.35,616.0,305.0
2021-02-27,861.65,1340.2,2661.5,736.4,493.0
2021-02-28,190.58,734.18,1026.65,570.9,456.0
2021-03-01,248.15,713.6,1093.77,803.45,703.0
2021-03-02,863.6,1020.65,2345.07,1117.9,948.0
2021-03-03,1046.0,1225.12,2829.05,988.45,848.0
2021-03-04,255.38,724.05,1115.38,391.4,286.0
2021-03-05,200.78,553.9,861.68,274.2,178.0
2021-03-06,316.85,994.03,1479.95,344.0,243.0
2021-03-07,570.45,1137.1,2011.63,615.85,515.0
2021-03-08,1385.27,1712.18,3836.32,932.7,666.0
2021-03-09,831.98,1253.8,2529.28,612.8,345.0
2021-03-10,379.75,706.9,1289.28,394.15,254.0
2021-03-11,223.75,398.6,741.82,290.95,162.0
2021-03-12,309.6,516.74,991.09,270.62,115.0
2021-03-13,248.37,410.2,791.5,199.9,111.0
2021-03-14,237.45,414.6,778.9,217.3,131.0
2021-03-15,593.98,1001.82,1912.57,420.6,193.0
2021-03-16,457.92,794.95,1497.5,460.01,161.0
2021-03-17,639.45,890.58,1871.35,503.66,216.0
2021-03-18,539.35,972.18,1799.52,379.96,234.0
2021-03-19,228.8,652.15,1003.25,235.05,129.0
2021-03-20,800.28,1259.97,2486.82,463.75,237.0
2021-03-21,252.0,615.58,1002.15,321.3,211.0
2021-03-22,797.82,1232.85,2456.33,560.0,358.0
2021-03-23,661.42,1020.6,2034.63,595.85,399.0
2021-03-24,640.4,958.3,1940.25,614.05,395.0
2021-03-25,463.42,761.8,1472.38,276.2,150.0
2021-03-26,397.7,655.68,1265.82,267.75,125.0
2021-03-27,268.15,484.2,895.4,291.5,128.0
2021-03-28,122.82,272.6,461.0,359.7,140.0
2021-03-29,393.12,788.12,1390.68,453.1,203.0
2021-03-30,1277.35,1890.12,3848.55,627.45,325.0
2021-03-31,1278.3,1985.18,3944.9,846.95,434.0
2021-04-01,190.2,642.8,934.32,695.85,423.0
2021-04-02,85.75,237.38,368.78,251.15,128.0
2021-04-03,89.82,275.1,412.9,391.0,177.0
2021-04-04,277.08,661.92,1087.0,530.3,304.0
2021-04-05,174.55,399.15,666.78,278.05,174.0
2021-04-06,503.28,808.77,1580.42,288.75,107.0
2021-04-07,658.78,1034.7,2044.95,329.62,161.0
2021-04-08,489.62,800.38,1551.28,330.45,127.0
2021-04-09,477.08,796.72,1528.4,299.75,125.0
2021-04-10,143.52,479.37,699.65,282.45,154.0
2021-04-11,319.58,748.82,1238.82,240.7,118.0
2021-04-12,935.72,1365.2,2799.68,384.7,193.0
2021-04-13,1168.65,1590.02,3381.85,564.55,314.0
2021-04-14,499.88,962.03,1728.35,440.95,262.0
2021-04-15,332.7,910.23,1420.28,297.25,148.0
2021-04-16,586.55,1084.45,1984.15,432.8,243.0
2021-04-17,418.88,983.52,1625.78,367.8,181.0
2021-04-18,315.58,953.65,1437.5,350.8,194.0
2021-04-19,580.25,1145.38,2034.98,761.3,430.0
2021-04-20,519.92,1136.23,1933.2,878.95,612.0
2021-04-21,295.92,843.75,1297.78,904.65,658.0
2021-04-22,265.42,690.22,1097.38,392.6,150.0
2021-04-23,321.95,950.3,1443.71,402.68,367.0
2021-04-24,188.82,736.58,1026.12,419.4,226.0
2021-04-25,80.88,282.5,406.5,266.75,117.0
2021-04-26,156.17,461.88,701.6,314.0,115.0
2021-04-27,649.75,1126.6,2122.9,544.8,321.0
2021-04-28,239.03,796.65,1163.1,631.75,422.0
2021-04-29,427.57,886.7,1542.1,366.65,130.0
2021-04-30,690.5,1285.15,2344.02,422.5,218.0
2021-05-01,554.05,1043.37,1892.9,442.5,284.0
2021-05-02,435.5,891.38,1559.12,506.8,329.0
2021-05-03,199.88,414.85,721.4,298.65,108.0
2021-05-04,345.98,546.78,1077.05,223.12,58.0
2021-05-05,548.0,781.78,1621.85,239.18,41.0
2021-05-06,752.03,1035.95,2188.93,292.73,112.0
2021-05-07,728.1,1064.25,2180.88,352.1,80.0
2021-05-08,324.58,538.15,1036.17,313.12,110.0
2021-05-09,355.45,619.13,1164.2,268.12,143.0
2021-05-10,429.75,735.64,1394.65,369.84,149.0
2021-05-11,570.4,998.0,1872.48,355.31,197.0
2021-05-12,549.75,895.2,1738.05,391.1,212.0
2021-05-13,507.4,926.18,1704.18,290.35,195.0
2021-05-14,439.3,912.6,1585.75,367.85,288.0
2021-05-15,570.77,888.05,1763.4,257.18,206.0
2021-05-16,441.8,737.38,1414.48,224.2,185.0
2021-05-17,626.25,914.03,1874.28,279.5,225.0
2021-05-18,703.58,864.6,1943.2,284.1,199.0
2021-05-19,723.82,1046.23,2156.4,238.2,182.0
2021-05-20,594.35,807.38,1718.8,399.35,262.0
2021-05-21,270.5,366.65,781.35,352.22,336.57
2021-05-22,641.28,859.2,1842.3,187.92,287.66
2021-05-23,302.28,550.67,1014.08,207.95,238.75
2021-05-24,640.85,999.1,1981.78,232.19,189.85
2021-05-25,581.55,769.58,1661.55,270.97,137.67
2021-05-26,584.98,1021.53,1918.52,279.05,163.0
2021-05-27,761.72,1294.0,2461.82,322.47,209.0
2021-05-28,570.85,1260.6,2136.08,514.8,313.0
2021-05-29,163.85,675.98,927.15,426.42,328.0
2021-05-30,100.6,422.35,576.65,444.4,277.0
2021-05-31,111.2,512.95,683.82,540.95,364.0
2021-06-01,219.5,838.45,1174.88,555.2,342.0
2021-06-02,338.98,1198.32,1717.72,571.62,376.0
2021-06-03,434.65,861.05,1528.07,539.2,343.0
2021-06-04,545.12,912.6,1748.45,420.67,263.0
2021-06-05,510.52,873.85,1656.78,475.63,277.0
2021-06-06,381.95,701.85,1287.35,355.67,208.0
2021-06-07,599.22,948.3,1867.4,390.4,236.0
2021-06-08,594.78,870.95,1782.48,326.8,222.0
2021-06-09,536.85,866.38,1689.4,299.45,153.0
2021-06-10,590.33,689.1,1594.35,361.25,223.0
2021-06-11,604.25,700.05,1626.63,334.05,185.0
2021-06-12,386.85,755.65,1348.93,309.05,211.0
2021-06-13,287.68,859.25,1300.73,473.05,304.0
2021-06-14,406.15,840.52,1463.17,412.9,257.0
2021-06-15,266.9,817.4,1226.32,483.76,229.0
2021-06-16,565.12,1117.52,1984.32,491.69,304.0
2021-06-17,340.9,705.05,1228.01,730.12,344.0
2021-06-18,234.69,540.96,901.1,530.56,186.0
2021-06-19,242.2,487.3,858.62,398.14,167.0
2021-06-20,173.1,367.38,632.55,311.72,185.0
2021-06-21,129.32,311.6,509.7,290.37,166.0
2021-06-22,151.57,340.45,573.2,300.25,193.0
2021-06-23,445.77,764.63,1448.38,322.3,208.0
2021-06-24,757.35,941.56,2103.01,501.0,316.0
2021-06-25,683.4,825.61,1873.81,270.85,175.0
2021-06-26,457.43,724.52,1425.9,271.55,211.0
2021-06-27,119.35,431.78,615.02,588.6,431.0
2021-06-28,206.13,566.9,882.73,412.1,300.0
2021-06-29,285.87,635.47,1073.81,411.98,282.0
2021-06-30,2.82,26.35,30.72,15.5,14.0
