MeasurementDateGMT, Nitric Oxide (ug/m3), Nitrogen Dioxide (ug/m3), Oxides of Nitrogen (ug/m3), PM10 Particulate (ug/m3)
2018-01-01,70.55,483.45,591.55,268.0
2018-01-02,192.8,734.45,1029.85,392.0
2018-01-03,72.5,465.55,576.45,563.0
2018-01-04,150.4,687.55,918.1,300.5
2018-01-05,294.7,983.35,1435.25,321.5
2018-01-06,1109.1,1158.05,2858.7,531.5
2018-01-07,106.05,416.2,578.95,311.5
2018-01-08,152.85,563.0,797.5,460.25
2018-01-09,648.85,824.65,1819.3,825.5
2018-01-10,1102.6,1294.2,2985.05,523.0
2018-01-11,1078.85,1029.15,2683.25,678.5
2018-01-12,357.65,846.72,1394.98,599.0
2018-01-13,63.15,466.4,563.15,600.0
2018-01-14,227.0,729.15,1077.3,662.0
2018-01-15,114.3,601.35,776.7,241.5
2018-01-16,127.21,636.44,831.1,263.75
2018-01-17,153.21,620.79,855.05,407.75
2018-01-18,122.95,558.35,746.55,271.25
2018-01-19,192.25,902.75,1197.8,355.5
2018-01-20,194.65,919.75,1218.45,252.5
2018-01-21,296.2,991.8,1446.15,362.5
2018-01-22,279.7,959.2,1388.15,366.5
2018-01-23,113.25,556.2,730.18,211.8
2018-01-24,74.3,429.95,543.95,179.7
2018-01-25,165.05,727.5,980.75,405.0
2018-01-26,522.95,1182.5,1983.95,528.5
2018-01-27,242.8,792.15,1164.6,380.0
2018-01-28,52.1,367.05,446.95,155.0
2018-01-29,175.55,718.05,987.0,234.5
2018-01-30,774.35,1265.65,2452.85,465.5
2018-01-31,110.8,609.9,779.9,223.5
2018-02-01,190.75,692.35,984.6,354.5
2018-02-02,420.6,908.95,1553.7,407.5
2018-02-03,351.5,1174.1,1712.7,375.5
2018-02-04,178.8,498.65,772.95,276.0
2018-02-05,217.85,633.35,967.65,374.5
2018-02-06,416.45,907.45,1546.0,586.5
2018-02-07,637.75,1165.75,2143.6,565.0
2018-02-08,482.1,1114.15,1853.1,499.5
2018-02-09,165.1,718.75,971.8,294.5
2018-02-10,163.75,779.9,1030.85,241.5
2018-02-11,64.7,356.65,455.65,171.5
2018-02-12,231.5,865.95,1220.8,345.0
2018-02-13,151.9,588.55,821.7,266.5
2018-02-14,377.85,747.75,1326.85,328.5
2018-02-15,164.4,801.0,1052.85,398.0
2018-02-16,378.15,1153.3,1733.25,492.0
2018-02-17,692.6,1301.3,2363.25,680.0
2018-02-18,469.1,958.85,1678.05,568.0
2018-02-19,491.8,993.45,1747.35,416.0
2018-02-20,258.45,639.1,1035.2,260.5
2018-02-21,360.17,830.18,1382.35,1049.5
2018-02-22,162.25,766.2,1015.1,698.5
2018-02-23,242.58,855.1,1227.0,617.0
2018-02-24,109.35,644.95,812.8,723.0
2018-02-25,83.85,408.85,537.9,400.0
2018-02-26,157.3,512.7,753.75,313.0
2018-02-27,319.45,947.55,1437.5,365.0
2018-02-28,278.25,792.1,1218.45,526.5
2018-03-01,99.75,543.2,696.15,976.0
2018-03-02,151.05,794.55,1026.4,1135.5
2018-03-03,184.55,958.55,1241.4,1767.5
2018-03-04,265.45,892.85,1300.1,554.0
2018-03-05,121.85,683.2,870.2,377.0
2018-03-06,320.95,1056.6,1548.75,378.5
2018-03-07,613.6,1320.0,2260.8,492.0
2018-03-08,109.7,607.6,775.9,263.5
2018-03-09,470.4,1130.25,1851.4,689.43
2018-03-10,142.6,622.45,841.1,808.43
2018-03-11,350.3,1053.15,1590.1,803.02
2018-03-12,369.85,967.22,1534.38,603.62
2018-03-13,279.92,941.7,1371.02,590.71
2018-03-14,104.2,559.35,719.15,529.31
2018-03-15,161.9,798.95,1047.05,444.4
2018-03-16,218.65,753.35,1088.35,509.33
2018-03-17,118.0,439.05,620.2,458.0
2018-03-18,90.4,392.35,530.95,686.5
2018-03-19,76.12,372.21,492.81,542.87
2018-03-20,57.47,406.9,493.77,503.15
2018-03-21,252.07,711.96,1097.11,572.35
2018-03-22,89.69,442.16,578.68,534.55
2018-03-23,53.52,262.85,343.8,518.25
2018-03-24,53.44,445.95,527.01,633.71
2018-03-25,169.17,492.19,750.68,699.16
2018-03-26,95.82,551.51,697.72,477.86
2018-03-27,92.17,395.83,536.16,410.06
2018-03-28,84.34,540.42,668.63,388.76
2018-03-29,86.92,383.41,515.7,403.96
2018-03-30,51.34,312.96,391.01,391.16
2018-03-31,74.12,290.1,402.98,369.36
2018-04-01,88.7,439.15,575.26,435.56
2018-04-02,111.8,377.65,549.0,380.77
2018-04-03,135.1,491.8,698.85,437.47
2018-04-04,102.05,387.2,543.5,441.17
2018-04-05,149.8,458.65,688.25,367.87
2018-04-06,190.45,708.65,1000.7,512.07
2018-04-07,259.55,908.75,1306.95,648.27
2018-04-08,156.07,759.6,998.75,501.97
2018-04-09,174.4,691.1,958.7,551.67
2018-04-10,250.17,874.9,1258.9,633.37
2018-04-11,329.35,810.5,1315.7,797.58
2018-04-12,323.1,682.9,1178.5,678.28
2018-04-13,241.0,822.85,1192.45,594.98
2018-04-14,236.45,943.15,1305.95,766.18
2018-04-15,112.85,760.0,932.75,629.38
2018-04-16,117.95,448.75,629.5,531.08
2018-04-17,105.95,460.1,622.05,587.78
2018-04-18,163.5,823.05,1073.47,583.48
2018-04-19,490.1,1372.45,2124.1,873.68
2018-04-20,268.1,1063.25,1474.15,705.39
2018-04-21,180.7,1042.45,1319.45,846.09
2018-04-22,112.6,583.2,756.15,676.79
2018-04-23,101.2,386.15,541.4,414.99
2018-04-24,95.75,338.7,485.5,437.19
2018-04-25,102.55,345.4,502.85,386.89
2018-04-26,95.9,392.45,539.65,435.59
2018-04-27,148.6,643.85,871.65,441.79
2018-04-28,153.25,614.05,849.55,391.49
2018-04-29,121.25,357.35,543.2,377.7
2018-04-30,158.6,577.75,820.55,414.4
2018-05-01,176.25,589.15,859.85,421.1
2018-05-02,131.95,641.05,843.45,387.3
2018-05-03,305.55,924.2,1392.5,469.5
2018-05-04,212.4,864.35,1189.95,553.2
2018-05-05,213.8,856.9,1184.8,608.9
2018-05-06,96.3,899.75,1047.3,704.6
2018-05-07,109.9,1054.3,1222.75,738.3
2018-05-08,394.5,1128.1,1733.0,788.01
2018-05-09,144.45,508.15,729.3,496.71
2018-05-10,123.05,504.88,693.53,427.41
2018-05-11,129.9,482.85,681.95,514.11
2018-05-12,109.3,658.7,825.95,427.81
2018-05-13,207.0,734.1,1051.53,481.51
2018-05-14,188.55,557.99,847.08,395.21
2018-05-15,143.95,566.19,786.68,424.91
2018-05-16,164.95,459.0,712.5,482.11
2018-05-17,159.97,357.14,602.82,479.07
2018-05-18,199.54,504.81,811.21,485.61
2018-05-19,190.03,590.17,881.79,586.0
2018-05-20,162.56,569.48,818.78,735.0
2018-05-21,228.54,822.59,1173.06,693.5
2018-05-22,222.68,746.41,1087.7,695.5
2018-05-23,233.26,802.07,1159.38,640.0
2018-05-24,231.4,873.65,1228.31,705.0
2018-05-25,204.0,884.1,1196.75,653.5
2018-05-26,60.5,422.0,514.45,858.5
2018-05-27,72.1,654.85,765.55,966.5
2018-05-28,81.5,517.5,642.5,959.5
2018-05-29,113.45,509.7,684.0,504.25
2018-05-30,176.45,705.1,975.3,510.0
2018-05-31,111.05,720.15,890.55,726.0
2018-06-01,107.45,663.6,828.5,557.5
2018-06-02,60.5,483.1,575.8,288.0
2018-06-03,76.05,503.45,620.3,673.5
2018-06-04,101.1,471.3,626.3,356.5
2018-06-05,99.65,384.15,536.7,381.0
2018-06-06,106.95,402.2,566.0,670.5
2018-06-07,106.45,438.98,602.3,491.5
2018-06-08,99.5,373.75,526.1,457.0
2018-06-09,65.7,322.5,423.3,418.5
2018-06-10,53.35,250.8,332.75,411.0
2018-06-11,101.75,327.8,484.0,337.5
2018-06-12,128.4,469.2,666.15,323.5
2018-06-13,182.7,589.95,870.5,399.0
2018-06-14,88.2,439.35,574.7,498.0
2018-06-15,99.6,596.3,748.85,420.5
2018-06-16,54.5,306.2,389.55,317.5
2018-06-17,42.55,215.75,280.8,239.0
2018-06-18,70.32,314.25,421.85,326.0
2018-06-19,115.57,317.48,494.45,222.5
2018-06-20,141.7,315.75,532.85,273.5
2018-06-21,111.85,367.95,539.3,367.5
2018-06-22,133.85,458.6,663.9,388.0
2018-06-23,102.5,543.15,700.4,391.5
2018-06-24,66.3,502.6,604.2,483.5
2018-06-25,90.75,744.9,883.95,490.5
2018-06-26,141.9,605.1,822.85,464.5
2018-06-27,92.3,339.55,481.2,447.0
2018-06-28,84.0,377.15,506.05,490.0
2018-06-29,100.45,405.55,559.75,427.0
2018-06-30,49.4,270.5,346.9,398.5
2018-07-01,55.8,444.6,530.3,505.5
2018-07-02,80.03,421.98,545.0,429.0
2018-07-03,60.55,300.8,393.85,371.5
2018-07-04,89.9,537.9,676.05,518.5
2018-07-05,123.2,885.0,1074.15,677.5
2018-07-06,116.4,839.3,1018.05,670.5
2018-07-07,71.9,663.55,773.65,718.5
2018-07-08,49.7,478.75,555.1,425.0
2018-07-09,149.45,697.9,927.2,464.0
2018-07-10,111.9,326.95,498.4,336.5
2018-07-11,106.25,393.05,556.05,386.5
2018-07-12,105.7,550.05,712.1,480.5
2018-07-13,91.45,443.1,582.95,423.5
2018-07-14,47.5,433.3,506.5,403.0
2018-07-15,71.0,609.05,717.85,353.5
2018-07-16,88.65,634.8,770.75,418.0
2018-07-17,82.45,399.7,525.8,348.5
2018-07-18,130.35,627.3,826.7,370.5
2018-07-19,180.15,779.0,1055.15,438.0
2018-07-20,141.8,787.95,1005.3,427.0
2018-07-21,69.0,711.5,817.2,493.0
2018-07-22,73.45,668.6,781.4,349.0
2018-07-23,104.8,597.4,757.75,512.0
2018-07-24,95.55,541.3,687.55,403.5
2018-07-25,114.0,621.3,795.95,486.5
2018-07-26,134.1,784.0,989.7,707.5
2018-07-27,117.7,791.45,971.65,575.75
2018-07-28,59.7,205.0,296.45,438.5
2018-07-29,86.55,205.3,338.2,218.5
2018-07-30,147.65,321.25,547.55,252.5
2018-07-31,98.45,401.0,552.05,294.5
2018-08-01,128.75,486.75,684.0,332.0
2018-08-02,162.5,721.9,970.7,407.0
2018-08-03,153.45,831.6,1066.75,437.58
2018-08-04,91.2,402.25,542.2,388.18
2018-08-05,64.55,410.75,509.4,400.25
2018-08-06,209.9,895.0,1217.05,506.81
2018-08-07,130.55,836.15,1036.4,511.68
2018-08-08,79.8,373.25,495.6,313.5
2018-08-09,235.65,799.95,1161.25,307.5
2018-08-10,126.6,533.4,727.45,233.0
2018-08-11,133.55,496.8,701.65,251.0
2018-08-12,80.75,310.0,433.9,212.0
2018-08-13,118.1,487.95,669.15,285.5
2018-08-14,111.1,466.4,636.5,293.5
2018-08-15,87.1,372.95,506.7,329.5
2018-08-16,148.0,525.55,753.0,311.0
2018-08-17,190.45,519.25,811.6,336.5
2018-08-18,72.1,336.85,447.45,292.5
2018-08-19,61.05,248.05,341.85,281.5
2018-08-20,144.8,497.4,719.35,213.5
2018-08-21,124.75,540.55,731.95,232.5
2018-08-22,139.75,571.3,785.9,310.5
2018-08-23,112.65,401.8,574.75,257.0
2018-08-24,92.6,387.35,529.35,273.5
2018-08-25,210.15,539.75,862.4,251.0
2018-08-26,286.85,544.3,983.85,251.0
2018-08-27,60.45,310.35,403.2,196.5
2018-08-28,221.7,729.6,1069.45,280.5
2018-08-29,303.35,911.8,1376.5,357.5
2018-08-30,236.6,695.8,1058.85,411.5
2018-08-31,242.15,766.7,1138.05,452.5
2018-09-01,302.8,787.15,1251.4,454.5
2018-09-02,175.55,844.6,1113.6,515.5
2018-09-03,364.1,1138.0,1696.3,566.0
2018-09-04,131.65,671.35,873.55,420.5
2018-09-05,156.2,649.35,889.2,360.5
2018-09-06,196.75,655.4,956.9,387.5
2018-09-07,131.35,613.4,814.75,305.5
2018-09-08,82.4,560.85,687.05,250.0
2018-09-09,48.9,375.1,450.0,260.5
2018-09-10,84.18,417.82,546.68,342.0
2018-09-11,83.1,388.5,515.95,320.0
2018-09-12,441.45,785.75,1462.7,262.5
2018-09-13,1042.35,1072.45,2670.5,433.0
2018-09-14,140.5,733.9,949.3,302.0
2018-09-15,92.15,486.3,627.85,331.5
2018-09-16,60.9,354.0,447.35,292.0
2018-09-17,102.15,541.6,698.0,361.5
2018-09-18,62.65,331.55,427.8,414.0
2018-09-19,60.0,300.95,393.3,541.5
2018-09-20,59.65,280.2,371.8,487.25
2018-09-21,71.9,359.9,470.0,296.5
2018-09-22,99.95,564.25,717.7,258.5
2018-09-23,135.8,478.95,687.1,216.0
2018-09-24,555.25,768.9,1620.5,355.5
2018-09-25,1272.95,970.45,2922.15,538.0
2018-09-26,334.35,1124.45,1637.15,461.5
2018-09-27,340.95,1127.5,1650.35,514.0
2018-09-28,132.6,484.55,688.2,350.0
2018-09-29,566.78,1175.92,2044.98,533.5
2018-09-30,176.3,779.1,1049.3,377.0
2018-10-01,154.35,616.0,852.75,305.5
2018-10-02,116.4,517.8,696.5,295.5
2018-10-03,532.75,886.5,1703.2,342.0
2018-10-04,282.1,711.5,1143.9,370.0
2018-10-05,753.25,1261.85,2416.7,635.48
2018-10-06,193.25,696.85,992.85,515.23
2018-10-07,194.15,694.7,992.65,511.1
2018-10-08,176.1,782.2,1051.95,471.47
2018-10-09,444.3,1091.9,1772.8,544.34
2018-10-10,575.65,1332.15,2214.85,765.2
2018-10-11,131.85,526.85,728.9,448.67
2018-10-12,79.55,312.05,434.15,452.5
2018-10-13,63.7,305.25,402.75,315.0
2018-10-14,94.1,441.8,585.95,170.5
2018-10-15,285.35,775.85,1213.65,279.0
2018-10-16,245.5,629.25,1005.85,450.0
2018-10-17,555.05,1109.5,1960.65,367.0
2018-10-18,228.05,764.35,1113.75,354.0
2018-10-19,1370.15,1414.05,3515.15,596.0
2018-10-20,2099.1,1470.6,4689.1,809.0
2018-10-21,278.6,933.85,1361.1,444.5
2018-10-22,392.4,856.65,1458.6,420.0
2018-10-23,251.35,877.8,1263.3,427.0
2018-10-24,285.6,856.45,1294.25,437.5
2018-10-25,251.3,855.95,1241.2,425.5
2018-10-26,141.8,718.85,936.15,255.5
2018-10-27,130.85,484.0,684.75,195.5
2018-10-28,148.5,494.7,722.2,181.5
2018-10-29,258.9,695.9,1092.9,236.5
2018-10-30,210.95,691.75,1015.4,317.0
2018-10-31,874.65,1092.6,2433.9,420.5
2018-11-01,659.25,1165.55,2176.05,335.5
2018-11-02,955.1,1394.4,2859.05,550.0
2018-11-03,344.5,910.25,1438.4,482.0
2018-11-04,228.2,712.1,1061.9,535.0
2018-11-05,1352.9,1046.8,3121.2,1135.5
2018-11-06,774.65,780.15,1967.65,568.5
2018-11-07,171.4,494.6,757.45,262.0
2018-11-08,217.55,687.0,1020.75,440.0
2018-11-09,279.7,686.35,1115.5,349.5
2018-11-10,197.5,675.9,978.95,324.5
2018-11-11,151.55,518.85,751.65,279.0
2018-11-12,209.65,769.25,1090.75,328.0
2018-11-13,152.65,771.1,1005.25,399.5
2018-11-14,406.0,902.25,1525.1,455.5
2018-11-15,480.6,801.75,1538.15,552.5
2018-11-16,283.35,664.1,1098.5,311.25
2018-11-17,350.45,900.15,1437.45,577.0
2018-11-18,220.5,749.85,1088.25,510.5
2018-11-19,163.0,506.85,756.8,248.0
2018-11-20,243.15,706.15,1078.9,346.0
2018-11-21,806.3,975.5,2212.15,610.0
2018-11-22,2313.95,1350.95,4898.9,1135.0
2018-11-23,826.45,1136.1,2403.35,876.5
2018-11-24,441.25,1005.05,1681.8,603.5
2018-11-25,257.05,678.45,1072.7,476.0
2018-11-26,392.8,887.6,1489.95,386.0
2018-11-27,406.45,898.5,1521.75,353.25
2018-11-28,123.45,586.8,775.65,274.0
2018-11-29,77.05,403.55,521.65,305.0
2018-11-30,116.8,700.45,879.7,391.0
2018-12-01,92.3,559.35,700.75,203.5
2018-12-02,52.9,330.95,411.9,110.5
2018-12-03,112.05,634.15,805.85,348.0
2018-12-04,964.65,1352.5,2831.45,492.75
2018-12-05,327.0,881.5,1382.85,286.0
2018-12-06,111.72,687.45,859.19,222.75
2018-12-07,96.4,574.12,721.91,200.0
2018-12-08,42.6,357.85,423.3,345.0
2018-12-09,73.9,437.95,550.9,229.5
2018-12-10,365.49,1046.88,1607.49,368.5
2018-12-11,1295.36,1396.62,3383.11,816.0
2018-12-12,138.75,853.1,1065.7,499.38
2018-12-13,497.2,1051.45,1813.5,517.07
2018-12-14,628.25,1071.75,2035.15,592.17
2018-12-15,72.75,522.15,633.8,423.78
2018-12-16,208.05,779.35,1098.5,348.88
2018-12-17,218.45,909.45,1244.7,372.98
2018-12-18,118.05,466.85,647.7,317.25
2018-12-19,162.1,805.1,1053.75,241.0
2018-12-20,112.4,673.1,845.35,310.5
2018-12-21,59.95,482.55,574.25,400.5
2018-12-22,66.45,586.55,688.65,348.5
2018-12-23,100.95,618.7,773.55,207.0
2018-12-24,1311.55,1212.3,3223.0,542.0
2018-12-25,1460.7,1133.6,3373.35,548.5
2018-12-26,269.75,854.0,1267.75,373.5
2018-12-27,3320.0,1533.05,6623.85,995.0
2018-12-28,1512.9,1224.8,3544.25,693.0
2018-12-29,110.55,733.3,902.9,327.5
2018-12-30,136.3,685.8,894.75,237.5
2018-12-31,48.1,420.2,493.75,177.5
2019-01-01,68.55,425.2,530.1,305.5
2019-01-02,216.5,806.2,1138.05,402.0
2019-01-03,235.85,1033.75,1395.3,441.5
2019-01-04,321.55,1101.65,1594.55,712.5
2019-01-05,101.5,775.45,930.6,502.5
2019-01-06,141.65,919.15,1135.95,517.0
2019-01-07,93.0,748.0,890.4,421.5
2019-01-08,134.3,688.4,894.35,499.5
2019-01-09,167.45,769.15,1025.85,390.0
2019-01-10,724.25,1248.6,2359.15,745.0
2019-01-11,357.1,1078.4,1625.7,476.0
2019-01-12,60.1,592.4,684.35,213.5
2019-01-13,37.0,325.65,382.5,208.5
2019-01-14,139.95,724.45,939.05,427.5
2019-01-15,115.8,823.05,1000.2,290.5
2019-01-16,88.8,626.6,762.4,209.5
2019-01-17,194.62,863.7,1162.32,335.5
2019-01-18,663.88,1135.53,2153.43,527.0
2019-01-19,130.0,631.6,831.2,472.0
2019-01-20,707.7,1164.45,2249.55,774.0
2019-01-21,1760.55,1345.05,4044.4,930.5
2019-01-22,313.95,1051.35,1532.8,300.5
2019-01-23,593.8,1131.8,2041.8,421.5
2019-01-24,1453.7,1669.9,3899.35,692.5
2019-01-25,567.6,1213.4,2083.85,439.5
2019-01-26,49.45,426.1,502.05,191.5
2019-01-27,40.2,244.5,306.0,278.5
2019-01-28,295.25,895.55,1348.55,397.5
2019-01-29,353.5,1150.25,1692.5,398.0
2019-01-30,671.85,1296.25,2326.6,397.0
2019-01-31,2060.55,1397.05,4556.45,608.0
2019-02-01,261.5,799.7,1200.75,318.5
2019-02-02,136.35,591.0,800.05,362.5
2019-02-03,256.8,836.95,1230.5,362.0
2019-02-04,451.7,868.55,1561.1,263.5
2019-02-05,372.4,887.45,1458.25,263.0
2019-02-06,242.3,904.1,1275.6,271.0
2019-02-07,62.8,437.45,533.55,284.0
2019-02-08,53.5,342.55,424.8,259.0
2019-02-09,43.5,293.35,360.0,333.5
2019-02-10,68.05,483.35,587.55,151.5
2019-02-11,292.25,1009.8,1458.25,356.0
2019-02-12,217.95,1042.35,1376.95,414.0
2019-02-13,214.25,911.0,1239.35,523.5
2019-02-14,1597.57,1521.8,3970.92,787.75
2019-02-15,1629.2,1587.5,4085.65,990.0
2019-02-16,155.7,915.35,1154.0,691.0
2019-02-17,181.7,764.1,1042.65,697.5
2019-02-18,117.25,815.4,995.25,413.0
2019-02-19,108.45,644.65,811.1,451.5
2019-02-20,92.95,614.05,756.4,427.5
2019-02-21,101.0,768.2,923.3,540.5
2019-02-22,614.85,1202.95,2145.8,748.5
2019-02-23,653.35,1072.95,2074.6,769.0
2019-02-24,1080.6,1484.65,3141.65,1007.5
2019-02-25,1723.35,1840.05,4482.45,1207.5
2019-02-26,2245.75,2174.3,5617.7,1381.0
2019-02-27,1790.15,1992.1,4737.25,1389.5
2019-02-28,148.55,1045.55,1273.5,685.0
2019-03-01,200.35,915.2,1222.5,660.0
2019-03-02,69.3,462.9,569.25,365.5
2019-03-03,26.0,244.2,284.3,252.0
2019-03-04,78.3,486.7,606.7,236.0
2019-03-05,94.8,543.75,689.2,298.0
2019-03-06,87.75,437.5,572.05,353.5
2019-03-07,58.58,415.83,505.52,294.75
2019-03-08,130.15,651.05,850.9,288.0
2019-03-09,44.85,382.2,451.25,463.5
2019-03-10,41.3,331.45,394.55,215.0
2019-03-11,68.0,424.05,528.55,327.5
2019-03-12,59.8,450.4,541.9,223.5
2019-03-13,58.6,370.85,461.1,395.0
2019-03-14,54.0,407.95,490.6,289.0
2019-03-15,56.6,366.6,453.25,163.0
2019-03-16,31.05,207.2,254.65,254.5
2019-03-17,55.0,389.4,473.7,158.5
2019-03-18,160.2,909.0,1154.8,345.0
2019-03-19,186.85,952.3,1238.8,372.0
2019-03-20,99.6,656.7,809.65,303.0
2019-03-21,243.0,863.05,1235.4,356.0
2019-03-22,113.05,639.85,813.35,367.0
2019-03-23,161.8,812.75,1060.7,469.5
2019-03-24,105.6,719.6,881.25,442.5
2019-03-25,127.75,615.8,811.45,443.0
2019-03-26,406.75,1323.05,1946.85,651.5
2019-03-27,234.4,1096.55,1456.05,492.0
2019-03-28,247.75,1123.95,1503.85,597.5
2019-03-29,769.02,1374.6,2553.47,1018.0
2019-03-30,732.75,1310.25,2434.1,1188.0
2019-03-31,73.85,392.85,505.9,678.0
2019-04-01,152.1,589.9,823.15,521.5
2019-04-02,153.75,996.35,1231.95,605.0
2019-04-03,189.9,944.6,1235.8,339.0
2019-04-04,99.35,511.85,664.3,287.0
2019-04-05,75.3,502.8,618.3,396.5
2019-04-06,111.35,533.0,703.45,395.5
2019-04-07,151.45,581.7,813.6,972.0
2019-04-08,330.1,1092.55,1598.95,1025.0
2019-04-09,188.28,708.77,997.32,851.5
2019-04-10,120.3,443.6,628.35,473.0
2019-04-11,127.8,571.6,767.7,397.5
2019-04-12,132.75,626.15,830.0,379.5
2019-04-13,122.4,645.3,832.55,375.0
2019-04-14,89.75,548.05,685.5,508.0
2019-04-15,185.95,842.7,1127.8,870.0
2019-04-16,378.15,1302.8,1882.6,1182.68
2019-04-17,252.0,998.95,1385.25,1232.97
2019-04-18,215.75,966.6,1297.65,1138.42
2019-04-19,133.6,1031.7,1236.35,1003.36
2019-04-20,86.1,835.15,967.0,960.81
2019-04-21,72.95,949.2,1061.05,998.76
2019-04-22,83.3,1110.15,1237.95,1120.71
2019-04-23,175.7,1140.5,1409.75,926.79
2019-04-24,232.5,891.4,1247.85,838.0
2019-04-25,72.0,373.5,484.2,300.0
2019-04-26,97.85,472.85,622.75,379.0
2019-04-27,34.8,263.15,316.35,376.0
2019-04-28,85.15,478.15,608.55,299.5
2019-04-29,154.7,786.0,1023.25,431.5
2019-04-30,139.45,828.95,1042.65,514.0
2019-05-01,172.85,875.25,1140.35,528.5
2019-05-02,96.45,656.45,804.2,345.5
2019-05-03,193.55,807.4,1104.45,319.0
2019-05-04,109.9,408.75,576.95,342.0
2019-05-05,66.45,457.8,559.95,408.0
2019-05-06,57.3,454.45,542.35,239.5
2019-05-07,102.05,562.35,718.6,411.5
2019-05-08,83.5,583.5,711.45,347.0
2019-05-09,243.9,834.45,1208.45,421.5
2019-05-10,133.2,725.1,929.3,325.0
2019-05-11,124.4,798.75,989.3,402.5
2019-05-12,131.05,626.0,827.15,281.0
2019-05-13,112.25,597.55,769.5,310.0
2019-05-14,112.05,490.6,662.45,312.0
2019-05-15,128.05,631.25,827.85,543.0
2019-05-16,124.9,528.45,719.85,459.0
2019-05-17,163.25,702.75,952.95,444.0
2019-05-18,113.1,735.15,909.0,413.5
2019-05-19,158.85,718.25,962.0,481.0
2019-05-20,125.5,752.15,944.35,455.0
2019-05-21,101.45,639.4,794.85,404.0
2019-05-22,86.15,611.2,742.8,322.5
2019-05-23,78.1,594.05,713.7,322.5
2019-05-24,99.35,655.6,807.75,411.0
2019-05-25,52.75,376.7,457.7,221.5
2019-05-26,58.4,317.0,406.95,229.5
2019-05-27,48.95,291.95,366.85,265.5
2019-05-28,113.07,405.94,579.01,227.75
2019-05-29,107.38,472.36,636.99,304.5
2019-05-30,93.58,303.63,446.88,328.75
2019-05-31,95.15,369.77,515.6,216.25
2019-06-01,100.8,466.1,620.7,259.5
2019-06-02,45.55,352.4,422.25,338.0
2019-06-03,66.0,325.2,426.25,405.5
2019-06-04,151.0,671.65,903.5,394.0
2019-06-05,82.15,422.25,548.25,296.0
2019-06-06,110.25,431.6,600.7,298.0
2019-06-07,103.43,704.88,863.47,327.5
2019-06-08,45.25,270.0,339.1,261.0
2019-06-09,53.55,388.0,470.25,232.5
2019-06-10,128.9,627.65,825.35,218.0
2019-06-11,128.95,439.45,637.1,203.5
2019-06-12,142.75,698.95,917.85,177.5
2019-06-13,76.0,444.3,560.5,246.0
2019-06-14,78.85,378.95,500.0,276.5
2019-06-15,54.55,352.65,436.3,234.5
2019-06-16,45.45,257.45,327.0,221.5
2019-06-17,75.2,370.55,485.35,292.0
2019-06-18,175.4,831.5,1100.85,351.5
2019-06-19,122.15,746.15,933.35,419.0
2019-06-20,75.9,453.65,570.05,279.5
2019-06-21,83.65,495.5,623.8,303.0
2019-06-22,61.3,439.95,533.95,297.5
2019-06-23,76.25,525.75,642.75,565.0
2019-06-24,179.75,875.9,1151.25,660.0
2019-06-25,126.4,672.7,866.6,442.0
2019-06-26,86.7,328.9,461.55,320.0
2019-06-27,91.65,283.35,423.9,390.5
2019-06-28,79.8,322.5,444.8,574.0
2019-06-29,179.3,676.15,951.15,638.0
2019-06-30,39.15,260.15,320.45,358.0
2019-07-01,67.15,301.2,404.25,296.0
2019-07-02,118.8,437.45,619.55,339.5
2019-07-03,104.88,480.35,640.93,367.5
2019-07-04,112.4,630.25,802.35,391.5
2019-07-05,74.45,650.1,764.3,476.0
2019-07-06,99.1,438.65,590.95,286.0
2019-07-07,80.15,314.6,437.45,303.0
2019-07-08,138.35,554.9,767.0,395.5
2019-07-09,112.05,559.55,731.3,457.5
2019-07-10,88.05,474.2,609.15,464.0
2019-07-11,65.25,412.65,512.6,346.5
2019-07-12,57.35,255.4,343.2,321.0
2019-07-13,63.8,265.25,362.65,286.5
2019-07-14,61.2,236.85,330.85,247.0
2019-07-15,89.6,302.7,439.95,256.0
2019-07-16,73.75,463.65,577.05,431.5
2019-07-17,66.35,462.75,564.6,442.5
2019-07-18,76.45,390.95,508.3,372.0
2019-07-19,101.8,392.45,548.5,323.0
2019-07-20,45.8,216.35,286.55,241.5
2019-07-21,53.55,230.35,312.35,257.5
2019-07-22,73.0,316.3,427.85,341.0
2019-07-23,151.4,613.5,845.7,608.5
2019-07-24,64.9,655.5,754.9,621.5
2019-07-25,156.7,863.35,1103.7,784.5
2019-07-26,105.5,617.15,778.8,522.0
2019-07-27,51.65,389.55,468.45,267.0
2019-07-28,35.55,277.95,332.2,287.5
2019-07-29,85.45,425.95,556.6,357.5
2019-07-30,56.8,282.45,369.4,419.5
2019-07-31,59.85,324.85,416.85,315.5
2019-08-01,77.8,455.1,574.6,373.5
2019-08-02,75.7,435.1,550.6,479.0
2019-08-03,65.3,441.5,541.8,404.0
2019-08-04,71.35,480.15,589.55,435.0
2019-08-05,68.55,344.35,449.25,380.25
2019-08-06,54.55,259.5,343.1,402.5
2019-08-07,63.0,342.1,438.6,327.0
2019-08-08,70.35,354.8,462.75,313.0
2019-08-09,53.15,295.35,376.95,383.5
2019-08-10,29.4,134.95,180.15,518.5
2019-08-11,35.45,189.65,244.15,394.5
2019-08-12,114.0,640.55,815.5,310.5
2019-08-13,61.5,424.15,518.1,261.0
2019-08-14,97.75,505.8,655.6,219.5
2019-08-15,59.45,356.25,447.55,286.0
2019-08-16,88.15,431.4,566.55,274.5
2019-08-17,34.25,210.3,263.0,271.5
2019-08-18,32.85,238.55,289.15,287.5
2019-08-19,63.85,353.75,451.7,320.0
2019-08-20,63.45,505.35,602.5,383.0
2019-08-21,89.0,578.7,715.25,404.0
2019-08-22,62.9,455.6,551.85,379.0
2019-08-23,187.5,883.0,1170.3,531.0
2019-08-24,155.0,1078.9,1316.6,864.0
2019-08-25,60.9,937.8,1031.3,933.5
2019-08-26,106.2,1127.0,1289.85,827.0
2019-08-27,150.05,1131.9,1362.2,921.0
2019-08-28,59.2,418.5,509.5,332.5
2019-08-29,74.15,390.05,503.65,300.5
2019-08-30,70.05,441.25,548.85,371.0
2019-08-31,60.4,497.75,590.15,324.0
2019-09-01,47.2,327.5,399.6,250.0
2019-09-02,93.9,553.2,696.95,403.0
2019-09-03,55.1,412.05,496.65,317.25
2019-09-04,56.25,321.8,408.25,254.5
2019-09-05,108.65,581.65,748.15,350.0
2019-09-06,123.0,715.7,904.15,418.5
2019-09-07,96.15,463.9,611.2,322.5
2019-09-08,99.95,617.95,771.4,366.0
2019-09-09,158.45,834.65,1077.6,376.0
2019-09-10,432.95,952.85,1616.8,482.5
2019-09-11,99.0,460.3,611.85,318.0
2019-09-12,91.9,408.3,549.35,356.75
2019-09-13,114.45,477.5,653.4,349.0
2019-09-14,210.9,970.5,1293.95,489.0
2019-09-15,100.25,804.05,958.0,377.5
2019-09-16,202.65,681.75,992.1,368.0
2019-09-17,126.55,565.1,758.85,399.0
2019-09-18,209.9,799.1,1120.9,490.5
2019-09-19,465.75,1030.7,1744.85,609.5
2019-09-20,274.4,913.9,1334.55,673.0
2019-09-21,131.3,992.75,1194.3,696.25
2019-09-22,96.3,719.1,866.6,423.5
2019-09-23,92.35,373.85,515.35,321.0
2019-09-24,108.2,456.05,621.9,258.0
2019-09-25,97.3,445.0,593.85,262.5
2019-09-26,82.72,438.75,565.6,347.0
2019-09-27,80.45,414.1,537.45,375.5
2019-09-28,53.2,316.35,398.2,314.0
2019-09-29,50.15,262.75,339.75,192.0
2019-09-30,187.85,585.65,873.85,307.0
2019-10-01,143.15,606.8,826.2,309.0
2019-10-02,230.55,738.0,1091.4,328.0
2019-10-03,846.18,986.32,2283.52,465.5
2019-10-04,237.45,793.4,1157.75,497.5
2019-10-05,104.4,612.85,772.9,372.0
2019-10-06,59.35,392.9,483.8,273.5
2019-10-07,212.0,674.75,999.35,289.5
2019-10-08,82.93,436.75,563.68,455.5
2019-10-09,77.25,446.8,565.5,296.5
2019-10-10,87.65,393.5,528.1,399.0
2019-10-11,48.9,356.65,432.0,238.0
2019-10-12,115.2,664.55,841.35,198.5
2019-10-13,56.35,446.55,533.2,230.5
2019-10-14,325.1,837.25,1335.8,370.5
2019-10-15,159.95,653.6,898.9,300.0
2019-10-16,192.25,752.65,1047.3,359.5
2019-10-17,202.1,756.5,1066.65,331.5
2019-10-18,76.15,432.85,549.25,366.0
2019-10-19,127.05,681.35,876.1,317.5
2019-10-20,239.1,684.55,1050.6,369.5
2019-10-21,120.75,554.6,739.6,311.5
2019-10-22,781.95,1079.4,2278.3,550.0
2019-10-23,1434.45,1214.7,3414.3,764.0
2019-10-24,667.5,971.6,1995.5,611.0
2019-10-25,190.5,556.2,848.05,319.0
2019-10-26,49.4,366.55,442.1,319.0
2019-10-27,179.3,742.7,1017.75,355.5
2019-10-28,453.4,974.5,1669.9,442.5
2019-10-29,156.8,783.65,1024.22,303.0
2019-10-30,210.55,902.95,1225.9,554.5
2019-10-31,536.35,968.5,1790.8,847.0
2019-11-01,359.15,769.55,1320.1,387.5
2019-11-02,47.0,263.75,335.7,324.5
2019-11-03,124.8,638.8,830.25,383.5
2019-11-04,654.3,965.05,1968.15,450.0
2019-11-05,302.15,757.2,1220.7,457.0
2019-11-06,341.9,949.95,1474.5,657.0
2019-11-07,168.9,839.7,1098.6,329.5
2019-11-08,1358.3,1103.2,3186.1,588.0
2019-11-09,244.85,794.8,1170.2,437.5
2019-11-10,461.05,877.25,1584.2,493.75
2019-11-11,105.05,638.8,799.8,340.5
2019-11-12,88.4,621.25,756.7,252.75
2019-11-13,239.9,844.7,1212.8,278.71
2019-11-14,285.05,965.95,1403.15,238.24
2019-11-15,207.25,707.55,1025.35,306.76
2019-11-16,530.6,1018.8,1832.6,345.29
2019-11-17,1856.65,1338.75,4185.45,518.32
2019-11-18,725.16,983.69,2095.81,284.34
2019-11-19,2791.27,1725.64,6005.44,495.37
2019-11-20,463.55,986.22,1696.62,335.39
2019-11-21,283.05,864.1,1298.0,456.92
2019-11-22,158.35,831.4,1074.0,275.45
2019-11-23,398.8,931.55,1542.8,356.47
2019-11-24,769.1,821.6,2000.9,393.5
2019-11-25,161.9,735.05,983.35,273.53
2019-11-26,98.4,654.45,805.05,319.21
2019-11-27,167.65,919.45,1176.6,262.34
2019-11-28,208.45,732.8,1052.25,336.66
2019-11-29,873.85,1193.85,2533.55,552.43
2019-11-30,1267.7,1387.55,3331.15,647.06
2019-12-01,173.35,713.3,978.95,502.44
2019-12-02,1031.25,1443.3,3024.1,630.32
2019-12-03,776.15,1528.45,2718.65,543.21
2019-12-04,2791.45,1745.75,6025.75,602.59
2019-12-05,906.65,1053.08,2443.4,468.95
2019-12-06,44.3,507.85,575.5,214.5
2019-12-07,57.7,537.3,625.85,331.0
2019-12-08,23.45,263.5,299.6,346.0
2019-12-09,212.2,741.85,1067.4,401.0
2019-12-10,138.95,702.6,916.0,398.0
2019-12-11,160.55,873.0,1118.7,352.5
2019-12-12,138.2,822.65,1034.65,261.0
2019-12-13,63.7,527.95,625.55,364.0
2019-12-14,46.9,472.55,544.6,437.5
2019-12-15,42.45,333.75,398.85,368.5
2019-12-16,523.15,1180.85,1983.15,411.5
2019-12-17,252.15,1163.75,1550.35,317.0
2019-12-18,501.0,1037.7,1806.3,419.0
2019-12-19,102.9,435.8,593.8,440.5
2019-12-20,202.65,848.8,1159.3,209.0
2019-12-21,71.45,402.25,511.9,265.5
2019-12-22,54.45,505.05,588.65,308.0
2019-12-23,98.35,625.7,776.3,398.5
2019-12-24,56.5,444.2,530.9,408.0
2019-12-25,585.1,817.9,1714.95,503.5
2019-12-26,201.55,600.5,909.35,389.5
2019-12-27,772.65,906.5,2091.15,530.0
2019-12-28,355.65,705.5,1250.7,489.5
2019-12-29,133.95,648.35,853.55,501.0
2019-12-30,521.1,983.3,1782.2,632.5
2019-12-31,517.05,961.2,1754.25,791.5
2020-01-01,628.65,1091.15,2054.9,1276.0
2020-01-02,82.55,497.25,624.05,315.0
2020-01-03,78.4,615.75,736.05,302.14
2020-01-04,77.5,822.5,940.95,357.16
2020-01-05,41.05,528.75,591.55,282.06
2020-01-06,96.35,488.82,636.62,382.96
2020-01-07,105.05,680.16,841.43,439.86
2020-01-08,162.3,772.4,1021.4,497.26
2020-01-09,68.3,445.1,550.1,334.16
2020-01-10,103.8,763.65,922.85,367.06
2020-01-11,38.2,341.45,399.8,429.96
2020-01-12,49.55,395.65,471.2,339.86
2020-01-13,69.12,444.5,550.1,361.52
2020-01-14,53.22,392.58,474.52,316.0
2020-01-15,96.5,655.75,804.05,303.0
2020-01-16,90.6,491.35,630.45,375.5
2020-01-17,75.3,589.05,704.6,266.0
2020-01-18,161.9,970.2,1218.35,433.0
2020-01-19,632.35,1276.75,2246.3,572.5
2020-01-20,2194.25,1888.05,5252.75,1020.0
2020-01-21,2465.35,1930.9,5710.95,1035.0
2020-01-22,1318.6,1440.75,3462.85,865.5
2020-01-23,513.55,1165.75,1953.0,474.5
2020-01-24,492.4,1214.3,1969.65,489.0
2020-01-25,101.25,736.65,891.9,636.5
2020-01-26,68.1,483.9,588.15,529.5
2020-01-27,95.4,741.9,888.1,274.5
2020-01-28,106.9,582.07,745.85,290.5
2020-01-29,115.05,584.05,760.1,474.0
2020-01-30,137.5,575.2,786.2,294.5
2020-01-31,72.0,406.5,516.8,168.25
2020-02-01,52.25,326.5,406.7,448.0
2020-02-02,54.95,363.55,447.95,487.5
2020-02-03,81.0,447.7,572.3,523.0
2020-02-04,97.35,515.95,664.95,428.0
2020-02-05,727.4,1110.85,2226.35,832.5
2020-02-06,1514.3,1219.6,3541.75,887.5
2020-02-07,581.1,797.8,1688.85,833.5
2020-02-08,65.9,389.3,490.3,481.5
2020-02-09,28.5,167.4,211.3,343.5
2020-02-10,49.4,313.2,388.95,365.0
2020-02-11,52.0,335.45,415.3,401.0
2020-02-12,83.85,495.95,624.4,375.5
2020-02-13,81.55,472.75,597.85,227.28
2020-02-14,264.81,630.57,1036.59,420.38
2020-02-15,37.94,227.4,285.29,271.6
2020-02-16,33.55,225.4,277.4,282.33
2020-02-17,56.2,340.9,427.05,449.55
2020-02-18,60.72,420.28,513.28,379.36
2020-02-19,89.1,521.3,657.6,395.0
2020-02-20,56.95,394.25,481.3,261.0
2020-02-21,57.75,365.55,454.1,545.0
2020-02-22,36.45,257.6,313.4,508.0
2020-02-23,66.1,338.3,439.2,221.5
2020-02-24,67.15,386.5,489.5,224.5
2020-02-25,62.05,420.05,514.95,292.5
2020-02-26,81.05,501.2,625.25,320.0
2020-02-27,131.0,637.3,837.9,322.0
2020-02-28,103.55,591.75,750.45,360.0
2020-02-29,41.3,247.65,310.95,502.5
2020-03-01,39.65,258.15,318.85,348.5
2020-03-02,105.15,548.6,709.75,295.5
2020-03-03,130.0,687.7,887.15,447.0
2020-03-04,288.5,906.05,1348.65,481.0
2020-03-05,137.4,578.15,788.75,388.0
2020-03-06,393.1,783.7,1386.6,565.0
2020-03-07,226.5,674.5,1021.65,597.0
2020-03-08,43.65,306.95,373.95,323.5
2020-03-09,76.85,444.0,561.9,355.0
2020-03-10,89.55,372.5,509.75,185.5
2020-03-11,74.7,398.9,513.85,280.5
2020-03-12,60.45,366.3,458.7,444.0
2020-03-13,89.35,508.55,645.5,468.0
2020-03-14,78.8,407.5,528.3,332.5
2020-03-15,59.65,378.65,470.5,287.5
2020-03-16,144.2,651.2,872.2,432.0
2020-03-17,86.95,493.15,626.65,480.5
2020-03-18,91.55,438.4,579.05,432.0
2020-03-19,233.25,645.0,1002.85,497.0
2020-03-20,98.57,430.58,581.9,401.0
2020-03-21,86.1,406.6,538.75,462.0
2020-03-22,74.2,395.2,508.8,509.5
2020-03-23,191.75,747.0,1041.2,639.0
2020-03-24,186.9,727.5,1014.1,619.0
2020-03-25,413.95,877.25,1512.05,836.5
2020-03-26,114.5,628.3,803.7,954.0
2020-03-27,62.6,414.2,510.3,944.0
2020-03-28,33.05,233.65,284.05,605.0
2020-03-29,25.95,155.35,195.05,428.5
2020-03-30,61.4,337.45,431.6,362.0
2020-03-31,67.4,389.25,492.5,493.0
2020-04-01,122.45,647.7,835.55,534.5
2020-04-02,61.75,489.5,583.7,326.0
2020-04-03,113.45,593.85,767.8,482.5
2020-04-04,147.5,648.55,874.35,530.5
2020-04-05,53.7,462.1,544.25,523.5
2020-04-06,82.9,517.65,644.5,403.5
2020-04-07,202.25,945.85,1256.05,716.0
2020-04-08,154.3,1042.8,1279.4,1289.0
2020-04-09,220.55,1045.05,1383.45,1354.5
2020-04-10,121.9,916.7,1103.5,1127.5
2020-04-11,258.3,1124.55,1520.75,872.5
2020-04-12,76.0,496.8,613.15,676.0
2020-04-13,30.1,177.1,223.2,536.0
2020-04-14,37.15,318.95,375.9,456.5
2020-04-15,93.9,669.5,813.5,806.62
2020-04-16,117.45,832.85,1012.8,946.75
2020-04-17,65.15,481.15,581.0,561.62
2020-04-18,100.45,599.15,753.15,600.0
2020-04-19,87.7,516.35,650.6,536.5
2020-04-20,64.25,409.8,508.75,661.0
2020-04-21,67.05,475.7,578.8,853.5
2020-04-22,81.45,507.7,632.55,803.5
2020-04-23,98.55,647.4,798.6,851.5
2020-04-24,86.35,572.4,705.05,733.5
2020-04-25,46.95,360.2,432.3,441.75
2020-04-26,63.15,438.75,535.65,455.0
2020-04-27,108.6,582.55,748.85,569.0
2020-04-28,107.95,524.2,689.6,256.5
2020-04-29,138.94,422.13,635.21,328.75
2020-04-30,165.28,415.62,669.67,366.5
2020-05-01,191.54,414.97,708.92,336.5
2020-05-02,221.05,404.32,743.72,277.88
2020-05-03,262.71,564.73,967.78,375.83
2020-05-04,173.5,560.85,826.9,412.22
2020-05-05,75.4,401.05,516.55,436.81
2020-05-06,117.45,479.3,659.15,512.5
2020-05-07,209.0,540.1,860.65,571.0
2020-05-08,218.2,636.6,971.1,593.0
2020-05-09,239.15,610.45,977.1,839.0
2020-05-10,117.75,355.85,536.5,602.5
2020-05-11,82.35,248.65,374.95,405.0
2020-05-12,125.55,409.0,601.6,338.0
2020-05-13,103.45,294.9,453.5,335.5
2020-05-14,109.4,302.08,469.62,278.0
2020-05-15,155.9,477.3,716.5,387.5
2020-05-16,108.25,359.55,525.6,307.5
2020-05-17,117.35,358.3,538.3,322.5
2020-05-18,93.05,271.25,413.7,336.5
2020-05-19,106.35,309.35,472.6,288.0
2020-05-20,153.35,395.4,630.65,326.0
2020-05-21,140.4,422.75,637.95,437.0
2020-05-22,60.25,183.65,276.0,665.0
2020-05-23,74.75,132.05,246.45,530.0
2020-05-24,77.45,220.55,339.35,383.0
2020-05-25,98.25,287.0,437.5,377.0
2020-05-26,119.7,406.3,589.7,379.5
2020-05-27,137.65,424.75,635.7,408.5
2020-05-28,105.3,219.65,381.3,335.0
2020-05-29,122.57,313.01,500.82,410.5
2020-05-30,88.98,263.58,400.59,445.5
2020-05-31,67.82,230.41,334.9,365.5
2020-06-01,94.06,248.91,393.44,364.5
2020-06-02,114.5,378.72,554.57,392.0
2020-06-03,132.72,525.19,728.72,522.5
2020-06-04,133.95,260.35,466.05,248.5
2020-06-05,137.25,260.65,471.3,232.0
2020-06-06,159.4,356.65,601.15,231.0
2020-06-07,255.35,329.1,720.3,207.0
2020-06-08,289.3,374.7,818.05,338.5
2020-06-09,197.55,352.75,655.65,323.0
2020-06-10,252.3,453.75,840.5,338.5
2020-06-11,242.68,443.85,815.42,378.5
2020-06-12,223.95,538.7,882.1,538.5
2020-06-13,169.5,436.5,696.15,353.0
2020-06-14,118.85,313.45,495.85,356.5
2020-06-15,135.35,400.55,544.57,279.5
2020-06-16,85.4,420.1,551.05,317.5
2020-06-17,131.55,634.0,835.7,361.5
2020-06-18,168.2,454.65,712.5,197.5
2020-06-19,131.0,343.65,544.35,293.5
2020-06-20,95.05,282.05,428.2,256.5
2020-06-21,99.5,247.9,400.6,266.5
2020-06-22,111.7,334.55,505.9,446.5
2020-06-23,104.65,475.6,636.15,481.5
2020-06-24,105.2,756.45,917.82,705.0
2020-06-25,72.68,641.75,753.88,708.5
2020-06-26,73.05,577.9,689.8,577.5
2020-06-27,35.18,158.32,212.3,327.0
2020-06-28,29.5,150.95,196.15,298.0
2020-06-29,45.13,216.61,285.91,410.5
2020-06-30,73.15,325.19,437.42,275.5
2020-07-01,62.8,288.7,385.1,226.5
2020-07-02,78.81,373.84,495.01,249.0
2020-07-03,50.09,224.26,301.69,336.5
2020-07-04,36.25,146.2,202.0,175.5
2020-07-05,25.4,105.25,144.15,333.0
2020-07-06,43.45,255.8,322.15,344.5
2020-07-07,69.95,446.15,553.05,352.0
2020-07-08,103.35,363.9,522.3,196.5
2020-07-09,93.05,266.55,408.95,225.5
2020-07-10,53.45,317.9,399.75,265.5
2020-07-11,73.15,418.4,530.45,339.5
2020-07-12,109.7,474.6,643.1,401.5
2020-07-13,56.6,414.7,501.45,343.5
2020-07-14,81.74,325.92,450.41,310.5
2020-07-15,54.16,340.55,423.57,289.5
2020-07-16,67.0,322.9,425.55,296.5
2020-07-17,75.05,400.1,515.45,465.5
2020-07-18,37.85,235.75,293.65,344.5
2020-07-19,56.0,278.3,364.45,282.0
2020-07-20,77.3,352.0,470.9,346.0
2020-07-21,86.0,464.6,596.4,394.0
2020-07-22,45.7,355.22,425.12,453.0
2020-07-23,39.0,351.45,411.6,443.5
2020-07-24,56.75,285.5,372.45,328.5
2020-07-25,41.45,216.35,280.1,263.5
2020-07-26,34.1,162.1,214.1,346.0
2020-07-27,65.65,237.1,337.45,391.0
2020-07-28,48.35,238.55,312.75,320.5
2020-07-29,73.3,417.05,529.45,363.0
2020-07-30,92.05,557.15,698.2,411.5
2020-07-31,72.55,652.15,763.3,875.0
2020-08-01,32.85,200.4,251.0,349.0
2020-08-02,25.05,173.8,212.3,304.5
2020-08-03,67.7,316.1,419.6,337.5
2020-08-04,111.35,424.55,595.25,445.0
2020-08-05,40.15,220.55,282.15,444.5
2020-08-06,84.9,470.75,601.1,423.0
2020-08-07,256.2,1191.2,1583.85,829.0
2020-08-08,84.55,856.25,986.1,862.0
2020-08-09,24.2,274.3,311.45,783.0
2020-08-10,44.8,509.0,577.5,958.0
2020-08-11,52.0,780.35,860.25,1086.5
2020-08-12,45.7,809.7,879.95,1367.0
2020-08-13,43.35,415.55,482.25,761.0
2020-08-14,65.4,413.6,513.85,503.0
2020-08-15,74.7,502.6,616.95,566.41
2020-08-16,71.7,586.0,695.95,662.28
2020-08-17,72.1,519.25,629.65,434.72
2020-08-18,51.85,267.65,346.95,368.09
2020-08-19,118.7,405.35,587.1,311.5
2020-08-20,46.7,285.6,356.85,608.0
2020-08-21,29.95,163.7,209.55,622.0
2020-08-22,26.05,170.7,210.8,421.5
2020-08-23,27.35,184.95,227.05,320.0
2020-08-24,59.7,334.05,425.55,329.5
2020-08-25,61.84,222.3,316.34,369.0
2020-08-26,118.08,368.96,549.15,341.0
2020-08-27,164.72,483.06,734.56,405.5
2020-08-28,213.6,506.21,832.67,295.5
2020-08-29,235.13,492.15,851.68,355.5
2020-08-30,271.32,559.95,974.94,422.0
2020-08-31,404.05,807.75,1425.75,395.0
2020-09-01,443.85,836.96,1517.24,489.0
2020-09-02,74.35,620.7,734.8,453.0
2020-09-03,48.6,329.83,404.63,339.0
2020-09-04,42.69,352.56,418.5,456.0
2020-09-05,38.5,354.4,414.05,387.5
2020-09-06,39.11,408.93,468.99,382.0
2020-09-07,90.87,412.06,551.84,401.5
2020-09-08,50.28,331.0,408.78,317.0
2020-09-09,51.64,350.78,430.53,384.5
2020-09-10,41.75,423.77,488.32,491.0
2020-09-11,90.96,481.05,621.21,548.0
2020-09-12,28.57,280.19,324.41,368.0
2020-09-13,27.13,314.87,356.9,343.5
2020-09-14,237.19,587.8,951.85,725.5
2020-09-15,86.85,730.44,863.89,1228.0
2020-09-16,26.81,380.57,422.29,754.0
2020-09-17,32.92,292.41,343.18,562.5
2020-09-18,47.98,367.79,441.63,580.0
2020-09-19,32.7,322.38,372.97,608.0
2020-09-20,26.76,310.26,351.37,636.0
2020-09-21,111.17,596.99,767.61,698.0
2020-09-22,111.03,537.13,707.45,780.5
2020-09-23,24.34,295.91,333.35,326.0
2020-09-24,34.17,347.05,399.52,267.0
2020-09-25,46.71,334.68,406.14,331.0
2020-09-26,34.57,245.77,298.33,338.5
2020-09-27,25.63,234.9,274.13,341.5
2020-09-28,62.24,431.43,526.52,415.0
2020-09-29,76.3,478.67,595.62,415.0
2020-09-30,37.11,315.65,372.51,390.5
2020-10-01,46.32,357.64,428.41,297.0
2020-10-02,34.13,381.07,433.15,299.5
2020-10-03,34.89,301.96,355.39,279.0
2020-10-04,28.8,267.29,311.44,174.0
2020-10-05,49.46,359.72,435.43,338.5
2020-10-06,39.17,306.36,366.23,277.0
2020-10-07,46.63,353.74,424.72,367.0
2020-10-08,45.14,359.78,428.42,287.0
2020-10-09,142.9,516.51,735.31,362.0
2020-10-10,47.06,379.9,451.56,272.0
2020-10-11,51.62,357.73,436.3,271.5
2020-10-12,121.43,493.46,679.35,362.5
2020-10-13,72.94,396.95,508.29,329.0
2020-10-14,50.75,334.63,411.88,376.0
2020-10-15,44.01,326.07,393.08,383.0
2020-10-16,76.12,464.85,580.97,388.25
2020-10-17,37.88,378.34,435.62,375.0
2020-10-18,90.94,527.87,666.76,507.5
2020-10-19,32.15,324.71,373.41,498.5
2020-10-20,40.91,311.19,373.55,588.0
2020-10-21,54.42,359.65,443.07,317.0
2020-10-22,60.72,376.07,469.11,408.0
2020-10-23,67.02,392.49,495.14,384.0
2020-10-24,73.31,408.91,521.18,310.5
2020-10-25,79.61,425.33,547.21,296.0
2020-10-26,85.91,441.74,573.25,382.0
2020-10-27,92.21,458.16,599.28,347.5
2020-10-28,98.51,474.58,625.32,478.25
2020-10-29,62.17,377.31,471.87,458.62
2020-10-30,30.12,259.93,305.05,387.13
2020-10-31,23.18,205.07,239.59,391.14
2020-11-01,22.69,161.0,194.79,352.65
2020-11-02,31.64,235.47,283.66,340.21
2020-11-03,74.55,578.5,692.65,407.0
2020-11-04,981.05,1150.45,2654.95,710.0
2020-11-05,2639.15,1447.65,5494.15,1775.5
2020-11-06,1403.65,1178.0,3330.55,1347.5
2020-11-07,863.6,969.05,2293.05,1053.5
2020-11-08,475.25,754.7,1483.35,943.0
2020-11-09,393.65,788.1,1391.75,538.0
2020-11-10,159.8,823.95,1069.08,425.5
2020-11-11,136.55,555.05,764.55,350.0
2020-11-12,57.35,449.75,537.75,388.5
2020-11-13,88.75,751.1,887.4,442.5
2020-11-14,35.8,320.45,375.05,372.5
2020-11-15,22.0,245.6,279.25,259.5
2020-11-16,49.4,439.25,515.25,356.5
2020-11-17,32.35,357.15,407.05,349.5
2020-11-18,45.25,364.5,434.05,414.5
2020-11-19,109.55,684.9,852.75,317.5
2020-11-20,186.0,916.85,1202.05,339.0
2020-11-21,25.9,354.25,394.0,269.5
2020-11-22,97.55,636.7,786.45,293.5
2020-11-23,842.05,1148.5,2439.6,598.5
2020-11-24,79.3,497.15,618.8,364.5
2020-11-25,99.35,680.9,833.1,472.0
2020-11-26,727.0,1158.15,2273.3,677.5
2020-11-27,1220.55,1156.7,3028.5,682.5
2020-11-28,558.95,1137.8,1994.8,1041.5
2020-11-29,205.5,958.85,1274.35,736.0
2020-11-30,203.0,742.5,1053.5,457.5
2020-12-01,133.0,746.75,950.75,383.0
2020-12-02,577.7,1256.25,2142.05,588.5
2020-12-03,206.35,973.2,1290.05,269.0
2020-12-04,154.6,839.7,1076.55,300.5
2020-12-05,170.75,739.1,1001.1,382.0
2020-12-06,274.25,866.1,1286.85,424.0
2020-12-07,433.1,1065.3,1729.2,470.0
2020-12-08,948.0,1265.1,2718.45,626.5
2020-12-09,230.45,1001.6,1354.75,448.0
2020-12-10,75.95,595.5,712.2,445.0
2020-12-11,459.9,1164.8,1870.1,400.0
2020-12-12,108.2,717.9,883.6,354.5
2020-12-13,54.35,517.35,600.45,244.5
2020-12-14,45.3,468.25,537.5,342.5
2020-12-15,91.78,705.27,845.9,381.5
2020-12-16,104.75,607.8,768.2,345.5
2020-12-17,68.05,520.45,625.05,335.0
2020-12-18,40.2,285.45,346.95,252.5
2020-12-19,33.95,300.55,352.3,344.0
2020-12-20,27.75,351.25,393.5,287.5
2020-12-21,44.9,353.9,423.0,175.5
2020-12-22,409.35,825.95,1453.55,322.0
2020-12-23,80.75,547.6,671.55,219.0
2020-12-24,70.3,366.4,474.3,239.0
2020-12-25,46.45,460.2,531.6,302.5
2020-12-26,17.05,257.15,283.05,201.25
2020-12-27,81.75,424.65,549.85,274.0
2020-12-28,178.0,830.65,1103.35,398.5
2020-12-29,94.3,628.5,773.25,379.98
2020-12-30,397.8,1017.9,1627.95,384.25
2020-12-31,235.4,869.9,1230.95,381.45
2021-01-01,206.75,671.5,988.2,424.64
2021-01-02,141.35,606.9,823.5,254.33
2021-01-03,112.5,406.45,579.0,233.52
2021-01-04,83.7,275.6,403.45,220.58
2021-01-05,116.05,332.0,510.05,241.0
2021-01-06,228.55,552.05,902.35,303.5
2021-01-07,458.74,966.98,1670.3,537.0
2021-01-08,395.91,910.22,1517.2,574.5
2021-01-09,843.9,941.4,2235.55,602.0
2021-01-10,188.9,813.8,1103.45,455.5
2021-01-11,47.85,443.55,517.0,261.0
2021-01-12,151.85,747.55,980.4,242.0
2021-01-13,548.5,1101.4,1942.45,403.0
2021-01-14,124.9,699.95,891.65,190.0
2021-01-15,762.47,994.55,2163.42,553.0
2021-01-16,124.2,583.15,773.8,279.5
2021-01-17,60.2,427.0,519.3,350.0
2021-01-18,73.8,562.25,675.05,318.5
2021-01-19,37.6,270.45,328.38,160.75
2021-01-20,38.3,253.3,311.8,248.5
2021-01-21,53.85,433.05,515.5,273.5
2021-01-22,166.65,735.1,990.95,351.0
2021-01-23,240.4,806.2,1174.8,300.0
2021-01-24,171.85,959.0,1222.65,347.5
2021-01-25,200.9,914.9,1223.25,361.5
2021-01-26,253.4,815.7,1204.4,292.0
2021-01-27,307.1,947.7,1418.35,326.0
2021-01-28,64.7,502.25,601.6,238.0
2021-01-29,68.4,485.9,590.7,313.5
2021-01-30,84.3,394.8,524.2,266.0
2021-01-31,148.7,521.85,749.85,356.0
2021-02-01,211.25,665.35,989.0,456.5
2021-02-02,108.55,527.1,693.65,470.0
2021-02-03,155.1,726.8,964.8,444.0
2021-02-04,164.5,713.1,965.45,349.5
2021-02-05,104.8,558.7,719.35,298.5
2021-02-06,222.95,656.35,998.2,352.5
2021-02-07,49.4,154.65,230.5,315.0
2021-02-08,109.0,332.85,499.8,249.75
2021-02-09,122.0,508.7,696.55,279.5
2021-02-10,142.1,513.45,731.05,381.0
2021-02-11,118.25,637.75,819.15,464.0
2021-02-12,75.2,499.3,614.55,550.5
2021-02-13,44.7,380.4,448.95,432.5
2021-02-14,66.3,347.45,448.9,469.5
2021-02-15,91.3,528.25,668.15,299.5
2021-02-16,55.8,406.85,492.6,370.0
2021-02-17,41.85,256.05,320.1,386.0
2021-02-18,62.45,332.8,428.55,334.5
2021-02-19,60.8,336.8,430.3,384.0
2021-02-20,42.35,191.45,255.95,867.0
2021-02-21,89.4,499.75,636.95,627.5
2021-02-22,338.6,1009.65,1528.55,713.0
2021-02-23,65.35,331.95,432.35,384.25
2021-02-24,50.05,291.35,367.7,433.35
2021-02-25,87.25,635.85,769.4,437.72
2021-02-26,473.75,1059.55,1786.25,570.24
2021-02-27,611.85,1083.6,2021.8,758.94
2021-02-28,131.95,605.3,807.75,556.0
2021-03-01,125.7,506.2,699.05,787.5
2021-03-02,488.15,758.5,1506.85,1040.5
2021-03-03,553.05,999.0,1847.45,1140.5
2021-03-04,179.6,626.8,902.35,460.5
2021-03-05,128.1,503.5,699.75,380.5
2021-03-06,116.25,625.15,803.45,343.0
2021-03-07,256.15,860.45,1252.95,589.0
2021-03-08,395.45,1281.6,1887.95,965.75
2021-03-09,139.6,690.2,904.55,553.0
2021-03-10,38.95,304.1,363.9,417.5
2021-03-11,44.2,231.7,299.65,426.0
2021-03-12,46.45,271.2,342.45,323.0
2021-03-13,38.45,209.45,268.35,235.0
2021-03-14,35.35,211.5,265.65,254.5
2021-03-15,99.2,599.8,751.55,393.5
2021-03-16,108.8,528.95,696.25,453.0
2021-03-17,147.7,593.03,820.12,744.23
2021-03-18,185.53,731.21,1016.42,772.81
2021-03-19,192.51,754.67,1050.13,814.3
2021-03-20,186.21,741.11,1026.86,851.81
2021-03-21,179.91,727.55,1003.58,889.33
2021-03-22,173.61,713.99,980.31,926.84
2021-03-23,167.32,700.43,957.04,964.35
2021-03-24,161.02,686.86,933.76,1001.87
2021-03-25,154.72,673.3,910.49,1039.38
2021-03-26,148.42,659.74,887.21,1076.89
2021-03-27,142.12,646.18,863.94,1114.41
2021-03-28,135.83,632.62,840.67,1151.92
2021-03-29,129.53,619.05,817.39,1189.43
2021-03-30,123.23,605.49,794.12,1226.95
2021-03-31,116.93,591.93,770.85,1264.46
2021-04-01,110.64,578.37,747.57,737.5
2021-04-02,104.34,564.81,724.3,313.5
2021-04-03,98.04,551.24,701.02,499.5
2021-04-04,91.74,537.68,677.75,504.5
2021-04-05,85.44,524.12,654.48,320.0
2021-04-06,79.15,510.56,631.2,273.5
2021-04-07,72.87,493.87,604.89,305.0
2021-04-08,68.81,413.22,518.04,344.25
2021-04-09,84.63,421.97,551.29,342.5
2021-04-10,82.9,325.73,452.38,348.5
2021-04-11,75.28,397.83,512.98,285.5
2021-04-12,165.5,620.09,873.17,434.5
2021-04-13,491.17,736.59,1489.02,649.75
2021-04-14,131.99,479.59,681.51,469.5
2021-04-15,105.01,391.2,551.5,314.5
2021-04-16,99.33,456.18,608.66,405.5
2021-04-17,53.93,411.55,495.26,340.17
2021-04-18,73.05,476.16,589.15,384.08
2021-04-19,93.33,630.86,774.74,759.0
2021-04-20,122.06,714.37,902.13,1136.5
2021-04-21,138.85,604.85,817.97,1011.5
2021-04-22,83.45,390.15,518.1,549.0
2021-04-23,147.05,633.05,858.45,526.5
2021-04-24,111.35,506.7,677.05,496.0
2021-04-25,58.8,272.3,362.5,350.5
2021-04-26,69.4,301.35,407.8,359.25
2021-04-27,170.6,818.9,1080.75,705.0
2021-04-28,96.8,603.65,752.05,675.0
2021-04-29,74.8,458.95,573.9,359.25
2021-04-30,87.05,619.7,753.1,448.0
2021-05-01,79.15,587.15,708.45,439.5
2021-05-02,58.45,645.75,735.2,493.5
2021-05-03,20.0,231.25,262.25,404.5
2021-05-04,38.85,224.95,284.6,283.5
2021-05-05,68.2,403.4,507.9,225.0
2021-05-06,107.5,507.7,672.35,305.5
2021-05-07,67.0,383.85,486.9,389.25
2021-05-08,28.65,230.55,274.45,323.5
2021-05-09,39.15,209.3,269.4,264.0
2021-05-10,34.65,204.35,257.75,394.0
2021-05-11,111.85,442.72,614.45,419.0
2021-05-12,40.65,266.85,329.15,408.0
2021-05-13,98.9,630.0,781.85,410.5
2021-05-14,61.5,454.2,548.4,397.5
2021-05-15,43.0,401.05,466.75,307.0
2021-05-16,34.9,280.2,333.6,284.5
2021-05-17,73.3,510.1,622.75,297.5
2021-05-18,81.6,454.0,579.35,302.0
2021-05-19,62.0,469.7,564.25,280.0
2021-05-20,55.65,330.2,415.15,489.5
2021-05-21,29.25,160.5,205.6,428.0
2021-05-22,43.6,345.6,412.45,237.5
2021-05-23,25.6,177.9,217.4,258.5
2021-05-24,49.8,311.3,387.5,284.5
2021-05-25,56.15,360.0,446.25,299.5
2021-05-26,68.65,455.0,560.3,351.25
2021-05-27,85.75,593.45,725.25,454.5
2021-05-28,78.75,611.75,732.85,596.5
2021-05-29,59.0,447.15,537.55,553.0
2021-05-30,42.6,228.25,293.2,517.47
2021-05-31,48.55,354.1,428.55,669.52
2021-06-01,77.2,492.85,611.15,649.16
2021-06-02,61.85,742.65,837.55,710.8
2021-06-03,25.15,319.55,357.75,575.94
2021-06-04,92.0,473.45,615.0,484.58
2021-06-05,35.75,353.25,408.05,491.22
2021-06-06,45.3,390.5,460.15,427.37
2021-06-07,49.7,309.1,385.3,405.01
2021-06-08,76.18,393.85,510.6,388.93
2021-06-09,55.7,366.6,452.15,380.5
2021-06-10,71.25,294.35,403.8,327.0
2021-06-11,65.05,268.1,368.0,339.0
2021-06-12,45.4,312.8,382.4,397.0
2021-06-13,34.7,379.75,433.2,493.5
2021-06-14,46.2,382.0,452.65,446.0
2021-06-15,68.45,430.75,536.0,506.0
2021-06-16,74.65,589.15,703.95,564.5
2021-06-17,85.5,473.45,604.7,415.5
2021-06-18,85.0,397.65,528.0,259.0
2021-06-19,81.3,310.2,435.0,322.5
2021-06-20,66.3,232.75,334.2,325.0
2021-06-21,81.3,277.65,402.6,380.5
2021-06-22,89.9,285.2,422.7,461.0
2021-06-23,103.03,438.2,596.38,445.25
2021-06-24,169.8,598.15,858.75,550.0
2021-06-25,89.25,417.45,554.25,348.0
2021-06-26,84.7,331.6,461.7,428.5
2021-06-27,46.9,308.8,380.8,641.5
2021-06-28,97.7,375.2,524.7,448.5
2021-06-29,116.65,376.35,555.15,506.75
2021-06-30,5.15,17.65,25.5,20.0
