MeasurementDateGMT,Islington - Holloway Road: Nitric Oxide (ug/m3),Islington - Holloway Road: Nitrogen Dioxide (ug/m3),Islington - Holloway Road: Oxides of Nitrogen (ug/m3),Islington - Holloway Road: PM10 Particulate (ug/m3)
2018-01-01,330.30000000000007,710.1,1217.0000000000002,278.7
2018-01-02,810.6999999999999,1095.1,2343.9000000000005,459.79999999999995
2018-01-03,395.8,626.1999999999999,1232.8999999999996,580.3999999999999
2018-01-04,595.0,984.1,1891.6000000000004,365.8999999999999
2018-01-05,1061.1000000000001,1328.0999999999997,2960.1,362.50000000000006
2018-01-06,905.9999999999999,1156.3999999999999,2545.4,482.3999999999999
2018-01-07,211.59999999999997,533.7000000000002,858.4999999999999,322.70000000000005
2018-01-08,567.6,722.4999999999999,1593.1000000000004,464.50000000000006
2018-01-09,1766.5000000000002,1214.2,3917.499999999999,786.3999999999999
2018-01-10,1686.7,1695.8000000000002,4282.2,521.3
2018-01-11,1506.9999999999998,1214.9,3525.6000000000004,561.0000000000001
2018-01-12,1581.9,1350.5999999999997,3730.3,629.0
2018-01-13,501.7,867.0,1629.8999999999999,603.8000000000001
2018-01-14,1011.3000000000002,1155.4,2709.4000000000005,691.1
2018-01-15,1155.9000000000003,1319.0,3091.1,329.09999999999997
2018-01-16,963.3000000000002,1205.8999999999999,2682.6000000000004,338.6000000000001
2018-01-17,919.6500000000002,1147.05,2557.0499999999997,413.20000000000005
2018-01-18,888.2000000000002,1077.6999999999998,2439.2999999999997,310.6
2018-01-19,1339.2,1614.2000000000005,3668.1000000000004,447.1
2018-01-20,765.4999999999999,1354.6,2519.2000000000003,258.5
2018-01-21,1158.1,1543.4999999999995,3318.9999999999995,418.1
2018-01-22,1456.5,1446.9,3680.1,429.7
2018-01-23,1357.4999999999998,1338.8,3420.1,300.09999999999997
2018-01-24,1152.1,1264.9000000000003,3008.7000000000003,269.2
2018-01-25,1505.8,1563.8,3870.000000000001,491.1000000000001
2018-01-26,1308.3,1453.3999999999999,3458.8,459.59999999999997
2018-01-27,1422.8,1452.2999999999993,3629.2000000000003,449.9000000000001
2018-01-28,584.8,818.6000000000001,1715.6000000000004,223.30000000000004
2018-01-29,1102.3000000000002,1183.7000000000003,2836.7,284.6
2018-01-30,2902.3,2066.4,6513.0,627.3999999999999
2018-01-31,986.1,1197.3,2709.4000000000005,323.79999999999995
2018-02-01,957.1000000000001,1114.8,2579.1000000000004,349.0
2018-02-02,1310.7,1291.1,3301.3,487.20000000000005
2018-02-03,1102.5,1596.1000000000001,3279.7000000000007,382.1000000000001
2018-02-04,244.1,681.3000000000001,1055.6,285.1
2018-02-05,506.20000000000005,908.4000000000002,1684.6,380.6000000000001
2018-02-06,664.1999999999999,1082.2,2100.8,541.8000000000001
2018-02-07,1222.3,1409.6,3294.199999999999,536.3000000000002
2018-02-08,1923.6000000000001,1956.6999999999998,4888.600000000001,602.2999999999998
2018-02-09,1044.7,1293.4999999999998,2895.2000000000007,345.30000000000007
2018-02-10,1369.8,1569.8000000000002,3673.8,339.7
2018-02-11,521.3,738.9000000000001,1538.1,222.9
2018-02-12,1653.4000000000003,1820.6000000000001,4346.0,456.4
2018-02-13,968.6,1320.8999999999999,2786.1000000000004,285.2
2018-02-14,1634.4,1510.1999999999998,4015.9,384.90000000000003
2018-02-15,1068.0,1428.0000000000002,3057.5000000000005,460.6
2018-02-16,2063.0,1968.4,5105.7,638.2
2018-02-17,1871.9000000000003,1973.3999999999994,4843.7,745.6
2018-02-18,1570.4000000000003,1798.3,4196.0,623.2
2018-02-19,1542.1999999999998,1411.7999999999997,3776.4,451.29999999999995
2018-02-20,631.5999999999998,859.3,1827.6000000000004,278.7
2018-02-21,661.5999999999998,1080.1,2094.7999999999997,955.8000000000001
2018-02-22,527.1,938.8,1736.0,752.0965517241378
2018-02-23,580.5,963.7,1851.8999999999996,649.803448275862
2018-02-24,415.69999999999993,779.2,1413.0000000000002,737.6
2018-02-25,234.7,543.1,902.6999999999999,448.2
2018-02-26,353.1,652.9999999999999,1194.3000000000002,370.09999999999997
2018-02-27,620.9,1120.7000000000003,2072.4,409.3
2018-02-28,502.5,834.9999999999999,1605.3999999999999,508.6000000000001
2018-03-01,232.20000000000002,552.5999999999999,908.8000000000001,955.2000000000002
2018-03-02,380.7,796.5000000000001,1380.5,1022.9999999999999
2018-03-03,564.7,1047.5,1906.3,1477.3
2018-03-04,1162.8999999999999,1391.0,3171.4999999999995,809.6999999999997
2018-03-05,1129.4,1388.8999999999996,3120.5999999999995,560.2
2018-03-06,1808.3000000000002,1764.8999999999996,4537.6,498.29999999999995
2018-03-07,1714.3,1824.3000000000002,4449.1,550.9
2018-03-08,1007.9,1180.9999999999998,2726.6000000000004,348.20000000000005
2018-03-09,1651.0000000000002,1641.1,4172.599999999999,557.5
2018-03-10,1445.6000000000001,1472.5,3685.2000000000003,552.7999999999998
2018-03-11,808.8000000000001,1284.2999999999997,2517.6,618.6
2018-03-12,1067.1000000000001,1247.9999999999998,2883.8000000000006,293.0
2018-03-13,1592.1999999999998,1453.0,3888.9999999999995,467.0999999999999
2018-03-14,895.1,1182.0000000000002,2531.2,462.2
2018-03-15,997.5,1423.8000000000002,2940.2999999999993,387.9
2018-03-16,1389.2,1504.6,3628.8,562.9999999999999
2018-03-17,297.7,504.69999999999993,961.0999999999999,416.0
2018-03-18,247.7,456.59999999999997,836.1999999999999,681.1999999999999
2018-03-19,349.5,633.6999999999999,1169.8999999999999,546.3999999999999
2018-03-20,367.59999999999997,826.9999999999999,1391.5,460.7
2018-03-21,1556.8999999999996,1646.6000000000001,4033.6000000000004,720.2999999999998
2018-03-22,1127.2000000000003,1313.7999999999995,3042.5,657.8999999999999
2018-03-23,1398.3000000000002,1557.9,3702.399999999999,657.3000000000001
2018-03-24,628.3000000000002,954.1,1917.7000000000003,654.7
2018-03-25,434.8,973.0000000000001,1639.4,770.0000000000001
2018-03-26,1158.8,1515.5,3292.1,432.4
2018-03-27,1358.4999999999995,1375.7,3458.5,377.99999999999994
2018-03-28,1286.2,1669.9999999999998,3642.1000000000004,290.2
2018-03-29,1866.5000000000002,1824.5999999999997,4683.499999999999,358.3000000000001
2018-03-30,658.5,1096.1,2105.6000000000004,272.6
2018-03-31,1047.1,1108.1,2709.9,220.09999999999997
2018-04-01,602.6999999999999,953.8000000000001,1878.5000000000002,375.99999999999994
2018-04-02,1090.7,1198.3999999999999,2869.1000000000004,306.8
2018-04-03,1388.7000000000003,1408.4,3538.5,389.1
2018-04-04,1141.0000000000002,1224.1000000000001,2964.2,377.4
2018-04-05,1432.8999999999999,1311.8,3508.6,281.7
2018-04-06,947.9000000000001,1307.6,2761.1,522.0
2018-04-07,1220.2999999999997,1572.9000000000003,3443.1,697.6
2018-04-08,515.3,1073.3000000000004,1863.2000000000003,446.4
2018-04-09,611.0999999999999,1016.8,1954.0,546.1
2018-04-10,536.1999999999999,1044.0000000000002,1865.7999999999995,672.8499999999999
2018-04-11,491.4,863.6999999999999,1617.2,971.4000000000002
2018-04-12,496.19999999999993,723.5000000000001,1480.2000000000003,801.2999999999998
2018-04-13,1577.0,1447.7000000000003,3865.8999999999996,681.5
2018-04-14,697.8000000000001,1137.1999999999998,2207.4,881.1000000000001
2018-04-15,901.8,1191.1,2564.8999999999996,763.6
2018-04-16,1183.6000000000001,1331.7,3146.5,547.5999999999999
2018-04-17,1614.6000000000006,1674.1,4131.0,506.7
2018-04-18,1148.8999999999996,1522.2000000000003,3283.9999999999995,612.0
2018-04-19,1214.5,2050.3,3914.0999999999995,1036.8
2018-04-20,955.8999999999999,1435.5000000000002,2901.8000000000006,806.1999999999998
2018-04-21,547.6,1218.5,2058.5999999999995,1079.8
2018-04-22,602.5,1016.5000000000002,1939.8,831.9
2018-04-23,864.1999999999997,1045.05,2370.3,375.9
2018-04-24,990.9999999999999,1032.2000000000003,2551.8,373.00000000000006
2018-04-25,959.5000000000001,971.3,2442.2999999999997,365.0999999999999
2018-04-26,1159.2000000000003,1240.0999999999997,3017.8000000000006,461.7999999999999
2018-04-27,931.6999999999999,1401.5,2830.6000000000004,431.6
2018-04-28,398.59999999999997,764.3000000000001,1375.9999999999995,261.2
2018-04-29,124.6,310.49999999999994,499.80000000000007,262.7
2018-04-30,646.4,848.3,1839.1000000000001,374.9
2018-05-01,1315.5000000000002,1397.4,3414.3,419.7
2018-05-02,1225.2,1437.0,3315.3,291.59999999999997
2018-05-03,1531.2999999999997,1620.7000000000003,3968.7999999999997,504.5
2018-05-04,1182.9,1575.9000000000003,3388.599999999999,603.0000000000001
2018-05-05,572.3000000000001,1231.6000000000001,2107.4,710.3000000000001
2018-05-06,251.39999999999998,1078.0000000000002,1463.3000000000002,882.3
2018-05-07,234.7,1268.8,1628.6000000000004,983.8000000000001
2018-05-08,1267.6,1895.6000000000001,3839.1000000000004,982.9999999999999
2018-05-09,1244.3,1352.8000000000002,3260.9,572.8000000000001
2018-05-10,904.3999999999997,1176.7000000000003,2563.2,435.99999999999994
2018-05-11,1166.9000000000003,1491.0,3280.0000000000005,612.7000000000002
2018-05-12,997.1,1433.2999999999997,2960.7000000000007,444.4
2018-05-13,696.3000000000001,1154.8,2222.2,484.3999999999999
2018-05-14,410.0999999999999,686.1000000000001,1314.8,355.40000000000003
2018-05-15,363.4,774.3000000000001,1331.6999999999998,430.79999999999995
2018-05-16,225.1,425.70000000000005,770.8000000000001,552.3999999999999
2018-05-17,345.1,581.1,1105.4,545.8
2018-05-18,590.7,988.0999999999999,1893.3000000000002,531.1
2018-05-19,403.7,1011.3000000000001,1630.9000000000005,639.6999999999998
2018-05-20,350.0,865.4,1401.7,644.6
2018-05-21,527.8,1239.9,2049.4,789.0833333333333
2018-05-22,281.79999999999995,580.6999999999999,1012.7,568.7666666666667
2018-05-23,223.60000000000002,523.7,866.5,584.1000000000003
2018-05-24,618.8000000000001,966.9999999999999,1915.5000000000002,745.0999999999999
2018-05-25,888.0000000000001,1435.8999999999996,2794.5,692.7
2018-05-26,210.5,659.1000000000001,981.8,958.0000000000001
2018-05-27,290.7,960.1000000000001,1405.7,894.25
2018-05-28,197.0,676.9000000000001,978.9000000000001,883.3000000000003
2018-05-29,214.4,575.3,904.4,594.1
2018-05-30,532.5000000000001,1113.5000000000002,1930.2999999999997,608.7
2018-05-31,384.19999999999993,945.3999999999997,1531.1,813.3
2018-06-01,976.7,1406.1,2903.6,695.0
2018-06-02,831.4,1139.3,2413.7000000000003,430.70000000000005
2018-06-03,487.1,922.0999999999999,1669.1999999999998,410.8
2018-06-04,323.70000000000005,645.8000000000001,1142.0000000000002,434.6
2018-06-05,363.4,588.8,1145.7000000000003,471.2999999999999
2018-06-06,306.80000000000007,650.1,1120.6,620.3
2018-06-07,381.99999999999994,736.8000000000001,1322.2,579.5
2018-06-08,401.8,688.5,1304.4000000000003,573.4999999999999
2018-06-09,231.29999999999998,570.0,924.2,483.8999999999999
2018-06-10,181.50000000000003,422.70000000000005,700.8,448.30000000000007
2018-06-11,333.70000000000005,595.6,1099.3999999999999,394.2
2018-06-12,457.90000000000003,722.4999999999998,1424.1999999999996,384.09999999999997
2018-06-13,1261.9,1431.4,3366.6999999999994,477.09999999999997
2018-06-14,854.8000000000002,1020.1999999999999,2321.8,469.9000000000001
2018-06-15,1159.8999999999999,1398.6999999999998,3177.0,555.7
2018-06-16,808.8000000000001,941.0999999999999,2171.8,422.6
2018-06-17,568.2999999999998,674.9999999999998,1546.7,338.0
2018-06-18,932.9000000000001,891.5000000000001,2311.4999999999995,433.50000000000006
2018-06-19,1131.6000000000001,859.2,2594.2,312.50000000000006
2018-06-20,1120.5,812.9999999999999,2530.6,309.50000000000006
2018-06-21,854.0999999999999,956.1,2263.5,388.9
2018-06-22,719.7499999999999,870.3,1974.0999999999995,464.20000000000005
2018-06-23,702.3,1076.5,2153.2999999999997,461.6
2018-06-24,238.79999999999998,731.9000000000001,1097.6,528.3000000000001
2018-06-25,633.2000000000002,1367.3000000000002,2337.8999999999996,535.3
2018-06-26,469.4,1059.1999999999998,1779.1,555.7
2018-06-27,305.20000000000005,675.1999999999999,1143.3000000000002,491.70000000000005
2018-06-28,317.4,690.9000000000001,1177.7000000000003,573.9
2018-06-29,308.69999999999993,730.0,1203.8,456.99999999999994
2018-06-30,199.2,591.9,897.4,453.4
2018-07-01,177.89999999999998,766.3000000000003,1039.2,592.6999999999999
2018-07-02,303.40000000000003,785.8,1250.8999999999999,512.8
2018-07-03,169.20000000000002,562.7,822.0,410.5
2018-07-04,511.50000000000006,1116.7,1892.6000000000001,584.8
2018-07-05,1060.0,1801.5000000000005,3422.8999999999996,764.2
2018-07-06,526.4000000000001,1376.7,2183.9999999999995,700.3999999999999
2018-07-07,637.5000000000001,1442.7000000000005,2420.3000000000006,752.8000000000002
2018-07-08,221.99999999999994,870.9,1210.9999999999998,486.80000000000007
2018-07-09,597.2,1123.6999999999998,2025.3000000000002,495.70000000000005
2018-07-10,315.8,553.9,1038.0,367.1
2018-07-11,307.8,661.6999999999999,1133.5,423.5
2018-07-12,342.4,843.8,1368.6000000000001,527.4
2018-07-13,322.0,876.8,1370.9000000000003,479.40000000000003
2018-07-14,588.4,1199.3000000000002,2080.7999999999997,494.5
2018-07-15,480.1,1335.1000000000001,2071.5,429.0999999999999
2018-07-16,1008.6,1582.2999999999997,3129.2000000000003,489.1
2018-07-17,1025.6,1118.7,2690.8,388.40000000000003
2018-07-18,938.9,1373.1,2812.8,389.3
2018-07-19,885.9,1474.8999999999996,2832.2,474.49999999999994
2018-07-20,1179.8000000000002,1753.1000000000001,3561.7500000000005,570.6999999999999
2018-07-21,629.5,1334.4999999999998,2299.4,575.1
2018-07-22,584.3000000000001,1073.2,1969.2000000000005,430.40000000000003
2018-07-23,1104.6999999999998,1405.8,3099.7000000000003,482.7
2018-07-24,924.3000000000001,1250.9,2668.4999999999995,467.6000000000001
2018-07-25,678.2,1222.8,2262.6,498.5
2018-07-26,791.1999999999999,1518.1999999999998,2730.899999999999,748.7000000000002
2018-07-27,1032.6,1607.3000000000004,3190.4999999999995,690.7
2018-07-28,540.3999999999999,626.1999999999999,1454.6000000000001,467.6000000000001
2018-07-29,698.1,608.0999999999999,1678.0,292.6000000000001
2018-07-30,1096.2000000000003,845.3000000000001,2526.0499999999997,271.25
2018-07-31,1070.3000000000002,1076.1000000000001,2717.5,340.90000000000003
2018-08-01,1151.1,1232.2,2997.2999999999997,389.70000000000005
2018-08-02,1009.4000000000001,1301.8999999999999,2849.5,409.70000000000005
2018-08-03,766.1,1271.8999999999999,2446.7000000000007,419.6000000000001
2018-08-04,291.09999999999997,634.2,1080.3000000000002,301.59999999999997
2018-08-05,266.09999999999997,750.8999999999999,1158.9,341.59999999999997
2018-08-06,886.4,1596.5000000000002,2956.1000000000004,514.3
2018-08-07,1067.2000000000003,1742.7,3379.1000000000004,518.4000000000001
2018-08-08,1006.5,1023.3,2566.0,346.4
2018-08-09,1030.9000000000003,1132.0,2713.2000000000003,307.0
2018-08-10,1244.3,1150.3999999999999,3058.0999999999995,292.70000000000005
2018-08-11,1339.6,1220.5000000000002,3274.5000000000005,331.50000000000006
2018-08-12,871.2000000000002,948.5000000000001,2284.6,308.8
2018-08-13,1048.3999999999999,1009.9000000000001,2617.899999999999,349.4
2018-08-14,1230.0000000000002,1078.6999999999998,2964.7,336.1999999999999
2018-08-15,941.1,989.4000000000001,2432.0999999999995,369.6999999999999
2018-08-16,1136.4,1000.8,2743.5,346.0
2018-08-17,1362.5,1076.4000000000003,3165.4000000000005,400.90000000000003
2018-08-18,842.8000000000001,818.9999999999999,2111.6000000000004,359.2999999999999
2018-08-19,647.4,589.1,1581.9,308.0
2018-08-20,1280.6000000000001,1067.6999999999998,3030.9,306.2
2018-08-21,1210.5000000000002,1192.4,3048.2999999999997,308.50000000000006
2018-08-22,1300.3999999999999,1136.3,3130.2,380.1
2018-08-23,1044.4999999999998,864.8999999999999,2466.8,314.0
2018-08-24,1136.3000000000002,889.5999999999999,2632.1,311.09999999999997
2018-08-25,895.4,940.9000000000002,2313.8999999999996,261.8
2018-08-26,971.3000000000001,979.0999999999999,2468.399999999999,302.29999999999995
2018-08-27,690.7000000000003,721.5,1781.0,243.10000000000002
2018-08-28,1292.9,1324.1,3306.4,328.99999999999994
2018-08-29,1048.0499999999997,1243.3500000000004,2850.6500000000005,368.20000000000005
2018-08-30,634.7,885.7999999999998,1858.7000000000003,410.7
2018-08-31,627.9999999999999,1104.6,2067.6,479.00000000000006
2018-09-01,1197.2999999999995,1526.1000000000001,3361.6,559.0
2018-09-02,436.0,1167.6,1835.9999999999993,568.5000000000001
2018-09-03,672.8000000000001,1441.9,2473.1,607.4
2018-09-04,296.69999999999993,698.0,1153.1000000000004,440.90000000000015
2018-09-05,385.5000000000001,710.7999999999998,1301.3999999999999,437.2999999999999
2018-09-06,1046.4,1101.0,2705.7,455.59999999999997
2018-09-07,1196.6,1136.6000000000001,2971.5,326.8999999999999
2018-09-08,976.6999999999999,1139.7,2638.0,319.0
2018-09-09,580.0,802.4,1692.1000000000001,308.6
2018-09-10,901.9,994.0999999999999,2377.4000000000005,402.99999999999994
2018-09-11,908.1999999999997,853.0000000000001,2245.5,390.40000000000003
2018-09-12,721.5000000000001,896.5,2002.6000000000001,278.70000000000005
2018-09-13,1823.1,1367.4000000000003,4163.099999999999,480.5
2018-09-14,1110.4000000000003,1256.1999999999998,2959.0999999999995,370.7
2018-09-15,991.4999999999999,1092.4999999999998,2613.0000000000005,406.99999999999994
2018-09-16,731.9999999999999,940.8000000000002,2063.1999999999994,397.30000000000007
2018-09-17,1145.2999999999997,1371.7,3128.0000000000005,438.6
2018-09-18,756.9000000000001,751.6000000000001,1912.1,423.3999999999999
2018-09-19,880.6999999999999,765.4000000000001,2115.7,491.40000000000003
2018-09-20,1050.8,842.2,2454.2,532.8
2018-09-21,937.0,810.5000000000001,2246.9999999999995,290.1
2018-09-22,737.4999999999999,915.3,2046.4999999999998,323.6000000000001
2018-09-23,589.3,770.9,1674.8,198.79999999999995
2018-09-24,1668.2999999999997,1216.55,3774.0,241.8
2018-09-25,2691.7999999999997,1712.5999999999997,5839.9,426.79999999999995
2018-09-26,1437.2,1879.3,4082.7,577.4999999999999
2018-09-27,1235.1999999999996,1627.0000000000002,3521.100000000001,625.3000000000001
2018-09-28,472.7,741.3000000000001,1466.1,382.8
2018-09-29,1437.5,1510.4999999999998,3714.599999999999,550.4999999999999
2018-09-30,1018.1,1184.3000000000002,2745.7000000000003,400.7999999999999
2018-10-01,1157.0,1095.1999999999998,2869.5,307.3
2018-10-02,1095.0,942.8,2622.1999999999994,331.7
2018-10-03,1693.4000000000003,1193.3999999999999,3789.7,371.2
2018-10-04,1763.4000000000003,1133.1999999999998,3836.8,463.0
2018-10-05,1361.9,1494.3000000000002,3582.2,663.7
2018-10-06,321.00000000000006,672.5999999999999,1165.0,298.0999999999999
2018-10-07,522.1000000000001,843.9000000000001,1644.1000000000001,299.70000000000005
2018-10-08,1095.8,1240.3999999999999,2920.5,310.4
2018-10-09,1680.6000000000004,1630.6000000000001,4206.9,468.70000000000005
2018-10-10,1190.35,1494.6499999999999,3319.4500000000003,1020.2000000000002
2018-10-11,1387.4999999999998,1170.1000000000001,3297.5,499.1
2018-10-12,1204.6999999999998,1000.0999999999999,2847.2,452.2
2018-10-13,1001.3000000000001,885.9,2421.3,447.49999999999983
2018-10-14,242.79999999999998,559.9,932.7000000000002,144.79999999999998
2018-10-15,545.5,891.4,1728.0,283.09999999999997
2018-10-16,1482.8,1129.1,3402.5999999999995,560.1
2018-10-17,1401.1,1257.6999999999998,3406.3,409.9
2018-10-18,579.2000000000002,919.3999999999999,1807.6999999999998,389.30000000000007
2018-10-19,2052.5,1509.3,4656.5,571.4
2018-10-20,3008.5999999999995,1670.8,6283.700000000002,822.2000000000003
2018-10-21,1178.5,1161.1999999999996,2968.3,516.6
2018-10-22,887.8000000000001,993.4,2354.3999999999996,404.90000000000003
2018-10-23,1671.7999999999997,1237.6999999999998,3801.1000000000004,455.9
2018-10-24,1383.7000000000003,1124.3000000000002,3245.6999999999994,471.0
2018-10-25,1541.5,1271.8000000000002,3635.3999999999996,474.00000000000006
2018-10-26,1267.8,1149.8,3093.6,295.2
2018-10-27,498.3999999999999,668.7,1432.6999999999998,174.10000000000002
2018-10-28,329.09999999999997,567.7999999999998,1072.0000000000002,180.6
2018-10-29,472.5,762.1000000000001,1486.4999999999998,230.50000000000003
2018-10-30,1375.0000000000002,1003.1000000000001,3111.9999999999995,333.09999999999997
2018-10-31,2132.9999999999995,1472.7,4743.099999999999,504.2
2018-11-01,1857.3,1414.8,4262.7,398.69999999999993
2018-11-02,2731.1,1708.2,5895.6,601.4000000000001
2018-11-03,1774.1999999999998,1547.8000000000002,4268.2,526.5
2018-11-04,961.1000000000001,1057.5,2530.899999999999,642.5999999999998
2018-11-05,1936.7000000000003,1098.8,4068.6,1216.3000000000002
2018-11-06,3012.6000000000004,1239.3,5858.8,829.6000000000001
2018-11-07,1429.0000000000002,984.5999999999999,3175.8,304.70000000000005
2018-11-08,1473.5,1254.2,3513.3999999999996,482.6
2018-11-09,1563.5,1148.3999999999999,3545.9,467.6
2018-11-10,1568.5,1303.8,3709.2,416.90000000000003
2018-11-11,1302.9,1120.8999999999999,3118.9000000000005,314.20000000000005
2018-11-12,2022.2,1550.5000000000002,4650.900000000001,422.3
2018-11-13,1499.0000000000002,1299.1000000000001,3597.0000000000005,444.50000000000006
2018-11-14,2160.6000000000004,1439.2000000000003,4751.5,563.0
2018-11-15,1983.3999999999999,1245.1000000000004,4286.399999999999,711.5999999999999
2018-11-16,1038.1000000000001,819.0,2411.2,418.00000000000006
2018-11-17,714.9,892.7000000000002,1988.8999999999996,634.0
2018-11-18,389.00000000000006,701.7,1297.6,490.29999999999995
2018-11-19,456.00000000000006,519.0,1218.0999999999997,265.5
2018-11-20,718.0500000000001,751.3500000000001,1852.3,339.45
2018-11-21,1544.1000000000004,1110.3,3477.7,597.0999999999999
2018-11-22,2551.1,1302.6,5213.999999999999,1139.7
2018-11-23,1302.9,1127.6,3125.2,955.6
2018-11-24,569.4999999999999,889.5999999999998,1762.7,690.6
2018-11-25,410.7999999999999,642.0999999999999,1272.3999999999999,515.0000000000001
2018-11-26,759.2,841.1,2005.1000000000001,373.99999999999994
2018-11-27,1490.1,1207.7000000000003,3492.899999999999,481.20000000000005
2018-11-28,1557.4999999999998,1300.4,3688.600000000001,359.4
2018-11-29,1241.4,969.8000000000001,2872.3999999999996,389.50000000000006
2018-11-30,1447.4,1282.6999999999998,3501.7000000000007,440.9
2018-12-01,1197.7999999999997,1092.6000000000001,2929.2000000000003,299.6
2018-12-02,748.8999999999999,751.0000000000001,1899.3,189.89999999999998
2018-12-03,1057.5,1012.4,2633.5999999999995,387.8
2018-12-04,2516.1,1627.3999999999999,5485.2,514.3000000000001
2018-12-05,1723.6000000000001,1340.6999999999998,3983.6000000000004,379.50000000000006
2018-12-06,1165.3500000000001,1104.65,2891.5,317.3999999999999
2018-12-07,1016.0999999999999,921.4,2479.0,312.49999999999994
2018-12-08,804.2,759.2,1992.5999999999997,408.6
2018-12-09,607.8,694.6000000000001,1626.7999999999997,257.29999999999995
2018-12-10,1691.6000000000004,1353.9,3947.9000000000005,440.30000000000007
2018-12-11,3264.600000000001,1763.5,6769.099999999999,821.5
2018-12-12,701.6,1150.8000000000002,2226.6,525.5999999999999
2018-12-13,1073.8,1174.0000000000002,2820.1000000000004,558.9
2018-12-14,1965.2999999999997,1357.5,4370.599999999999,696.8
2018-12-15,700.5999999999999,854.1,1928.4,526.9000000000001
2018-12-16,1375.8000000000002,1461.0,3571.1,352.9
2018-12-17,1986.8000000000002,1535.0,4582.1,432.80000000000007
2018-12-18,1321.3,997.1999999999999,3022.8999999999996,439.4999999999999
2018-12-19,2082.5000000000005,1650.8999999999999,4844.399999999999,338.25
2018-12-20,1462.0999999999997,1342.3000000000002,3584.0999999999995,401.3
2018-12-21,938.2000000000003,964.5999999999999,2403.0,486.50000000000006
2018-12-22,1232.5,1217.0999999999997,3107.4999999999995,431.4
2018-12-23,752.5999999999999,953.1000000000001,2106.5000000000005,255.80000000000004
2018-12-24,2137.6000000000004,1397.7,4669.9,620.3
2018-12-25,2420.7999999999997,1502.4999999999998,5213.9000000000015,682.1
2018-12-26,1203.1999999999998,1278.3999999999999,3123.3999999999996,475.0
2018-12-27,4127.8,1734.5,8063.3,1024.3000000000002
2018-12-28,3251.5999999999995,1469.5000000000002,6455.400000000002,821.3000000000002
2018-12-29,1099.6999999999998,1135.9000000000003,2822.399999999999,419.1000000000001
2018-12-30,1057.6,1072.2,2693.7999999999993,354.2
2018-12-31,864.9000000000001,866.6999999999998,2192.8999999999996,284.6
2019-01-01,514.1,768.1000000000001,1556.5000000000002,382.49999999999994
2019-01-02,507.59999999999997,921.1999999999999,1699.3999999999999,397.80000000000007
2019-01-03,636.4999999999999,1187.6,2163.8,436.3
2019-01-04,1193.2,1272.9000000000005,3102.5,751.5
2019-01-05,1025.6999999999998,1196.2,2768.4999999999995,609.9999999999999
2019-01-06,972.7,1163.2,2654.8,602.4
2019-01-07,1092.3999999999999,1090.1000000000001,2765.2,472.59999999999997
2019-01-08,1157.7999999999997,1098.1000000000001,2872.7999999999997,522.8
2019-01-09,844.4999999999999,997.8000000000002,2292.9,329.34999999999997
2019-01-10,1698.1000000000004,1358.8999999999999,3963.1,743.1999999999998
2019-01-11,1146.2000000000003,1260.8999999999999,3018.2,551.0
2019-01-12,866.4000000000001,1003.4,2331.5,313.8
2019-01-13,390.70000000000005,523.0,1122.0000000000002,295.20000000000005
2019-01-14,1141.7,1146.6999999999998,2897.1000000000004,444.3999999999999
2019-01-15,1361.8,1404.0,3491.8999999999996,346.7
2019-01-16,1391.6000000000001,1229.6,3363.2,294.6
2019-01-17,1282.6999999999998,1322.6,3289.4,365.5
2019-01-18,2245.8,1683.8,5127.400000000001,596.4
2019-01-19,528.4,1011.9,1821.9,533.8
2019-01-20,951.5,1290.4,2749.4,730.1000000000001
2019-01-21,3224.2000000000007,1737.2000000000003,6681.1,1034.7999999999997
2019-01-22,1462.6000000000001,1480.4999999999998,3723.7999999999997,382.9
2019-01-23,1466.3,1315.5,3563.5,425.29999999999995
2019-01-24,3329.9,1963.6000000000001,7070.2,790.8999999999999
2019-01-25,1983.5000000000002,1554.1000000000001,4595.7,499.29999999999995
2019-01-26,1005.0000000000001,1019.4999999999999,2560.7000000000003,313.40000000000003
2019-01-27,439.4,467.99999999999994,1141.7,313.3
2019-01-28,1693.8,1315.8,3912.8999999999996,534.0
2019-01-29,2340.1000000000004,1800.3999999999996,5388.4,598.8999999999999
2019-01-30,1890.15,1457.2000000000003,4355.95,423.50000000000017
2019-01-31,3015.4999999999995,1606.0000000000002,6230.000000000001,678.2999999999998
2019-02-01,528.4,817.6000000000001,1628.0,338.4
2019-02-02,756.4,805.1,1964.6,394.40000000000003
2019-02-03,1345.2,1323.8,3386.1,566.8
2019-02-04,1718.6,1303.2,3938.2000000000003,360.4
2019-02-05,2143.7999999999997,1484.1000000000001,4770.5,402.90000000000003
2019-02-06,1611.7999999999997,1350.5,3822.0000000000005,401.9000000000001
2019-02-07,860.7,873.9000000000001,2193.7,342.20000000000005
2019-02-08,1014.3,968.9,2524.0999999999995,356.49999999999994
2019-02-09,803.1,775.6999999999999,2007.3999999999999,409.8
2019-02-10,634.5999999999999,874.9000000000001,1847.3999999999999,167.29999999999998
2019-02-11,1167.5,1384.1,3174.1,347.2
2019-02-12,1657.9999999999998,1563.4999999999998,4105.699999999999,520.3
2019-02-13,1844.4999999999998,1569.1,4392.8,668.4500000000002
2019-02-14,2882.000000000001,1869.6,6288.200000000001,912.1999999999999
2019-02-15,3505.900000000001,2139.4000000000005,7515.0,1119.5000000000002
2019-02-16,1164.8000000000002,1419.8,3205.6000000000004,835.2999999999998
2019-02-17,961.1999999999998,1192.8999999999996,2666.7999999999997,814.5
2019-02-18,1233.6000000000001,1305.0,3196.6000000000004,501.5999999999999
2019-02-19,1195.7999999999997,1290.1,3123.1,518.8
2019-02-20,1294.1000000000001,1176.1,3160.3,501.19999999999993
2019-02-21,1378.0,1358.6000000000004,3472.0999999999995,616.5
2019-02-22,1514.3999999999999,1492.6999999999996,3814.8999999999996,843.4
2019-02-23,1268.1000000000004,1360.5999999999997,3305.2,894.9000000000001
2019-02-24,1440.1000000000001,1520.9999999999998,3728.899999999999,1019.9000000000001
2019-02-25,2184.2999999999997,1966.8999999999996,5315.799999999998,1145.9000000000003
2019-02-26,2602.5,2233.9,6225.200000000001,1331.4999999999998
2019-02-27,2750.5000000000005,2307.2999999999997,6524.5999999999985,1471.4999999999998
2019-02-28,1006.0,1405.4,2946.9999999999995,825.3
2019-03-01,1197.1000000000001,1227.8999999999999,3063.7,853.0
2019-03-02,748.4000000000002,866.9000000000002,2014.6000000000001,527.5
2019-03-03,418.70000000000005,615.8,1257.6,342.99999999999994
2019-03-04,797.1999999999999,866.0999999999999,2088.3999999999996,315.09999999999997
2019-03-05,999.5000000000001,1034.1999999999998,2567.0999999999995,378.49999999999994
2019-03-06,1202.8999999999999,1012.7999999999998,2857.1999999999994,450.3
2019-03-07,660.9000000000001,706.8,1720.5999999999997,258.8
2019-03-08,1345.3,1191.3000000000002,3253.7,365.9000000000001
2019-03-09,648.5000000000001,820.4,1815.3000000000004,526.7
2019-03-10,466.9,656.6000000000001,1372.1000000000001,215.40000000000003
2019-03-11,892.2,888.2,2256.0,419.0
2019-03-12,911.0999999999998,912.3000000000001,2309.7999999999997,301.2
2019-03-13,587.9000000000002,645.9,1547.3,428.0
2019-03-14,705.6500000000001,815.2,1897.4000000000003,354.95
2019-03-15,599.7,641.0000000000001,1560.8,238.00000000000003
2019-03-16,457.9,546.9000000000001,1248.9000000000003,334.5
2019-03-17,501.2,673.9,1443.0,182.20000000000002
2019-03-18,1125.5000000000002,1300.6000000000001,3026.1,458.8
2019-03-19,1348.2,1415.3000000000004,3482.2999999999997,515.9
2019-03-20,1240.1999999999998,1088.4,2990.500000000001,401.0283582089551
2019-03-21,1253.7,889.9,2812.100000000001,469.6059701492538
2019-03-22,1285.5,989.5000000000001,2960.8,519.1820895522387
2019-03-23,432.3,738.8000000000002,1401.7000000000003,568.758208955224
2019-03-24,486.0999999999999,931.4999999999999,1676.6999999999994,618.334328358209
2019-03-25,450.9,738.3999999999999,1430.2,667.910447761194
2019-03-26,1173.8999999999999,1506.8,3307.2,717.4865671641792
2019-03-27,801.8,1332.1999999999998,2561.4,767.0626865671642
2019-03-28,701.7,1369.7,2445.4000000000005,798.9313432835822
2019-03-29,1665.9999999999998,1756.4999999999995,4310.8,1082.2
2019-03-30,1214.4,1409.1000000000001,3270.6000000000004,1308.0
2019-03-31,191.49999999999997,375.00000000000006,668.5999999999999,785.0500000000001
2019-04-01,430.7999999999999,755.0,1416.0,662.7000000000002
2019-04-02,987.0,1294.5,2808.3,592.6999999999999
2019-04-03,745.4000000000001,1215.0,2358.1,414.1000000000001
2019-04-04,790.9000000000001,947.0000000000001,2159.2,373.69999999999993
2019-04-05,374.5999999999999,689.3000000000001,1263.6000000000001,453.9000000000001
2019-04-06,133.2,464.20000000000005,668.4000000000001,438.2
2019-04-07,232.79999999999998,570.0000000000001,926.3,980.7
2019-04-08,820.5,1135.1999999999998,2393.0,1099.6000000000001
2019-04-09,342.15000000000003,785.4499999999998,1310.3500000000001,954.9
2019-04-10,219.90000000000003,427.1,764.4999999999998,543.3
2019-04-11,371.79999999999995,736.7,1306.3,457.9
2019-04-12,342.7,716.2,1241.9000000000003,459.3000000000001
2019-04-13,262.4,592.2999999999998,994.3,440.19999999999993
2019-04-14,239.90000000000006,648.3,1016.3000000000001,559.9999999999999
2019-04-15,419.50000000000006,860.6000000000001,1504.0,979.5999999999998
2019-04-16,700.1999999999999,1304.5,2378.6,1303.0
2019-04-17,427.90000000000003,973.6999999999998,1629.5,1344.5
2019-04-18,420.89999999999986,904.3000000000001,1549.9,1244.8999999999999
2019-04-19,247.80000000000004,923.8,1304.1,1005.5
2019-04-20,186.19999999999996,780.9,1066.8000000000002,948.5999999999998
2019-04-21,156.2,895.3000000000001,1134.1999999999998,1042.0000000000002
2019-04-22,162.3,1103.5,1352.2999999999997,1422.1
2019-04-23,276.79999999999995,1098.6,1522.9,1067.0
2019-04-24,737.4000000000001,1126.7,2257.2999999999997,910.6
2019-04-25,818.5,840.5,2096.0,408.5
2019-04-26,815.3,882.0,2132.2,509.59999999999997
2019-04-27,375.2999999999999,421.70000000000005,997.3999999999999,431.2
2019-04-28,260.4,507.9,907.6,404.3999999999999
2019-04-29,361.79999999999995,758.1999999999999,1313.4,540.9000000000001
2019-04-30,403.3999999999999,911.6999999999998,1530.5,661.5000000000002
2019-05-01,915.5,1284.1,2687.9999999999995,676.259375
2019-05-02,701.3,972.2,2047.6000000000001,400.8375
2019-05-03,692.6500000000001,873.65,1936.15,458.5531250000001
2019-05-04,201.7,331.00000000000006,640.4,310.40000000000003
2019-05-05,351.7,667.2,1206.5,479.99999999999994
2019-05-06,440.10000000000014,714.1999999999998,1389.0,384.7
2019-05-07,940.0,1073.8,2515.1999999999994,560.0
2019-05-08,739.2000000000002,967.6000000000001,2100.8,437.3
2019-05-09,966.3,1107.5000000000002,2588.3999999999996,508.99999999999994
2019-05-10,845.5999999999999,1049.7,2345.7999999999997,511.29999999999995
2019-05-11,188.39999999999998,690.1,979.1999999999999,458.44999999999993
2019-05-12,178.7,624.9,898.6999999999999,346.59999999999997
2019-05-13,269.00000000000006,600.3,1012.8000000000001,386.49999999999994
2019-05-14,191.0,460.8,754.1999999999999,381.90000000000003
2019-05-15,251.5,653.2999999999998,1039.0,678.4
2019-05-16,219.99999999999991,538.8,876.1000000000001,567.8000000000001
2019-05-17,224.90000000000003,592.1,937.1000000000001,538.0999999999999
2019-05-18,384.00000000000006,943.0999999999998,1531.3999999999999,567.1999999999999
2019-05-19,229.1,690.8000000000001,1041.9,642.4
2019-05-20,465.20000000000005,951.0,1663.7999999999997,540.4
2019-05-21,407.59999999999997,843.9,1468.8999999999999,416.6
2019-05-22,520.9000000000001,962.5000000000002,1761.4,426.3
2019-05-23,506.5,1011.5000000000001,1788.0000000000002,440.4999999999999
2019-05-24,448.80000000000007,843.5500000000002,1531.8999999999996,437.99999999999994
2019-05-25,439.29999999999995,696.6,1370.8,387.6000000000001
2019-05-26,381.8000000000001,506.4,1091.8999999999999,405.1
2019-05-27,400.7,536.5000000000001,1151.4999999999998,442.3
2019-05-28,513.7999999999998,680.9999999999999,1468.8999999999999,264.4
2019-05-29,782.8,886.9,2087.2,398.09999999999997
2019-05-30,601.2000000000002,564.2,1485.6000000000004,456.4999999999999
2019-05-31,764.5,639.5,1811.8999999999994,406.1
2019-06-01,683.3000000000001,816.1,1863.9,558.3000000000001
2019-06-02,319.7,554.0,1044.7000000000003,440.9
2019-06-03,601.9000000000001,673.1,1595.7000000000003,511.0999999999999
2019-06-04,442.49999999999994,810.4999999999999,1488.6999999999998,509.1999999999999
2019-06-05,665.5999999999999,778.6,1799.2,361.5999999999999
2019-06-06,807.5500000000001,852.6000000000001,2090.6499999999996,402.49999999999994
2019-06-07,400.04999999999995,725.3499999999999,1338.7,507.05000000000007
2019-06-08,435.2,488.20000000000016,1156.0,330.0
2019-06-09,468.80000000000007,682.4,1401.6999999999998,444.9000000000001
2019-06-10,257.40000000000003,599.1,993.9000000000001,278.0
2019-06-11,402.1,532.4000000000001,1149.4,235.6
2019-06-12,392.0999999999999,829.6,1430.5,276.59999999999997
2019-06-13,704.5999999999999,841.3000000000003,1921.6999999999996,323.49999999999994
2019-06-14,819.6000000000001,867.1,2123.7,350.50000000000006
2019-06-15,597.1999999999999,767.7,1683.1,344.19999999999993
2019-06-16,410.79999999999995,537.4,1167.2,316.50000000000006
2019-06-17,643.8999999999999,800.0999999999999,1787.3000000000002,338.90000000000003
2019-06-18,683.0000000000001,1143.3,2190.7,449.2
2019-06-19,520.9,959.9,1758.6,510.6999999999999
2019-06-20,631.9,854.4000000000003,1823.1000000000006,346.0
2019-06-21,556.5999999999998,925.5000000000001,1778.7000000000003,348.2
2019-06-22,220.19999999999996,668.6,1006.6000000000001,338.9
2019-06-23,100.60000000000001,522.0999999999999,675.7,635.4000000000001
2019-06-24,774.0,1222.9,2409.9,710.1999999999997
2019-06-25,272.8,740.0999999999999,1157.5000000000002,467.2999999999999
2019-06-26,179.99999999999997,462.1,737.5000000000001,320.1
2019-06-27,146.4,324.79999999999995,549.2,382.29999999999995
2019-06-28,131.29999999999995,369.2999999999999,570.5000000000001,540.3000000000001
2019-06-29,361.19999999999993,1033.5,1587.7,707.2
2019-06-30,376.20000000000005,576.4,1153.6000000000001,322.19999999999993
2019-07-01,546.0000000000001,716.9999999999999,1553.9,244.99999999999994
2019-07-02,339.90000000000003,673.0,1194.0,324.1000000000001
2019-07-03,241.7,671.9999999999999,1042.6000000000001,378.2
2019-07-04,401.2,938.8,1554.1000000000001,389.19999999999993
2019-07-05,546.4,1138.6000000000001,1976.5000000000002,533.4999999999999
2019-07-06,390.70000000000005,641.6999999999999,1241.0,282.1
2019-07-07,201.89999999999998,454.79999999999995,764.4,334.49999999999994
2019-07-08,485.20000000000005,840.6000000000001,1584.3000000000002,429.6
2019-07-09,688.7,1097.0,2153.2000000000003,522.4000000000001
2019-07-10,680.9,1031.2,2075.2,503.2
2019-07-11,742.5,1028.3,2167.2999999999993,444.7
2019-07-12,625.4999999999999,811.6999999999999,1771.0,310.29999999999995
2019-07-13,286.99999999999994,479.2,919.1000000000001,303.9000000000001
2019-07-14,182.90000000000003,373.70000000000005,654.2999999999998,264.70000000000005
2019-07-15,306.1000000000001,507.5,976.9000000000001,246.40000000000006
2019-07-16,651.3000000000002,979.5999999999999,1978.1000000000001,461.8999999999999
2019-07-17,676.9500000000002,1041.45,2078.8500000000004,480.0999999999999
2019-07-18,774.6000000000001,797.9,1985.6,374.5
2019-07-19,927.9999999999999,854.4,2277.1000000000004,372.1
2019-07-20,607.4,671.8,1603.3000000000002,277.4
2019-07-21,482.79999999999995,626.9,1367.3,275.79999999999995
2019-07-22,626.9000000000001,652.7000000000002,1614.1000000000001,385.09999999999997
2019-07-23,507.59999999999985,968.1,1746.3000000000002,561.7
2019-07-24,548.6999999999999,1199.2,2040.3999999999996,578.0000000000001
2019-07-25,530.5000000000001,1725.0,2537.8,809.5
2019-07-26,726.5,1018.7000000000002,2133.0,549.8999999999999
2019-07-27,508.90000000000003,710.6,1491.0,293.6
2019-07-28,448.9,597.0,1285.5000000000002,320.8
2019-07-29,678.6000000000001,883.5999999999998,1924.1000000000001,387.5
2019-07-30,627.4,683.2,1644.9,402.59999999999997
2019-07-31,585.9999999999998,666.9,1565.5,341.5
2019-08-01,530.3999999999999,786.5,1600.0,392.30000000000007
2019-08-02,244.3,529.9000000000001,904.0,417.1
2019-08-03,296.0999999999999,644.8000000000001,1099.3999999999999,414.80000000000007
2019-08-04,361.2,736.5,1290.3000000000002,442.54999999999995
2019-08-05,613.9999999999999,643.8000000000001,1585.1999999999998,377.5
2019-08-06,559.4000000000001,547.9999999999999,1405.8999999999999,383.79999999999995
2019-08-07,555.8,628.9999999999999,1482.1999999999998,322.80000000000007
2019-08-08,737.0999999999999,761.7,1891.6000000000001,344.50000000000006
2019-08-09,605.6000000000001,593.3000000000001,1521.9,400.6
2019-08-10,281.8,274.4,706.3000000000002,468.3
2019-08-11,332.29999999999995,409.29999999999995,918.8,400.00000000000006
2019-08-12,649.9,893.2999999999997,1889.2999999999997,351.8
2019-08-13,693.1999999999998,868.5000000000001,1931.1,341.69999999999993
2019-08-14,879.7000000000002,940.4000000000001,2288.8,303.8
2019-08-15,592.1999999999999,694.3,1602.4000000000003,331.99999999999994
2019-08-16,747.8499999999998,818.4499999999999,1965.5499999999995,319.7
2019-08-17,635.6,626.2999999999998,1600.8000000000002,366.4
2019-08-18,464.1,582.8,1295.0000000000002,317.1
2019-08-19,619.8999999999999,755.0000000000001,1705.1999999999996,370.59999999999997
2019-08-20,731.9000000000001,1131.0,2253.4999999999995,428.79999999999995
2019-08-21,726.9,1056.1000000000001,2169.7999999999997,470.60000000000014
2019-08-22,575.3,874.8000000000001,1756.8999999999999,453.1000000000001
2019-08-23,732.7,1268.6000000000001,2391.9,549.1
2019-08-24,428.49999999999994,1341.0,1998.0,832.4000000000001
2019-08-25,231.4,1160.6999999999998,1515.4000000000003,942.0999999999999
2019-08-26,345.2,1534.0,2062.8,807.5999999999999
2019-08-27,592.5999999999999,1759.4000000000003,2668.0999999999995,890.0000000000001
2019-08-28,583.1999999999999,885.6999999999999,1779.5000000000005,355.90000000000003
2019-08-29,664.6999999999998,765.3999999999999,1785.1999999999996,353.1000000000001
2019-08-30,536.4000000000001,736.4000000000001,1558.7999999999997,464.1
2019-08-31,504.5000000000001,775.0000000000001,1548.6,415.7
2019-09-01,567.7,773.3999999999999,1643.7000000000003,316.50000000000006
2019-09-02,702.4000000000002,950.8999999999999,2027.5000000000002,560.2
2019-09-03,648.5,823.4,1817.3999999999996,404.9
2019-09-04,528.0,570.3,1379.9000000000005,312.50000000000006
2019-09-05,672.3999999999999,924.8,1956.0000000000007,363.9
2019-09-06,621.0999999999999,944.5000000000001,1896.8999999999992,433.90000000000003
2019-09-07,289.1000000000001,463.70000000000005,907.0000000000001,320.6
2019-09-08,277.8,699.2,1125.1,335.6
2019-09-09,973.9,1222.2,2715.599999999999,440.9000000000001
2019-09-10,910.5999999999999,1180.8999999999999,2577.299999999999,488.50000000000006
2019-09-11,603.9,682.3,1607.9,344.0999999999999
2019-09-12,701.6999999999999,741.3999999999999,1817.0,377.79999999999995
2019-09-13,309.8,589.0000000000001,1064.0,346.6
2019-09-14,565.0999999999999,1154.8999999999999,2021.5,483.90000000000003
2019-09-15,469.9000000000001,1002.2,1722.8,437.5
2019-09-16,792.6000000000001,764.7,1980.0,391.0000000000001
2019-09-17,345.80000000000007,616.0000000000001,1146.5,365.70000000000005
2019-09-18,370.69999999999993,917.5999999999998,1486.3,513.1
2019-09-19,760.3,1191.6999999999998,2358.2,558.6000000000001
2019-09-20,453.9,997.9,1694.6,623.1999999999998
2019-09-21,248.89999999999998,992.2000000000002,1374.6000000000001,745.6999999999999
2019-09-22,630.5,1164.5,2130.9000000000005,488.8
2019-09-23,739.4000000000001,781.7000000000002,1914.7000000000007,355.09999999999997
2019-09-24,793.3999999999999,881.1,2097.8000000000006,292.00000000000006
2019-09-25,596.8,752.1999999999999,1667.4000000000003,271.0
2019-09-26,576.5,765.9000000000001,1650.1000000000001,346.20000000000005
2019-09-27,573.6,714.9000000000002,1594.7,414.8
2019-09-28,401.99999999999994,588.5999999999999,1204.3,336.5
2019-09-29,249.09999999999997,404.30000000000007,786.3000000000002,200.90000000000003
2019-09-30,786.4999999999998,907.6,2113.0,367.0999999999999
2019-10-01,588.4000000000001,779.1999999999999,1681.4999999999998,314.4000000000001
2019-10-02,723.4,978.5,2087.9,310.8
2019-10-03,1864.5000000000005,1342.0,4200.8,546.3000000000002
2019-10-04,951.4,1082.1000000000001,2540.9999999999995,563.7999999999998
2019-10-05,300.6,831.3,1292.1,392.79999999999995
2019-10-06,431.5,674.6000000000003,1335.8,329.79999999999995
2019-10-07,919.9000000000001,1070.8,2481.0,334.6
2019-10-08,606.1,816.2,1746.0999999999997,472.8
2019-10-09,612.45,801.5999999999999,1740.85,313.59999999999997
2019-10-10,726.2999999999998,820.4000000000001,1934.0000000000002,407.1
2019-10-11,549.4,774.8,1617.5,322.70000000000005
2019-10-12,868.3000000000001,1294.5000000000002,2625.9,284.90000000000003
2019-10-13,520.6999999999999,886.1999999999999,1684.7000000000003,279.8
2019-10-14,746.3999999999999,1045.8999999999999,2190.5,394.29999999999995
2019-10-15,850.6999999999999,984.4,2288.6,335.70000000000005
2019-10-16,1170.4,1187.8999999999999,2982.3,444.6
2019-10-17,1235.8999999999999,1425.3999999999996,3320.5000000000005,379.50000000000006
2019-10-18,469.79999999999995,788.7999999999998,1508.4,387.20000000000005
2019-10-19,760.4,1095.1999999999998,2260.9999999999995,350.79999999999995
2019-10-20,452.19999999999993,749.1999999999999,1442.4,342.50000000000006
2019-10-21,286.0999999999999,596.9,1035.9,271.40000000000003
2019-10-22,1986.1000000000001,1368.2,4413.4,572.7
2019-10-23,1997.3500000000001,1344.6,4406.85,779.6000000000001
2019-10-24,1184.55,1232.2124999999999,3048.4125,799.2377358490567
2019-10-25,1030.47,1151.2125,2731.2525,753.2301886792452
2019-10-26,876.3899999999999,1070.2125000000003,2414.0925,707.2226415094339
2019-10-27,722.31,989.2125000000003,2096.9325,661.2150943396226
2019-10-28,568.23,908.2125000000003,1779.7725,615.2075471698113
2019-10-29,414.15000000000003,827.2125000000003,1462.6125,569.2
2019-10-30,294.5,907.5749999999999,1359.5749999999996,547.4867924528302
2019-10-31,688.9000000000001,1023.7999999999998,2080.1,810.6999999999999
2019-11-01,1141.2000000000003,1137.1,2886.9000000000005,476.59999999999997
2019-11-02,313.09999999999997,480.10000000000014,960.9,365.70000000000016
2019-11-03,474.59999999999997,897.4,1625.0,413.6
2019-11-04,1374.2,1245.3000000000002,3352.35,503.79999999999995
2019-11-05,435.69999999999993,743.8000000000001,1411.5999999999997,346.5000000000001
2019-11-06,1109.3,1228.3999999999999,2929.6,675.9999999999999
2019-11-07,742.5999999999999,1117.3999999999999,2255.8999999999996,311.99999999999994
2019-11-08,2051.2999999999997,1316.0,4461.299999999999,471.80000000000007
2019-11-09,649.9000000000001,1008.9,2005.1,412.70000000000005
2019-11-10,755.3,943.5000000000001,2101.4,417.2
2019-11-11,574.4999999999999,975.9000000000001,1857.0,372.5
2019-11-12,661.2999999999998,945.3,1958.9999999999993,301.69999999999993
2019-11-13,810.0999999999999,1023.4999999999999,2265.8999999999996,369.00000000000006
2019-11-14,588.6,1134.4,2037.1,250.20000000000002
2019-11-15,269.79999999999995,605.9999999999998,1019.8000000000002,338.29999999999995
2019-11-16,840.7999999999998,1023.7,2313.1000000000004,452.3999999999999
2019-11-17,1758.7000000000005,1261.3999999999999,3958.200000000001,672.9
2019-11-18,726.9,979.0,2093.4,321.1000000000001
2019-11-19,3537.8,1783.2999999999995,7207.6,874.6999999999999
2019-11-20,875.2000000000002,1148.8500000000001,2490.7999999999997,494.00000000000006
2019-11-21,561.9,825.3000000000001,1686.8999999999996,652.8999999999997
2019-11-22,486.3,947.0999999999998,1692.3,363.8999999999999
2019-11-23,437.5,761.3,1432.2,432.0
2019-11-24,1003.1,892.2000000000002,2429.8,511.4000000000001
2019-11-25,719.9000000000001,927.7000000000002,2031.1,332.0
2019-11-26,735.4000000000001,1030.1,2157.7999999999997,368.9
2019-11-27,597.3000000000002,1065.5,1981.8000000000002,311.1
2019-11-28,665.5,795.8000000000001,1816.3000000000002,331.30000000000007
2019-11-29,1212.2,1171.0,3029.7,544.4
2019-11-30,1145.8000000000002,1253.8000000000002,3010.9,522.0
2019-12-01,139.70000000000002,667.7999999999997,882.7,255.60000000000005
2019-12-02,1397.3999999999999,1455.3,3597.6,626.1999999999999
2019-12-03,1575.8500000000001,1680.3500000000001,4096.85,684.5000000000001
2019-12-04,3347.5999999999995,1937.5000000000002,7070.2,815.9
2019-12-05,1476.0000000000002,1253.3,3516.3000000000006,628.5000000000001
2019-12-06,384.50000000000006,763.2,1352.5,219.69999999999996
2019-12-07,466.7999999999999,821.4000000000003,1537.1000000000004,382.8
2019-12-08,172.6,475.6000000000001,740.4,400.00000000000006
2019-12-09,808.9000000000001,998.6,2239.2000000000003,382.3
2019-12-10,677.7,1107.6999999999998,2147.0,438.69999999999993
2019-12-11,840.4,1246.2,2534.8999999999996,379.0
2019-12-12,764.2000000000002,1217.0,2388.7999999999993,328.7999999999999
2019-12-13,397.0,736.8,1345.3999999999999,343.99999999999994
2019-12-14,371.6,816.0000000000001,1385.4,415.09999999999997
2019-12-15,466.30000000000007,753.0999999999999,1467.6,326.9
2019-12-16,1106.7,1401.4,3098.0,417.6
2019-12-17,798.2000000000003,1312.8,2536.8,298.19999999999993
2019-12-18,1517.4,1360.1,3686.7000000000007,458.20000000000005
2019-12-19,596.0,750.3000000000001,1664.4000000000003,449.20000000000005
2019-12-20,616.7,1067.4,2012.8,188.6
2019-12-21,400.2,823.2999999999997,1436.5999999999997,283.59999999999997
2019-12-22,292.0,721.4999999999999,1169.6,207.6
2019-12-23,568.4000000000001,974.3,1845.8,368.19999999999993
2019-12-24,312.79999999999995,753.5000000000002,1232.6000000000001,336.0
2019-12-25,1338.6000000000001,969.7,3021.8999999999996,503.4
2019-12-26,358.8,811.8000000000002,1361.9,297.7
2019-12-27,984.5,989.1999999999998,2498.5,400.7
2019-12-28,765.6,1021.6,2195.3999999999996,425.69999999999993
2019-12-29,695.4999999999999,884.7,1950.6,459.69999999999993
2019-12-30,768.8000000000001,938.0999999999999,2116.7999999999997,538.1
2019-12-31,454.99999999999994,901.1000000000001,1598.5999999999997,607.8000000000001
2020-01-01,1017.0,1206.6,2766.5000000000005,1027.105
2020-01-02,577.2,871.3000000000001,1756.5999999999997,854.262
2020-01-03,474.79999999999995,881.2,1609.1000000000001,819.414
2020-01-04,600.2000000000002,1166.3999999999999,2086.5,784.5659999999999
2020-01-05,383.00000000000006,895.2,1482.1000000000004,749.718
2020-01-06,652.8999999999999,935.5,1937.4,714.87
2020-01-07,565.1000000000001,928.4999999999999,1795.4,680.022
2020-01-08,728.7,1012.0000000000001,2129.2,645.1740000000001
2020-01-09,520.8499999999999,731.0,1529.8500000000001,499.31899999999996
2020-01-10,719.5,1065.2,2168.0,266.9
2020-01-11,364.59999999999997,640.9999999999999,1200.0000000000002,424.40000000000015
2020-01-12,268.20000000000005,540.8,952.5,237.0
2020-01-13,558.2,803.0,1658.6000000000001,387.39999999999986
2020-01-14,566.2999999999998,740.8999999999997,1609.3999999999996,303.0
2020-01-15,644.5999999999999,948.9,1936.8000000000002,327.3
2020-01-16,576.5999999999999,834.1000000000001,1718.2000000000003,418.1
2020-01-17,596.0,989.6000000000001,1903.2999999999997,315.8
2020-01-18,845.4999999999997,1284.4999999999998,2581.1,432.40000000000003
2020-01-19,977.6,1368.8999999999999,2867.7000000000003,507.19999999999993
2020-01-20,3146.5000000000005,2064.5,6888.9,1021.6000000000001
2020-01-21,3190.599999999999,1975.0000000000002,6867.499999999998,977.8000000000001
2020-01-22,1101.8000000000002,1252.0000000000002,2941.2999999999993,674.6999999999998
2020-01-23,739.25,1121.65,2255.7,532.1
2020-01-24,1343.2000000000003,1210.9,3270.5999999999995,652.5999999999999
2020-01-25,692.1999999999998,957.8000000000001,2018.9,851.6000000000003
2020-01-26,484.3,820.1999999999998,1562.6999999999998,645.6999999999999
2020-01-27,707.1,1064.8999999999999,2148.7999999999997,338.00000000000006
2020-01-28,497.19999999999993,878.6,1641.3000000000002,293.7
2020-01-29,565.7,1010.0,1877.3999999999999,512.2
2020-01-30,641.0000000000001,912.0,1894.8999999999996,276.59999999999997
2020-01-31,462.9,711.1999999999999,1420.7,241.39999999999995
2020-02-01,330.6,654.4000000000001,1160.7999999999995,489.29999999999995
2020-02-02,266.5,719.4,1128.1,506.09999999999997
2020-02-03,410.65,821.3500000000001,1451.15,560.5999999999999
2020-02-04,489.40000000000003,968.9,1719.3999999999999,441.90000000000003
2020-02-05,1551.2,1752.6000000000001,4130.900000000001,862.8
2020-02-06,2255.4,1982.4000000000005,5440.600000000001,940.8999999999997
2020-02-07,1114.8999999999999,1364.6,3074.3999999999996,844.0999999999999
2020-02-08,474.3999999999999,944.8,1671.8999999999999,536.7
2020-02-09,107.59999999999998,321.2,486.40000000000003,366.40000000000003
2020-02-10,324.70000000000005,666.3000000000002,1164.0,369.2
2020-02-11,419.1,799.6,1442.3,444.4
2020-02-12,625.0999999999998,1147.6999999999998,2106.0,403.79999999999995
2020-02-13,520.0999999999999,970.35,1768.1499999999999,248.6
2020-02-14,1003.3000000000001,1303.5000000000002,2842.2000000000003,621.1999999999999
2020-02-15,339.4000000000001,564.8000000000001,1085.4,233.59999999999997
2020-02-16,271.59999999999997,527.5000000000001,943.9,145.1
2020-02-17,423.4,710.7000000000002,1359.6000000000001,504.6999999999999
2020-02-18,514.2,850.6000000000001,1638.5000000000002,352.7000000000001
2020-02-19,739.5,1055.4,2188.6000000000004,450.40000000000003
2020-02-20,502.15,786.3000000000002,1556.05,230.09999999999997
2020-02-21,454.69999999999993,766.8000000000001,1464.4999999999998,539.6000000000001
2020-02-22,228.70000000000002,411.2,762.0000000000001,476.59999999999997
2020-02-23,331.40000000000003,673.6999999999999,1182.3,216.6
2020-02-24,419.00000000000006,725.4,1368.5999999999995,227.50000000000006
2020-02-25,524.5,898.9,1703.3999999999996,287.40000000000003
2020-02-26,638.3,1080.5,2059.0499999999997,280.475
2020-02-27,623.9999999999999,1211.2,2168.0,335.97692307692313
2020-02-28,796.7000000000003,1257.5000000000002,2479.1999999999994,421.4980769230769
2020-02-29,333.59999999999997,606.2000000000002,1117.3,523.3
2020-03-01,311.99999999999994,639.9000000000001,1118.3,332.6
2020-03-02,497.3,1071.3,1833.8,253.79999999999998
2020-03-03,746.2000000000002,1228.2000000000003,2371.9999999999995,426.5
2020-03-04,843.5,1423.9,2717.2000000000003,427.8
2020-03-05,203.50000000000006,658.15,969.9,331.2
2020-03-06,845.1,1320.1000000000001,2616.2999999999997,531.4
2020-03-07,778.8000000000002,1207.1000000000001,2401.6,628.3
2020-03-08,261.8,582.4,984.1999999999999,336.49999999999994
2020-03-09,530.4000000000001,893.6999999999999,1707.1,364.29999999999995
2020-03-10,346.20000000000005,548.6,1079.6,157.79999999999995
2020-03-11,374.59999999999997,681.2000000000002,1255.5,294.8
2020-03-12,402.4,653.5,1270.3,423.3
2020-03-13,599.8,953.3000000000001,1873.0000000000005,447.70000000000005
2020-03-14,512.6,784.9,1570.0,316.8
2020-03-15,335.40000000000003,681.0,1195.2000000000003,249.10000000000002
2020-03-16,678.8999999999999,1111.3999999999999,2151.8999999999996,415.2
2020-03-17,458.3999999999999,838.3,1541.0999999999997,482.8
2020-03-18,450.5,775.7,1466.3999999999999,428.4
2020-03-19,204.90000000000003,625.3,940.3000000000001,373.30000000000007
2020-03-20,126.90000000000002,360.49999999999994,555.2999999999998,326.8
2020-03-21,70.7,283.8,392.5,400.49999999999994
2020-03-22,53.999999999999986,310.4,393.1000000000001,430.29999999999995
2020-03-23,246.60000000000002,968.3999999999999,1346.3,580.8
2020-03-24,612.2607843137255,1177.9392156862748,2117.413725490196,500.1980392156863
2020-03-25,615.5843137254901,920.8156862745097,1865.7254901960785,454.43921568627457
2020-03-26,509.7960784313725,815.4039215686275,1598.43137254902,440.5098039215687
2020-03-27,404.0078431372549,709.9921568627451,1331.1372549019611,426.5803921568628
2020-03-28,298.2196078431373,604.5803921568628,1063.8431372549016,412.6509803921569
2020-03-29,192.43137254901964,499.16862745098035,796.5490196078431,398.72156862745095
2020-03-30,88.10000000000002,384.4,521.5999999999999,359.79999999999995
2020-03-31,80.5,450.1000000000001,573.6,374.00000000000006
2020-04-01,309.4,918.0999999999998,1392.2000000000003,388.79999999999995
2020-04-02,246.3,623.4,1000.4000000000001,274.7
2020-04-03,502.20000000000005,990.1999999999998,1760.1,438.3999999999999
2020-04-04,350.2,894.1000000000003,1430.8999999999999,410.79999999999995
2020-04-05,89.39999999999998,472.20000000000005,609.5,409.80000000000007
2020-04-06,178.9,641.7,916.2000000000002,304.49999999999994
2020-04-07,190.1,752.5000000000001,1044.0000000000002,557.4000000000001
2020-04-08,128.4,936.7,1133.5,1119.5
2020-04-09,143.89999999999998,701.7,921.9,1207.8999999999999
2020-04-10,86.99999999999999,612.7,746.6,1009.6999999999997
2020-04-11,171.10000000000005,945.0999999999999,1207.6,811.0999999999998
2020-04-12,70.99999999999999,511.3,619.3,642.6500000000001
2020-04-13,48.2,165.49999999999997,238.59999999999997,400.9
2020-04-14,63.999999999999986,401.70000000000005,500.5,363.59999999999997
2020-04-15,148.49999999999997,828.5,1056.7999999999997,679.5999999999999
2020-04-16,169.89999999999995,866.0,1126.1000000000001,1095.7
2020-04-17,59.300000000000004,259.2,349.8,439.9
2020-04-18,90.60000000000001,460.7,600.2,516.9000000000001
2020-04-19,58.99999999999999,326.1000000000001,416.9,454.5999999999999
2020-04-20,85.9,341.0,472.09999999999997,572.7000000000002
2020-04-21,61.49999999999999,334.59999999999997,428.59999999999997,699.2000000000002
2020-04-22,106.79999999999998,459.8999999999999,624.0,706.6000000000001
2020-04-23,108.89999999999999,595.3,762.0000000000002,790.1
2020-04-24,128.5,556.7,752.9000000000001,687.3
2020-04-25,45.49999999999999,324.4,394.9,364.30000000000007
2020-04-26,124.00000000000001,570.3,761.1000000000001,386.8999999999999
2020-04-27,247.79999999999998,649.9,1029.7,574.4000000000001
2020-04-28,81.09999999999998,314.3,438.2,164.25
2020-04-29,270.90000000000003,514.2,929.5999999999998,290.8
2020-04-30,259.79999999999995,500.7,899.6999999999999,255.9
2020-05-01,267.9,568.2,978.9,217.80000000000004
2020-05-02,200.4,601.9,908.9999999999999,209.50000000000003
2020-05-03,117.29999999999998,540.1999999999999,720.1999999999999,285.40000000000003
2020-05-04,76.5,340.0,457.3,319.5
2020-05-05,56.2,204.9,290.4,268.30000000000007
2020-05-06,120.2,473.1,658.1,442.90000000000003
2020-05-07,266.0999999999999,805.6000000000001,1214.0,547.6999999999999
2020-05-08,130.39999999999998,871.1999999999999,1071.2,537.5000000000001
2020-05-09,76.00000000000001,658.7000000000002,774.8999999999999,782.4
2020-05-10,64.70000000000002,247.80000000000004,346.7,541.9
2020-05-11,105.3,231.0,393.0000000000001,352.69999999999993
2020-05-12,195.7,553.0999999999999,852.9999999999999,287.40000000000003
2020-05-13,118.40000000000002,344.49999999999994,526.0,287.1000000000001
2020-05-14,138.90000000000003,368.50000000000006,581.1999999999999,237.49999999999997
2020-05-15,235.49999999999997,757.2000000000002,1118.3000000000002,376.7
2020-05-16,225.29999999999998,732.2,1077.3999999999999,313.2
2020-05-17,247.99999999999997,704.1999999999999,1084.1999999999998,409.70000000000005
2020-05-18,256.95,627.0999999999999,1021.2,393.9000000000001
2020-05-19,303.00000000000006,672.5,1137.1,372.49999999999994
2020-05-20,329.40000000000003,841.1999999999999,1346.6999999999998,457.4
2020-05-21,237.99999999999997,829.3999999999999,1194.3999999999999,548.5
2020-05-22,186.4,419.6000000000001,704.6,665.1999999999999
2020-05-23,161.09999999999997,280.59999999999997,526.8,602.3999999999999
2020-05-24,178.1,516.1,789.4,444.3999999999999
2020-05-25,197.90000000000003,659.4000000000001,963.1000000000001,452.9000000000001
2020-05-26,174.6,642.6999999999999,910.6,455.2
2020-05-27,102.79999999999998,528.1999999999999,685.3000000000001,410.6
2020-05-28,67.8,255.60000000000002,359.29999999999995,356.9999999999999
2020-05-29,85.8,362.4,493.29999999999995,402.9
2020-05-30,67.80000000000001,328.09999999999997,431.70000000000005,443.7999999999999
2020-05-31,53.0,274.29999999999995,355.29999999999984,379.90000000000003
2020-06-01,80.50000000000001,365.5,489.00000000000006,378.9
2020-06-02,126.1,676.4000000000001,869.4999999999999,434.1
2020-06-03,119.49999999999999,686.8999999999999,869.7,503.6000000000001
2020-06-04,216.00000000000003,489.2,820.1,279.70000000000005
2020-06-05,250.3,505.59999999999997,889.7,283.7
2020-06-06,246.79999999999995,507.80000000000007,886.0999999999999,253.20000000000005
2020-06-07,159.3,432.59999999999997,676.7000000000002,206.10000000000002
2020-06-08,111.0,403.3999999999999,574.1,313.79999999999995
2020-06-09,164.3,610.4,862.4999999999999,363.2
2020-06-10,300.0999999999999,696.6999999999999,1156.6999999999998,384.70000000000005
2020-06-11,80.8,425.59999999999997,549.6999999999999,371.5
2020-06-12,94.09999999999997,573.6500000000001,718.15,533.7000000000002
2020-06-13,96.59999999999998,564.4,712.4,287.8
2020-06-14,119.99999999999999,522.8,706.9000000000001,344.2999999999999
2020-06-15,316.3,884.2,1368.9,354.40000000000003
2020-06-16,233.4,711.8000000000001,1069.2,321.4
2020-06-17,196.59999999999997,871.0999999999999,1172.9000000000003,351.00000000000006
2020-06-18,243.7,716.2,1088.8,243.5
2020-06-19,222.30000000000007,515.5000000000001,855.8000000000002,326.5
2020-06-20,167.29999999999998,488.4,745.0,282.0
2020-06-21,122.5,391.2,579.4999999999999,280.2
2020-06-22,237.89999999999995,592.2499999999999,956.6500000000001,544.8000000000001
2020-06-23,194.20000000000005,710.5,1008.0999999999999,541.8000000000001
2020-06-24,36.90000000000001,701.6000000000001,758.7,659.6999999999999
2020-06-25,8.600000000000005,614.4000000000001,628.2,682.9000000000002
2020-06-26,146.2,794.7,1018.8,559.6
2020-06-27,120.70000000000002,318.3,503.3,306.0
2020-06-28,116.6,317.99999999999994,496.8,275.69999999999993
2020-06-29,206.00000000000003,420.1,736.4000000000001,449.2
2020-06-30,287.0,493.0000000000001,932.5,321.09999999999997
2020-07-01,278.0,477.29999999999995,903.1000000000001,302.09999999999997
2020-07-02,286.40000000000003,603.0999999999999,1041.7000000000003,329.9
2020-07-03,243.50000000000003,474.5,847.3999999999997,329.20000000000005
2020-07-04,204.4,311.90000000000003,625.5999999999999,213.5
2020-07-05,161.29999999999998,231.0,478.3,410.7
2020-07-06,353.45000000000005,540.1,1081.8,375.99999999999994
2020-07-07,409.0999999999999,780.9999999999998,1408.5,410.79999999999995
2020-07-08,511.59999999999985,538.4,1322.7999999999997,257.5999999999999
2020-07-09,380.7,418.79999999999995,1002.3000000000001,251.0
2020-07-10,439.09999999999997,675.0,1348.4,284.1
2020-07-11,400.49999999999994,747.6,1361.5,328.1
2020-07-12,289.00000000000006,746.6,1189.9,366.99999999999994
2020-07-13,383.29999999999995,707.0999999999998,1295.2999999999997,411.9
2020-07-14,319.7000000000001,573.5999999999999,1063.5999999999997,275.50000000000006
2020-07-15,480.2000000000001,624.3,1360.4,301.59999999999997
2020-07-16,375.9,569.7,1145.6999999999998,273.0
2020-07-17,414.20000000000005,684.5,1319.3,449.09999999999997
2020-07-18,323.79999999999995,508.59999999999997,1004.6,342.34999999999997
2020-07-19,150.0,358.00000000000006,587.8000000000001,227.3
2020-07-20,217.45000000000005,518.0500000000001,851.5500000000001,297.20000000000005
2020-07-21,205.49999999999997,584.2,899.1999999999999,348.90000000000003
2020-07-22,284.1000000000001,789.3000000000001,1224.9,551.6
2020-07-23,280.50000000000006,675.5999999999999,1105.7,531.9
2020-07-24,396.0,576.3000000000001,1183.3000000000002,348.4
2020-07-25,239.0,432.7,799.5,247.89999999999998
2020-07-26,261.59999999999997,394.1,795.0999999999999,303.59999999999997
2020-07-27,309.4000000000001,463.6000000000001,937.8999999999999,386.8999999999999
2020-07-28,405.1,593.4,1214.5,364.99999999999994
2020-07-29,450.59999999999985,856.8000000000001,1547.3999999999999,422.4999999999999
2020-07-30,362.0000000000001,973.3999999999997,1528.1999999999998,445.7
2020-07-31,193.6,983.3,1280.3999999999999,804.9999999999998
2020-08-01,305.0,507.6000000000001,975.3000000000002,343.99999999999994
2020-08-02,233.9,494.70000000000005,852.9,305.8
2020-08-03,259.99999999999994,602.6999999999999,1001.3999999999999,324.29999999999995
2020-08-04,375.7,793.8500000000001,1369.95,465.00000000000006
2020-08-05,240.3,528.4999999999999,896.5999999999999,368.4
2020-08-06,390.8,881.2,1480.0,389.70000000000005
2020-08-07,531.1,1625.9,2440.5000000000005,740.3
2020-08-08,232.10000000000002,942.4000000000003,1297.7999999999997,832.7
2020-08-09,51.30000000000001,362.3,440.79999999999995,680.8
2020-08-10,67.1,692.8000000000001,795.6000000000001,803.9000000000001
2020-08-11,73.59999999999998,1009.1000000000001,1121.6000000000001,987.7
2020-08-12,58.8,948.6,1038.6,1133.6999999999998
2020-08-13,60.69999999999999,583.2000000000002,676.4000000000001,668.8
2020-08-14,139.00000000000003,614.7,828.0,420.0
2020-08-15,115.39999999999998,608.8000000000001,785.7000000000002,476.50000000000006
2020-08-16,105.49999999999999,713.5999999999999,875.6000000000001,627.9
2020-08-17,318.2000000000001,1003.5000000000001,1491.8000000000002,315.3
2020-08-18,317.2,659.0,1144.8,287.1
2020-08-19,335.59999999999997,752.6,1267.2,306.7
2020-08-20,333.321052631579,676.8157894736843,1187.5421052631577,516.6
2020-08-21,272.2789473684211,529.5842105263157,946.8578947368421,536.8000000000001
2020-08-22,162.89999999999998,418.99999999999994,668.3,386.29999999999995
2020-08-23,170.4,379.09999999999997,640.5000000000001,325.2000000000001
2020-08-24,360.4,669.8,1222.3,368.20000000000005
2020-08-25,165.7,353.49999999999994,607.3000000000002,346.2
2020-08-26,288.2,556.9000000000001,998.9999999999999,349.1
2020-08-27,333.5,700.8999999999997,1212.3,510.8999999999999
2020-08-28,353.29999999999995,572.7,1114.8,303.19999999999993
2020-08-29,175.1,356.80000000000007,625.0999999999999,292.2
2020-08-30,62.9,283.9,380.10000000000014,354.69999999999993
2020-08-31,355.9,702.8999999999999,1249.0,336.79999999999995
2020-09-01,429.0,1053.0999999999997,1710.9999999999998,435.90000000000003
2020-09-02,344.4,1021.5,1549.3999999999996,463.40000000000003
2020-09-03,289.8000000000001,527.7,972.0999999999997,369.1
2020-09-04,489.5,779.2000000000002,1529.8999999999999,529.0999999999999
2020-09-05,413.7,710.0,1344.3999999999999,427.2999999999999
2020-09-06,269.5,754.1999999999999,1167.5,369.5
2020-09-07,603.7,814.1000000000001,1740.0000000000002,381.8999999999999
2020-09-08,444.8999999999999,644.8000000000001,1326.6999999999998,359.80000000000007
2020-09-09,381.8,678.5999999999999,1264.3,455.19999999999993
2020-09-10,255.60000000000002,783.4,1175.2999999999997,510.0000000000001
2020-09-11,534.7,984.3000000000002,1803.6999999999998,562.5
2020-09-12,250.70000000000002,597.0,981.3,392.1000000000001
2020-09-13,169.29999999999998,563.9000000000001,823.9,368.19999999999993
2020-09-14,479.09999999999997,987.7,1722.4,653.4
2020-09-15,248.80000000000004,1328.5,1710.1999999999996,1130.0
2020-09-16,80.89999999999999,531.1999999999999,655.0999999999999,741.8
2020-09-17,96.6,369.0,516.8,542.6000000000001
2020-09-18,145.39999999999998,491.1000000000001,713.9000000000002,537.0999999999999
2020-09-19,75.3,415.4,530.9,571.0
2020-09-20,53.4,346.49999999999994,428.4,576.2000000000002
2020-09-21,383.3,1110.4,1698.6000000000001,690.4
2020-09-22,362.29999999999995,1116.8,1672.0,724.1999999999998
2020-09-23,280.8,675.5999999999999,1106.5,344.5
2020-09-24,394.00000000000006,782.0999999999998,1386.4,327.40000000000003
2020-09-25,352.9,588.5,1129.6,284.19999999999993
2020-09-26,267.69999999999993,461.1000000000001,871.9,224.92857142857144
2020-09-27,121.9,345.80000000000007,532.4,303.7714285714286
2020-09-28,493.9,895.1000000000001,1652.6,386.0571428571428
2020-09-29,526.1,883.8000000000001,1690.4999999999995,468.3428571428571
2020-09-30,451.49999999999994,870.7999999999998,1563.1999999999998,502.7
2020-10-01,473.0,829.8,1555.3999999999999,375.8999999999999
2020-10-02,141.39999999999998,535.6999999999999,752.0999999999999,276.20000000000005
2020-10-03,382.49999999999994,784.9,1371.0,311.09999999999997
2020-10-04,267.9,509.5,919.9000000000001,148.9
2020-10-05,426.8,729.8999999999999,1384.7,327.70000000000005
2020-10-06,379.6,643.0000000000001,1224.4999999999998,285.00000000000006
2020-10-07,485.29999999999995,783.3999999999999,1527.3,392.29999999999995
2020-10-08,367.90000000000003,661.1999999999999,1225.3999999999999,258.0
2020-10-09,854.9999999999998,1033.3,2344.2000000000003,372.4
2020-10-10,415.7999999999999,733.4,1371.0,288.40000000000003
2020-10-11,265.59999999999997,621.0,1028.0,245.50000000000003
2020-10-12,672.9000000000001,962.1999999999999,1993.3999999999999,349.6
2020-10-13,466.49999999999994,695.7,1410.3,296.4
2020-10-14,257.1,656.4,1050.2,330.1
2020-10-15,195.14999999999998,608.0999999999999,907.65,267.9
2020-10-16,249.19999999999996,757.2999999999998,1139.4,341.79999999999995
2020-10-17,178.10000000000002,686.2,959.1999999999999,300.79999999999995
2020-10-18,314.0,857.9,1339.3,438.1
2020-10-19,426.99999999999994,898.9,1553.4,512.8000000000001
2020-10-20,363.1000000000001,712.6,1268.8999999999999,602.8000000000001
2020-10-21,318.70000000000005,790.5,1279.0,291.49999999999994
2020-10-22,389.2,838.4000000000001,1435.0000000000002,393.19999999999993
2020-10-23,381.30000000000007,849.6999999999999,1434.2999999999997,368.50000000000006
2020-10-24,247.9,587.4,967.5000000000001,344.6
2020-10-25,286.3,683.1999999999999,1122.0000000000002,243.4
2020-10-26,423.4,845.4000000000001,1494.8999999999999,357.40000000000003
2020-10-27,397.50000000000006,831.1,1441.0,326.40000000000003
2020-10-28,303.40000000000003,667.1,1132.5999999999997,352.2
2020-10-29,324.8,704.5,1201.7,450.20000000000005
2020-10-30,291.7,624.2,1071.5000000000002,318.2
2020-10-31,203.1,504.5,815.8,431.8
2020-11-01,120.0,340.3,524.1000000000001,386.29999999999995
2020-11-02,221.9,470.2,810.3,325.1
2020-11-03,475.6999999999999,981.5999999999998,1710.7000000000003,384.20000000000005
2020-11-04,1207.1,1402.1000000000001,3253.2,623.1
2020-11-05,3285.399999999999,1691.6,6729.100000000001,1787.5999999999997
2020-11-06,1167.3,1263.6,3053.5,1215.0
2020-11-07,818.6999999999999,1037.3000000000002,2292.6,970.55
2020-11-08,661.1000000000001,854.1999999999998,1868.0,906.4999999999999
2020-11-09,661.9,950.2,1964.7999999999997,462.79999999999995
2020-11-10,622.3,1101.5000000000002,2055.7999999999997,474.1
2020-11-11,400.79999999999995,717.0999999999999,1331.6,419.69999999999993
2020-11-12,373.8,723.6,1296.6,403.80000000000007
2020-11-13,444.79999999999995,1000.5,1682.5,430.49999999999994
2020-11-14,213.50000000000003,568.9,896.2,416.8
2020-11-15,130.09999999999997,404.5,603.4,264.0
2020-11-16,316.4999999999999,647.1999999999999,1132.7,337.4
2020-11-17,251.80000000000004,569.4,954.8999999999997,359.7
2020-11-18,332.9,619.0000000000001,1128.8999999999999,458.8
2020-11-19,502.0999999999999,864.7,1634.2999999999997,290.4
2020-11-20,665.0999999999998,1143.6999999999998,2163.5,375.3
2020-11-21,192.70000000000002,505.7,801.3000000000002,271.7
2020-11-22,424.6000000000001,833.4000000000001,1484.6,342.19999999999993
2020-11-23,1102.9,1268.5000000000002,2959.600000000001,568.6000000000001
2020-11-24,452.0,807.3000000000001,1499.7,424.6
2020-11-25,495.0,913.0,1672.6499999999999,521.6999999999999
2020-11-26,598.6999999999999,1110.6,2029.0000000000002,575.3
2020-11-27,1219.9000000000003,1076.0,2946.6000000000004,644.1999999999999
2020-11-28,479.9,1058.1000000000001,1794.5,947.1999999999999
2020-11-29,340.6,926.8000000000001,1448.8999999999999,704.2
2020-11-30,653.9,762.4000000000002,1764.6000000000001,492.1000000000001
2020-12-01,438.59999999999997,845.6,1518.1000000000001,391.6
2020-12-02,1290.4,1312.0000000000002,3290.0,658.9000000000001
2020-12-03,565.6999999999999,1200.5,2067.6000000000004,322.59999999999997
2020-12-04,507.59999999999997,972.2,1750.4,342.70000000000005
2020-12-05,190.40000000000003,748.8,1040.7999999999997,397.0
2020-12-06,233.39999999999998,735.3,1093.3,355.79999999999995
2020-12-07,601.4,1031.0,1952.9000000000005,461.3
2020-12-08,1610.15,1332.95,3801.3999999999996,569.15
2020-12-09,740.1,1193.6000000000001,2329.0,484.8
2020-12-10,291.29999999999995,800.4000000000001,1246.8,470.50000000000017
2020-12-11,836.1999999999999,1297.1,2579.2000000000003,399.5
2020-12-12,423.4,866.9,1516.0,377.59999999999997
2020-12-13,297.9,817.0999999999999,1273.6999999999998,279.29999999999995
2020-12-14,385.6,933.9000000000001,1525.2999999999997,401.4
2020-12-15,488.9000000000001,1110.5,1860.5,468.4
2020-12-16,447.09999999999997,927.2,1612.6999999999998,390.80000000000007
2020-12-17,446.70000000000005,896.7000000000002,1582.3000000000002,374.79999999999995
2020-12-18,347.5,635.5,1167.6000000000001,305.1
2020-12-19,277.2,654.8,1079.6000000000001,356.2
2020-12-20,209.7,675.4999999999999,996.8000000000002,291.20000000000005
2020-12-21,265.9,600.5000000000001,1008.0,213.60000000000002
2020-12-22,681.8000000000001,899.0000000000001,1944.5,326.90000000000003
2020-12-23,399.40000000000003,850.9999999999999,1463.7,252.5
2020-12-24,215.89999999999998,433.99999999999994,764.9000000000001,156.79999999999998
2020-12-25,161.70000000000002,536.7,785.2,245.4
2020-12-26,162.9,437.0999999999999,687.1000000000001,209.00000000000003
2020-12-27,300.3,664.9000000000001,1125.4,283.29999999999995
2020-12-28,416.9,917.3,1556.6,329.19999999999993
2020-12-29,400.3,735.6999999999999,1349.6,361.19999999999993
2020-12-30,861.0999999999999,1147.9,2468.5,438.19999999999993
2020-12-31,488.0000000000001,878.3,1626.7,438.70000000000005
2021-01-01,426.2,682.4000000000002,1336.0000000000002,489.69999999999993
2021-01-02,312.0,655.1000000000001,1133.5,235.0
2021-01-03,143.39999999999998,421.19999999999993,641.4,214.60000000000008
2021-01-04,118.3,381.2,562.3,185.4
2021-01-05,126.69999999999997,388.79999999999995,583.0000000000001,185.99999999999994
2021-01-06,218.9,548.8,884.1999999999999,223.70000000000002
2021-01-07,717.7,986.6000000000001,2087.0,488.3999999999999
2021-01-08,644.4999999999999,939.8,1928.1000000000001,526.6
2021-01-09,843.4,961.3000000000001,2254.9999999999995,504.1
2021-01-10,384.69999999999993,838.6,1428.6000000000001,413.4
2021-01-11,251.6,700.4999999999999,1086.1,279.4
2021-01-12,359.0,850.9000000000001,1401.7,206.4
2021-01-13,961.8999999999999,1141.1000000000001,2616.3999999999996,426.2
2021-01-14,114.70000000000002,679.7000000000002,855.4,167.7
2021-01-15,710.5999999999999,981.5000000000001,2070.9000000000005,490.3
2021-01-16,325.79999999999995,840.6999999999999,1340.4,303.30000000000007
2021-01-17,209.9,688.0,1009.9,385.9
2021-01-18,408.0000000000001,948.3000000000001,1573.8999999999999,366.9
2021-01-19,189.29999999999995,479.0,769.2,208.59999999999997
2021-01-20,240.2,521.4,889.5000000000001,312.6
2021-01-21,320.0,730.1000000000001,1220.9999999999998,311.8
2021-01-22,710.4999999999999,1208.3,2297.8999999999996,383.79999999999995
2021-01-23,543.4,994.1000000000003,1827.3000000000004,305.1
2021-01-24,339.20000000000005,1138.3000000000002,1658.4000000000003,318.2
2021-01-25,517.9000000000001,1043.9,1838.2999999999997,330.3999999999999
2021-01-26,858.7,1292.9000000000003,2609.5,335.3
2021-01-27,802.7999999999998,1168.3,2399.1,363.9
2021-01-28,387.49999999999994,774.0000000000001,1367.8999999999999,300.0999999999999
2021-01-29,380.1,777.4000000000001,1360.4,326.5
2021-01-30,101.1,434.09999999999985,589.2,244.19999999999996
2021-01-31,143.90000000000003,530.4,750.8000000000001,369.5
2021-02-01,371.00000000000006,744.9,1314.2,413.6
2021-02-02,389.4,804.8,1402.1000000000004,494.59999999999997
2021-02-03,504.40000000000003,1002.1999999999999,1775.4000000000003,468.59999999999985
2021-02-04,1115.1000000000001,1227.6000000000001,2937.4000000000005,418.4
2021-02-05,511.4,1063.1,1847.4000000000003,357.99999999999994
2021-02-06,222.79999999999995,745.4,1087.0999999999997,338.3
2021-02-07,51.300000000000004,279.4,357.6999999999999,348.9
2021-02-08,114.89999999999999,509.99999999999994,686.0,233.60000000000002
2021-02-09,96.49999999999999,554.0999999999999,702.5,281.2
2021-02-10,168.9,785.2,1044.3,339.3
2021-02-11,176.19999999999996,813.5,1083.6,482.4000000000001
2021-02-12,120.90000000000002,626.0,811.5000000000001,561.5
2021-02-13,110.20000000000002,574.3999999999999,743.6999999999999,502.7000000000001
2021-02-14,209.10000000000002,618.1,938.8000000000001,570.3999999999999
2021-02-15,455.7999999999999,982.1000000000001,1681.2000000000003,967.9
2021-02-16,409.29999999999995,922.4000000000002,1550.1999999999998,413.9
2021-02-17,331.3,778.1999999999999,1286.6,491.5
2021-02-18,271.90000000000003,713.3,1130.2,349.9
2021-02-19,315.1,776.7999999999997,1260.3,428.3999999999999
2021-02-20,269.5,639.9000000000001,1052.6000000000001,975.0
2021-02-21,349.29999999999995,928.8999999999999,1464.3999999999999,729.3
2021-02-22,1076.6,1397.8000000000004,3048.7999999999997,778.9999999999999
2021-02-23,381.80000000000007,812.7,1398.5,482.9
2021-02-24,323.3,747.2,1243.3,606.6000000000001
2021-02-25,412.0999999999999,985.5999999999999,1618.0000000000002,460.50000000000006
2021-02-26,670.5,1292.6999999999998,2321.5000000000005,570.5
2021-02-27,387.29999999999995,1150.3000000000002,1744.3000000000002,650.8
2021-02-28,79.00000000000003,623.0,744.7,548.0999999999999
2021-03-01,133.49999999999997,520.4000000000001,725.6,704.2
2021-03-02,485.2,786.3999999999999,1530.8,1059.3
2021-03-03,710.1,1080.3999999999999,2169.3999999999996,1062.1999999999998
2021-03-04,149.20000000000005,679.0000000000002,907.6999999999999,429.90000000000003
2021-03-05,104.2,545.1,705.0999999999999,355.6
2021-03-06,113.10000000000002,668.7,842.5999999999999,336.09999999999997
2021-03-07,258.3,945.2,1341.5000000000002,556.6
2021-03-08,969.0,1545.1999999999998,3031.0999999999995,989.9000000000001
2021-03-09,444.0,953.2000000000002,1633.8999999999999,677.0999999999999
2021-03-10,300.09999999999997,687.9999999999999,1147.8000000000004,475.09999999999997
2021-03-11,173.2,450.49999999999994,716.8,374.7
2021-03-12,246.69999999999993,637.9,1016.5999999999999,389.20000000000005
2021-03-13,135.1,432.5,639.9,225.9
2021-03-14,109.79999999999998,407.3,576.3000000000001,257.59999999999997
2021-03-15,225.90000000000003,836.7,1182.9999999999998,360.8999999999999
2021-03-16,309.0999999999999,734.9000000000001,1209.0,471.8
2021-03-17,268.90000000000003,719.2,1131.1000000000001,578.7
2021-03-18,260.29999999999995,747.0,1146.0,494.3999999999999
2021-03-19,95.5,528.8,675.3,204.20000000000002
2021-03-20,283.49999999999994,809.7,1245.1000000000001,391.40000000000003
2021-03-21,96.0,585.3000000000001,732.6,351.49999999999994
2021-03-22,381.59999999999985,1052.4999999999995,1637.6000000000004,589.0
2021-03-23,522.9,1112.9,1914.7000000000003,688.3999999999999
2021-03-24,381.79999999999995,1012.6,1598.5,687.9000000000001
2021-03-25,367.1000000000001,905.6999999999998,1468.4999999999998,418.79999999999995
2021-03-26,269.7,751.2,1165.1000000000004,370.3999999999999
2021-03-27,182.10000000000002,537.1,816.6999999999999,382.09999999999997
2021-03-28,95.00000000000003,395.8,541.2999999999998,503.80000000000007
2021-03-29,265.0,875.4,1282.3,560.5
2021-03-30,1025.5,1835.0,3407.5,961.0000000000001
2021-03-31,1350.4,2128.2999999999997,4198.900000000001,1316.6999999999998
2021-04-01,175.69999999999996,581.2999999999998,850.9,678.7
2021-04-02,38.2,293.90000000000003,352.40000000000003,291.1000000000001
2021-04-03,41.5,348.3,412.09999999999997,510.99999999999994
2021-04-04,162.7,604.5999999999999,854.0,589.2
2021-04-05,83.1,388.3,515.9,232.74999999999997
2021-04-06,257.3,664.6999999999998,1059.5999999999997,235.59999999999994
2021-04-07,332.70000000000005,777.1999999999999,1287.1999999999998,278.40000000000003
2021-04-08,300.1,884.1,1344.1999999999998,354.7
2021-04-09,260.3,757.2999999999998,1156.7,310.49999999999994
2021-04-10,57.00000000000001,380.00000000000006,467.59999999999997,241.2
2021-04-11,103.0,552.3000000000001,710.3000000000001,186.39999999999998
2021-04-12,490.6,1180.3999999999999,1932.7000000000005,331.49999999999994
2021-04-13,827.3499999999999,1406.2000000000003,2674.7000000000007,689.5999999999999
2021-04-14,152.89999999999998,691.1000000000004,925.6999999999998,548.6000000000001
2021-04-15,98.19999999999999,515.2,665.5,345.4
2021-04-16,135.0,698.9999999999998,905.9,459.1000000000001
2021-04-17,107.39999999999999,615.6,780.8000000000001,362.00000000000006
2021-04-18,94.59999999999998,672.4000000000001,817.1,414.3
2021-04-19,226.70000000000002,961.5,1308.7,818.6
2021-04-20,236.90000000000003,966.2000000000003,1329.4999999999998,1016.6000000000001
2021-04-21,133.8,730.5,935.9000000000002,1061.4
2021-04-22,117.69999999999997,416.5,597.1000000000001,591.9999999999999
2021-04-23,165.7,608.4,862.3,564.3
2021-04-24,75.39999999999998,447.9000000000001,563.4000000000001,524.6
2021-04-25,24.900000000000002,119.80000000000001,157.70000000000002,371.2
2021-04-26,56.8,254.59999999999997,341.59999999999997,406.1999999999999
2021-04-27,312.20000000000005,973.9000000000002,1452.6000000000001,759.8000000000002
2021-04-28,105.30000000000003,537.3,698.8,694.9999999999999
2021-04-29,165.4,581.5000000000001,834.5999999999999,414.8999999999999
2021-04-30,268.00000000000006,848.4999999999999,1259.5,499.7
2021-05-01,113.4,582.5000000000001,756.7,469.7
2021-05-02,177.1,760.6000000000003,1032.1,547.5
2021-05-03,149.4,429.2999999999999,658.4000000000001,520.7
2021-05-04,196.19999999999996,392.8,693.4,325.2999999999999
2021-05-05,363.90000000000003,716.8000000000001,1274.2,303.40000000000003
2021-05-06,429.7,778.9000000000001,1437.7,391.49999999999994
2021-05-07,336.40000000000003,729.0,1245.4999999999998,429.8
2021-05-08,200.89999999999995,484.8999999999999,793.0000000000001,411.4000000000001
2021-05-09,229.4,490.1,841.4999999999999,362.4
2021-05-10,223.2,478.00000000000006,820.3,414.0
2021-05-11,309.8,737.0999999999999,1211.8999999999999,477.79999999999995
2021-05-12,261.79999999999995,617.1000000000003,1018.7,497.5
2021-05-13,165.70000000000002,691.0999999999997,944.9000000000003,424.5
2021-05-14,166.70000000000002,660.6999999999998,916.4000000000001,446.8
2021-05-15,210.29999999999998,628.9999999999999,951.5000000000001,395.59999999999997
2021-05-16,211.39999999999998,564.0999999999998,888.8000000000001,332.1000000000001
2021-05-17,351.19999999999993,785.5,1323.8,323.19999999999993
2021-05-18,481.3000000000001,829.2000000000003,1567.3000000000004,374.29999999999995
2021-05-19,291.5,818.6000000000001,1265.2,281.59999999999997
2021-05-20,327.1,738.8999999999996,1240.4999999999995,508.0
2021-05-21,167.8,440.2000000000001,698.0000000000001,421.6000000000001
2021-05-22,265.5,693.7,1100.8999999999996,236.8
2021-05-23,205.20000000000002,589.1,903.9000000000002,315.1000000000001
2021-05-24,333.8,826.7000000000004,1338.2000000000003,267.40000000000003
2021-05-25,341.4,745.6000000000001,1269.0,336.59999999999997
2021-05-26,320.7000000000001,791.9,1283.4500000000003,332.7
2021-05-27,212.60000000000005,751.4,1077.4000000000005,324.58571428571435
2021-05-28,288.7,1062.3,1504.4999999999998,334.6714285714286
2021-05-29,74.0,434.3999999999999,547.8000000000001,398.44285714285724
2021-05-30,49.29999999999999,223.70000000000005,299.5,462.21428571428567
2021-05-31,50.0,331.6000000000001,408.50000000000006,525.9857142857143
2021-06-01,81.4,501.29999999999984,626.1000000000001,626.3000000000001
2021-06-02,89.99999999999999,808.3,946.5000000000001,742.8999999999999
2021-06-03,239.3,658.5999999999997,1025.6000000000001,613.6
2021-06-04,213.8,525.6999999999999,854.0000000000001,351.99999999999994
2021-06-05,228.39999999999998,581.8,931.7,446.6
2021-06-06,199.2,534.0999999999999,839.2000000000002,371.0
2021-06-07,269.99999999999994,612.9999999999998,1026.3999999999999,406.8500000000001
2021-06-08,305.5,674.0999999999998,1142.1999999999998,458.29999999999995
2021-06-09,339.09999999999997,700.5499999999998,1220.05,516.75
2021-06-10,344.9,526.9999999999999,1055.8999999999999,387.1
2021-06-11,360.29999999999995,498.29999999999995,1050.3999999999999,362.50000000000006
2021-06-12,179.7,566.9,842.4999999999998,440.1
2021-06-13,128.5,598.6999999999999,795.4999999999998,551.0
2021-06-14,206.70000000000007,625.7000000000002,942.9000000000001,537.2
2021-06-15,105.9,577.8,740.4,567.9
2021-06-16,264.3,961.2999999999998,1367.4000000000003,691.5999999999999
2021-06-17,190.4,472.1,763.9000000000002,401.20000000000005
2021-06-18,126.00000000000001,435.79999999999995,628.8000000000002,130.4
2021-06-19,118.10000000000001,310.49999999999994,491.4,262.59999999999997
2021-06-20,81.49999999999997,285.9,410.90000000000003,245.20000000000002
2021-06-21,113.70000000000002,397.3,571.9000000000001,283.5
2021-06-22,111.29999999999998,290.4,460.9999999999999,371.1000000000001
2021-06-23,178.70000000000007,498.49999999999994,772.5999999999999,378.50000000000006
2021-06-24,428.8000000000001,807.0000000000001,1464.9,438.39999999999986
2021-06-25,322.40000000000003,526.5,1020.8999999999999,476.80000000000007
2021-06-26,122.49999999999999,306.90000000000003,494.9,515.1999999999999
2021-06-27,53.00000000000001,271.6,353.19999999999993,553.6000000000001
2021-06-28,135.6,382.09999999999997,590.0000000000001,591.9999999999999
2021-06-29,167.60000000000005,345.99999999999994,603.1,428.79999999999995
2021-06-30,2.3,12.7,16.2,10.2
