MeasurementDateGMT,Lambeth - Brixton Road: Nitric Oxide (ug/m3),Lambeth - Brixton Road: Nitrogen Dioxide (ug/m3),Lambeth - Brixton Road: Oxides of Nitrogen (ug/m3),Lambeth - Brixton Road: PM10 Particulate (ug/m3)
2018-01-01,1464.7999999999997,1815.3,4062.0,523.0
2018-01-02,2291.5,2248.2,5762.000000000001,707.0
2018-01-03,1020.9,1236.6999999999996,2802.2000000000003,777.0
2018-01-04,1805.6999999999998,1886.6999999999998,4655.4,610.0
2018-01-05,3293.6,2958.6,8008.5,717.0
2018-01-06,3528.7000000000003,2703.3,8114.099999999998,855.0
2018-01-07,1291.9,1383.2999999999997,3364.5,550.0
2018-01-08,1307.3999999999999,1392.0999999999997,3396.2000000000003,622.0
2018-01-09,2187.1,1696.9,5050.3,931.5
2018-01-10,3928.5,3209.4,9232.499999999998,1044.0
2018-01-11,6376.349999999999,3463.1000000000004,13240.300000000001,1216.0
2018-01-12,2450.3,2242.7999999999997,6000.2,933.0
2018-01-13,715.3999999999999,1154.5,2251.8,741.0
2018-01-14,2460.1000000000004,2290.7999999999997,6063.2,880.0
2018-01-15,1912.8999999999999,2261.4,5194.700000000001,461.0
2018-01-16,1644.3,2100.2999999999997,4621.8,528.0
2018-01-17,1930.8,2018.5000000000002,4979.0,713.0
2018-01-18,1702.1999999999998,2015.1999999999996,4625.3,607.0
2018-01-19,3050.499999999999,2893.6000000000004,7570.7,817.0
2018-01-20,3050.100000000001,3093.0000000000005,7769.7,574.0
2018-01-21,2074.0,2171.2999999999997,5351.499999999999,689.0
2018-01-22,3221.6999999999994,2753.6,7693.499999999999,543.5961538461538
2018-01-23,2114.4999999999995,2246.6000000000004,5488.800000000001,688.5
2018-01-24,1796.3,2090.1,4844.799999999999,860.1923076923076
2018-01-25,3259.8000000000006,3100.1000000000004,8098.2,1031.8846153846155
2018-01-26,6128.799999999999,3947.2000000000003,13344.300000000001,1136.3269230769229
2018-01-27,2868.5,2614.099999999999,7012.3,704.0
2018-01-28,1283.3000000000002,1429.2,3397.0000000000005,379.17391304347825
2018-01-29,2487.0,2363.4999999999995,6176.699999999999,451.82608695652175
2018-01-30,4368.9000000000015,3341.2000000000003,10040.200000000003,898.0
2018-01-31,2127.9,2255.5,5518.1,460.0
2018-02-01,3537.8,2719.2999999999997,8143.7,638.0
2018-02-02,4995.500000000001,3209.8,10869.900000000001,860.0
2018-02-03,3549.7999999999997,2894.9999999999995,8338.000000000002,597.0
2018-02-04,2025.6000000000004,1774.1,4879.900000000001,505.0
2018-02-05,2834.5,2185.8,6532.100000000001,1135.0
2018-02-06,4310.7,2885.4999999999995,9495.1,1213.0
2018-02-07,5937.700000000001,3536.4,12640.699999999999,1319.0
2018-02-08,4029.5499999999997,3311.0000000000005,9489.399999999998,937.0
2018-02-09,3749.2000000000007,2751.2999999999997,8499.6,747.0
2018-02-10,3315.3000000000006,2802.7,7886.6,561.0
2018-02-11,1346.8,1546.2999999999997,3611.7,313.0
2018-02-12,3332.299999999999,2875.4000000000005,7985.099999999999,661.0
2018-02-13,1539.1000000000001,1715.7,4075.9,413.0
2018-02-14,2147.9999999999995,2139.4,5432.8,540.0
2018-02-15,2572.6000000000004,2588.9,6534.45,709.0
2018-02-16,3833.1999999999994,3143.4999999999995,9020.9,1018.0
2018-02-17,4221.8,3498.1000000000004,9971.4,1149.0
2018-02-18,3592.8000000000006,3049.1000000000004,8558.1,884.0
2018-02-19,4570.6,3217.2999999999993,10225.4,717.0
2018-02-20,3132.6,2554.0,7356.9,592.0
2018-02-21,3823.3,2850.9999999999995,8713.599999999999,1335.0
2018-02-22,2223.6000000000004,2301.9,5711.200000000001,880.0
2018-02-23,2259.3,2306.9000000000005,5771.2,870.0
2018-02-24,1346.6,1752.0999999999997,3817.1,923.0
2018-02-25,1146.9000000000003,1508.4000000000003,3267.0999999999995,570.0
2018-02-26,1891.1999999999998,1805.3,4705.400000000001,840.0
2018-02-27,3033.7000000000003,2713.6000000000004,7365.299999999999,755.0
2018-02-28,1762.8999999999999,1828.8000000000002,4532.1,772.5
2018-03-01,759.7000000000002,1357.3,2522.7,1082.0
2018-03-02,380.79999999999995,1454.6999999999996,2038.6000000000001,1248.0
2018-03-03,1238.6,1795.2,3694.6000000000004,1850.0
2018-03-04,2155.8,2208.2999999999997,5513.799999999998,714.0
2018-03-05,1822.3000000000002,2182.5,4976.4,635.0
2018-03-06,3423.5000000000005,3180.2000000000007,8429.6,828.0
2018-03-07,4066.6999999999994,3401.6000000000004,9637.3,848.0
2018-03-08,2040.6999999999996,2284.9,5413.6,570.0
2018-03-09,2389.2499999999995,2492.4,6156.050000000001,755.5
2018-03-10,2635.0,2683.1999999999994,6723.5,978.0
2018-03-11,1807.0,2266.7,5037.4,938.0
2018-03-12,3714.8,2874.7000000000003,8570.4,568.0
2018-03-13,3785.8000000000006,3048.3,8853.1,801.0
2018-03-14,833.3000000000001,1192.4,2470.099999999999,492.0
2018-03-15,1009.5999999999999,1633.3000000000002,3181.4000000000005,501.0
2018-03-16,2538.5,2756.6,6648.500000000001,811.0
2018-03-17,1522.8,1563.6999999999998,3898.4999999999995,654.0
2018-03-18,1091.5,1316.2,2990.1999999999994,846.0
2018-03-19,1918.4999999999995,2034.3999999999999,4975.900000000001,887.0
2018-03-20,3763.3,3161.0000000000005,8931.425,1177.0
2018-03-21,3669.9000000000005,3342.4,8969.725,1137.0
2018-03-22,2661.599999999999,2716.7,6797.400000000001,896.0
2018-03-23,2238.6,2537.1,5969.700000000001,781.0
2018-03-24,1912.6000000000001,2135.3,5067.800000000001,1171.0
2018-03-25,3152.0,3123.4,7956.699999999999,1345.0
2018-03-26,4247.700000000001,3768.7000000000003,10281.5,797.0
2018-03-27,2404.2,2487.6,6173.999999999999,621.0
2018-03-28,4002.9,3694.7,9832.5,562.0
2018-03-29,2007.6999999999998,2370.8999999999996,5449.500000000001,615.0
2018-03-30,1412.0,2051.4,4216.300000000001,541.0
2018-03-31,3122.4000000000005,2915.7000000000003,7703.500000000001,608.0
2018-04-01,1859.9999999999998,2159.2,5011.299999999999,617.0
2018-04-02,1296.5999999999997,1810.5000000000002,3798.2999999999997,482.0
2018-04-03,2279.2,2629.4000000000005,6124.3,671.0
2018-04-04,1483.6000000000001,2090.7,4365.9,554.0
2018-04-05,2741.2000000000003,2568.3,6771.1,420.4827586206897
2018-04-06,944.1999999999999,1706.8,3154.4,535.0344827586207
2018-04-07,2679.9999999999995,2937.7,7047.6,713.7931034482759
2018-04-08,2543.0,2858.2999999999993,6757.5,892.5517241379312
2018-04-09,2437.8999999999996,2489.0,6227.400000000001,1071.3103448275863
2018-04-10,2649.9999999999995,2984.7,7047.5,1250.0689655172414
2018-04-11,3733.099999999999,2926.8,8651.3,1382.7586206896551
2018-04-12,3610.6,2822.9999999999995,8359.3,1654.0
2018-04-13,3303.6,3122.7000000000003,8188.299999999999,974.0
2018-04-14,2164.7999999999997,2551.7000000000003,5871.8,1401.0
2018-04-15,1363.6000000000001,2125.2000000000003,4215.900000000001,1180.0
2018-04-16,1983.3000000000006,2534.5,5575.299999999999,914.0
2018-04-17,1934.8,2626.9999999999995,5593.1,701.0
2018-04-18,1970.5999999999997,2636.1,5657.5,829.0
2018-04-19,3536.9999999999995,4341.5,9764.599999999999,1532.0
2018-04-20,3293.8500000000013,3769.1499999999996,8819.650000000001,1653.0
2018-04-21,1671.0,2772.6,5334.9,1979.5
2018-04-22,1130.0,1917.1999999999998,3649.6999999999994,1218.0
2018-04-23,1612.4999999999995,1954.0000000000002,4426.100000000001,492.0
2018-04-24,1811.6999999999998,2007.4999999999998,4785.900000000001,491.0
2018-04-25,1948.4,2117.9,5105.199999999999,515.0
2018-04-26,2115.9000000000005,2377.2999999999997,5622.299999999999,613.5
2018-04-27,1770.7,2318.7999999999997,5033.800000000001,598.0
2018-04-28,3650.1000000000004,3333.7,8930.599999999997,616.0
2018-04-29,1427.2,1867.5000000000002,4056.0000000000005,409.0
2018-04-30,2589.4000000000005,2539.7999999999997,6509.800000000001,609.0
2018-05-01,2456.3,2534.0999999999995,6299.999999999999,494.0
2018-05-02,2649.4,2862.3,6924.900000000001,430.0
2018-05-03,3598.4000000000005,3184.7,8702.199999999999,711.0
2018-05-04,3168.0999999999995,3155.6000000000004,8013.199999999999,908.0
2018-05-05,1725.2999999999997,2646.7999999999997,5292.200000000001,869.0
2018-05-06,1525.6999999999996,2716.1000000000004,5055.200000000001,1067.0
2018-05-07,1396.2,2766.1000000000004,4907.1,1197.0
2018-05-08,2914.1000000000004,3232.999999999999,7701.299999999998,1001.0
2018-05-09,2615.9,2597.8,6608.700000000001,712.0
2018-05-10,3224.9999999999995,3088.6999999999994,8033.9,754.0
2018-05-11,986.1000000000003,1708.7999999999997,3220.8999999999996,693.0
2018-05-12,2975.8999999999996,3140.7,7703.3,709.0
2018-05-13,3181.8999999999996,3094.9,7974.4,851.0
2018-05-14,2709.7000000000007,2933.5,7087.999999999998,1102.826086956522
2018-05-15,2606.6,3167.2999999999993,7164.4,1150.2608695652173
2018-05-16,1935.2,2261.3,5228.8,1083.4782608695652
2018-05-17,1687.6499999999999,2091.25,4679.499999999999,1066.4347826086957
2018-05-18,2428.3,2684.7,6408.4,933.0
2018-05-19,1516.3999999999996,2157.0,4482.1,929.0
2018-05-20,836.1000000000001,1539.1,2821.3999999999996,820.0
2018-05-21,1822.9176470588236,2257.4588235294113,5052.852941176471,1128.5
2018-05-22,1894.3823529411768,2647.4411764705887,5552.0470588235285,905.0
2018-05-23,1966.7,2252.650000000001,5268.499999999999,936.0
2018-05-24,2655.5000000000005,2479.7,6551.0,1103.0
2018-05-25,3217.6000000000004,3069.2000000000003,8002.900000000001,963.0
2018-05-26,874.8,1606.8999999999999,2948.5,1129.0
2018-05-27,1373.1999999999998,2005.7999999999997,4111.2,860.0
2018-05-28,1272.8,1881.0999999999995,3832.6000000000004,1058.0
2018-05-29,1913.5,2185.6000000000004,5119.3,622.0
2018-05-30,2154.6000000000004,2256.7,5560.8,686.0
2018-05-31,1368.1500000000003,1879.4999999999998,3977.35,997.0
2018-06-01,2611.0,2366.3000000000006,6369.4,796.0
2018-06-02,2236.1000000000004,2339.5,5768.6,503.0
2018-06-03,1436.8000000000002,1939.9999999999998,4143.299999999999,508.0
2018-06-04,1610.8,2025.0000000000002,4494.5999999999985,536.0
2018-06-05,1583.2,1935.3999999999999,4363.0,575.0
2018-06-06,1728.5000000000002,1998.2999999999997,4648.799999999999,805.0
2018-06-07,1655.3000000000002,2034.9999999999993,4573.500000000001,708.0
2018-06-08,1734.2,2048.4,4707.8,662.0
2018-06-09,1089.8000000000002,1634.7,3305.4000000000005,623.0
2018-06-10,885.9000000000001,1436.8,2796.1,546.0
2018-06-11,1217.2,1598.55,3464.75,496.0
2018-06-12,2490.7,2456.3999999999996,6275.200000000001,571.0
2018-06-13,2796.9999999999995,2899.1000000000004,7187.6,588.0
2018-06-14,2306.8,2312.6,5849.700000000001,656.0
2018-06-15,3063.2000000000007,2940.9,7638.1,738.0
2018-06-16,1768.0000000000002,1959.5000000000002,4670.2,580.0
2018-06-17,1231.8000000000002,1393.3999999999999,3282.1,486.0
2018-06-18,1572.8,1666.8999999999999,4078.5,485.0
2018-06-19,2067.4,1581.8999999999999,4752.2,319.0
2018-06-20,2388.5000000000005,1719.1,5381.4,446.0
2018-06-21,2815.3,2486.2,6802.900000000001,597.0
2018-06-22,2658.0999999999995,2476.6999999999994,6552.100000000001,586.0
2018-06-23,2813.0999999999995,2845.2,7158.4,737.0
2018-06-24,1312.8999999999999,2000.3000000000002,4013.2999999999997,587.0
2018-06-25,2489.6000000000004,3292.7999999999997,7109.800000000001,739.0
2018-06-26,1342.7999999999995,1973.2999999999997,4032.299999999999,568.0
2018-06-27,1279.0,1575.8000000000004,3536.9000000000005,645.0
2018-06-28,1828.3000000000002,2001.6000000000004,4804.900000000001,762.0
2018-06-29,1744.5999999999997,2004.7,4679.499999999999,662.0
2018-06-30,988.4,1566.2,3081.2000000000003,631.0
2018-07-01,960.5,2077.3999999999996,3550.5,750.0
2018-07-02,1420.9999999999998,2088.4,4266.999999999999,640.0
2018-07-03,766.1000000000001,1427.2000000000003,2601.8,538.0
2018-07-04,1468.6000000000001,1932.8999999999999,4184.7,690.0
2018-07-05,3180.5,3519.2000000000003,8395.7,978.0
2018-07-06,3233.9000000000005,3959.2999999999997,8918.199999999999,930.0
2018-07-07,2386.4,3140.8,6799.899999999999,993.0
2018-07-08,1544.3999999999996,2445.7000000000003,4813.800000000001,674.0
2018-07-09,2744.999999999999,2766.8,6975.299999999998,680.0
2018-07-10,2465.0,1969.9000000000003,5749.599999999999,578.0
2018-07-11,2633.5999999999995,2176.0,6213.85,661.0
2018-07-12,1819.3999999999996,1981.3000000000002,4771.3,666.0
2018-07-13,1619.1,1846.7000000000003,4329.3,635.0
2018-07-14,1574.4,2155.8,4569.599999999999,613.0
2018-07-15,1962.6,2765.7,5775.2,574.0
2018-07-16,2337.1000000000004,2619.0,6202.700000000001,581.0
2018-07-17,1974.1,1697.6,4724.0,488.0
2018-07-18,2865.9,2507.2999999999997,6901.800000000002,506.0
2018-07-19,2019.3000000000002,2252.4,5349.1,532.0
2018-07-20,1758.6000000000001,2167.8,4864.0,550.0
2018-07-21,2107.9,2655.0999999999995,5887.400000000001,667.0
2018-07-22,1999.8,2287.4000000000005,5353.9,528.0
2018-07-23,2279.2999999999997,2293.0,5787.7,558.0
2018-07-24,2305.2,2222.7999999999997,5757.0999999999985,519.0
2018-07-25,2674.7000000000003,2471.1,6572.300000000001,616.0
2018-07-26,1676.5,2248.8999999999996,4819.2,803.0
2018-07-27,2321.2000000000003,2432.0,5991.099999999999,742.0
2018-07-28,1226.3000000000002,1321.2000000000003,3201.5,637.0
2018-07-29,1016.0000000000001,976.1999999999999,2533.8999999999996,290.0
2018-07-30,2234.0999999999995,1603.5000000000002,5028.700000000001,410.0
2018-07-31,2170.2,1937.3999999999996,5265.000000000001,499.0
2018-08-01,2547.5000000000005,2433.6,6340.299999999998,502.0
2018-08-02,2816.0,2731.2,7049.200000000002,553.0
2018-08-03,3147.4,3421.2000000000003,8247.099999999999,660.0
2018-08-04,1756.5000000000002,1950.5,4643.700000000002,429.0
2018-08-05,1002.4999999999999,1652.0000000000005,3188.7,433.0
2018-08-06,3035.0000000000005,3857.8,8511.500000000004,722.0
2018-08-07,2707.7,3579.1000000000004,7730.799999999999,710.0
2018-08-08,1639.6999999999998,2055.1000000000004,4569.200000000001,434.0
2018-08-09,3012.2000000000003,2717.2,7335.8,565.5
2018-08-10,2708.7,2546.4000000000005,6699.400000000001,481.0
2018-08-11,2115.2000000000003,2234.5,5478.2,475.0
2018-08-12,1299.5000000000002,1711.8,3703.8000000000006,369.0
2018-08-13,2321.2000000000003,2232.2,5791.3,530.0
2018-08-14,2076.6,2214.7999999999997,5397.999999999999,448.0
2018-08-15,1995.6,2132.7,5192.799999999999,408.0
2018-08-16,2303.2000000000003,2191.0000000000005,5722.7,439.0
2018-08-17,2417.6000000000004,2423.6000000000004,6129.999999999999,569.0
2018-08-18,1916.5,1924.1000000000001,4862.7,490.0
2018-08-19,1274.5,1523.4999999999998,3477.9,340.0
2018-08-20,2196.2999999999993,2043.4,5411.6,309.0
2018-08-21,2175.4,2338.0,5673.299999999999,334.0
2018-08-22,2300.6,2209.0,5736.699999999999,389.0
2018-08-23,2278.0,2204.0,5696.6,392.0
2018-08-24,2121.4,2144.8,5397.599999999999,386.0
2018-08-25,2867.5000000000005,2589.3,6986.100000000002,479.0
2018-08-26,1594.2,1902.2,4346.6,312.0
2018-08-27,1159.0,1557.3,3333.900000000001,351.0
2018-08-28,2427.1,2514.7999999999997,6236.499999999999,410.0
2018-08-29,4888.389327641411,3454.140341515475,10948.77833511206,547.0246052901374
2018-08-30,5877.341302027748,3835.1218783351114,12845.93084311633,576.1353290957557
2018-08-31,5856.170074706511,3826.675517609391,12805.026851654216,576.2534344884151
2018-09-01,5834.998847385273,3818.229156883671,12764.122860192105,576.3715398810745
2018-09-02,5813.827620064036,3809.7827961579505,12723.21886872999,576.4896452737338
2018-09-03,5792.656392742796,3801.3364354322302,12682.314877267878,576.6077506663934
2018-09-04,5771.48516542156,3792.89007470651,12641.410885805764,576.7258560590527
2018-09-05,5750.31393810032,3784.4437139807897,12600.50689434365,576.8439614517121
2018-09-06,5729.142710779084,3775.9973532550694,12559.602902881537,576.9620668443716
2018-09-07,5707.971483457843,3767.5509925293486,12518.698911419426,577.0801722370309
2018-09-08,5686.800256136608,3759.1046318036283,12477.794919957312,577.1982776296904
2018-09-09,5665.629028815366,3750.658271077908,12436.8909284952,577.3163830223498
2018-09-10,5644.457801494133,3742.2119103521877,12395.986937033085,577.4344884150091
2018-09-11,5623.286574172891,3733.7655496264674,12355.082945570972,577.5525938076688
2018-09-12,5602.115346851656,3725.319188900747,12314.17895410886,577.6706992003279
2018-09-13,5580.944119530414,3716.8728281750264,12273.274962646747,577.7888045929875
2018-09-14,5559.77289220918,3708.426467449306,12232.370971184633,577.906909985647
2018-09-15,5538.6016648879395,3699.980106723586,12191.46697972252,578.0250153783063
2018-09-16,5517.430437566703,3691.5337459978655,12150.562988260406,578.1431207709657
2018-09-17,5496.259210245463,3683.087385272145,12109.658996798293,578.2612261636252
2018-09-18,5475.087982924228,3674.6410245464244,12068.75500533618,578.3793315562846
2018-09-19,5453.916755602987,3666.194663820704,12027.851013874068,578.4974369489441
2018-09-20,5432.74552828175,3657.7483030949834,11986.947022411954,578.6155423416034
2018-09-21,5411.574300960511,3649.301942369263,11946.04303094984,578.7336477342628
2018-09-22,5390.403073639274,3640.855581643543,11905.139039487729,578.8517531269225
2018-09-23,5369.231846318035,3632.4092209178225,11864.235048025615,578.9698585195816
2018-09-24,5348.060618996798,3623.962860192102,11823.3310565635,579.0879639122412
2018-09-25,5326.88939167556,3615.516499466382,11782.427065101389,579.2060693049006
2018-09-26,5305.718164354323,3607.0701387406616,11741.523073639275,579.32417469756
2018-09-27,5284.546937033084,3598.6237780149413,11700.619082177163,579.4422800902194
2018-09-28,5263.375709711845,3590.177417289221,11659.715090715052,579.5603854828788
2018-09-29,5242.204482390608,3581.7310565635003,11618.811099252936,579.6784908755383
2018-09-30,5221.033255069369,3573.28469583778,11577.907107790823,579.7965962681976
2018-10-01,5199.862027748132,3564.8383351120597,11537.003116328708,579.9147016608571
2018-10-02,5178.6908004268935,3556.3919743863394,11496.099124866596,580.0328070535164
2018-10-03,5157.5195731056565,3547.945613660619,11455.195133404484,580.1509124461761
2018-10-04,5136.348345784418,3539.499252934899,11414.291141942369,580.2690178388353
2018-10-05,5115.177118463181,3531.0528922091785,11373.387150480257,580.3871232314947
2018-10-06,5094.005891141942,3522.606531483458,11332.483159018144,580.5052286241543
2018-10-07,5072.834663820705,3514.1601707577374,11291.57916755603,580.6233340168136
2018-10-08,5051.663436499466,3505.713810032017,11250.675176093917,580.7414394094731
2018-10-09,5030.492209178229,3497.267449306297,11209.771184631807,580.8595448021325
2018-10-10,5009.32098185699,3488.8210885805765,11168.867193169694,580.977650194792
2018-10-11,4988.149754535753,3480.3747278548553,11127.96320170758,581.0957555874512
2018-10-12,4966.9785272145145,3471.928367129135,11087.059210245465,581.2138609801108
2018-10-13,4945.807299893278,3463.4820064034147,11046.15521878335,581.3319663727701
2018-10-14,4924.636072572039,3455.0356456776944,11005.251227321238,581.4500717654296
2018-10-15,4903.464845250802,3446.589284951974,10964.347235859126,581.5681771580889
2018-10-16,4882.293617929563,3438.142924226254,10923.443244397013,581.6862825507484
2018-10-17,4861.122390608326,3429.6965635005336,10882.539252934901,581.804387943408
2018-10-18,4839.951163287086,3421.2502027748133,10841.635261472786,581.9224933360672
2018-10-19,4818.77993596585,3412.803842049093,10800.731270010674,582.0405987287266
2018-10-20,4797.608708644611,3404.357481323372,10759.827278548559,582.1587041213862
2018-10-21,4776.437481323374,3395.911120597652,10718.923287086447,582.2768095140456
2018-10-22,4755.266254002134,3387.464759871931,10678.019295624335,582.3949149067048
2018-10-23,4734.095026680899,3379.018399146211,10637.11530416222,582.5130202993644
2018-10-24,4712.923799359658,3370.5720384204906,10596.211312700108,582.6311256920237
2018-10-25,4691.752572038423,3362.1256776947703,10555.307321237995,582.7492310846833
2018-10-26,4670.581344717181,3353.67931696905,10514.403329775882,582.8673364773426
2018-10-27,4649.410117395947,3345.2329562433297,10473.499338313768,582.985441870002
2018-10-28,4628.238890074706,3336.7865955176094,10432.595346851655,583.1035472626617
2018-10-29,4607.06766275347,3328.340234791889,10391.691355389543,583.2216526553208
2018-10-30,4585.89643543223,3319.893874066169,10350.78736392743,583.3397580479804
2018-10-31,4564.725208110995,3311.447513340448,10309.883372465316,583.4578634406398
2018-11-01,4543.553980789753,3303.0011526147277,10268.979381003202,583.5759688332992
2018-11-02,4522.382753468518,3294.5547918890074,10228.075389541089,583.6940742259585
2018-11-03,4501.211526147277,3286.108431163287,10187.171398078977,583.812179618618
2018-11-04,4480.040298826042,3277.662070437567,10146.267406616864,583.9302850112774
2018-11-05,4458.8690715048015,3269.2157097118466,10105.36341515475,584.0483904039368
2018-11-06,4437.6978441835645,3260.7693489861263,10064.459423692635,584.1664957965962
2018-11-07,4416.526616862327,3252.322988260406,10023.555432230523,584.2846011892556
2018-11-08,4395.355389541089,3243.8766275346857,9982.65144076841,584.4027065819153
2018-11-09,4374.18416221985,3235.4302668089654,9941.747449306298,584.5208119745745
2018-11-10,4353.012934898612,3226.983906083244,9900.843457844183,584.638917367234
2018-11-11,4331.841707577375,3218.537545357524,9859.939466382071,584.7570227598934
2018-11-12,4310.670480256136,3210.091184631803,9819.035474919958,584.8751281525529
2018-11-13,4289.499252934898,3201.644823906083,9778.131483457844,584.9932335452122
2018-11-14,4268.3280256136595,3193.1984631803625,9737.227491995733,585.1113389378717
2018-11-15,4247.156798292423,3184.752102454642,9696.323500533621,585.2294443305311
2018-11-16,4225.985570971184,3176.305741728922,9655.419509071506,585.3475497231905
2018-11-17,4204.814343649948,3167.8593810032016,9614.515517609392,585.4656551158499
2018-11-18,4183.643116328707,3159.413020277481,9573.611526147279,585.5837605085093
2018-11-19,4162.471889007471,3150.9666595517606,9532.707534685167,585.7018659011687
2018-11-20,4141.300661686232,3142.5202988260403,9491.803543223054,585.8199712938282
2018-11-21,4120.129434364995,3134.0739381003195,9450.89955176094,585.9380766864875
2018-11-22,4098.9582070437555,3125.6275773745992,9409.995560298827,586.0561820791471
2018-11-23,4077.78697972252,3117.181216648879,9369.091568836715,586.1742874718065
2018-11-24,4056.615752401279,3108.7348559231586,9328.1875773746,586.2923928644659
2018-11-25,4035.4445250800436,3100.2884951974384,9287.283585912488,586.4104982571253
2018-11-26,4014.2732977588034,3091.842134471718,9246.379594450373,586.5286036497848
2018-11-27,3993.102070437568,3083.3957737459978,9205.475602988261,586.6467090424442
2018-11-28,3971.9308431163277,3074.9494130202775,9164.57161152615,586.7648144351036
2018-11-29,3950.759615795092,3066.503052294557,9123.667620064036,586.8829198277629
2018-11-30,3929.588388473852,3058.0566915688364,9082.763628601922,587.0010252204224
2018-12-01,3908.4171611526162,3049.610330843116,9041.859637139809,587.1191306130818
2018-12-02,3887.245933831376,3041.163970117396,9000.955645677695,587.2372360057412
2018-12-03,3866.0747065101405,3032.7176093916755,8960.051654215582,587.3553413984007
2018-12-04,3844.9034791889003,3024.2712486659548,8919.147662753468,587.47344679106
2018-12-05,3823.7322518676647,3015.8248879402345,8878.243671291357,587.5915521837196
2018-12-06,3802.5610245464245,3007.378527214514,8837.339679829242,587.709657576379
2018-12-07,3781.389797225189,2998.932166488794,8796.43568836713,587.8277629690384
2018-12-08,3760.2185699039487,2990.4858057630736,8755.531696905016,587.9458683616978
2018-12-09,3739.047342582713,2982.0394450373533,8714.627705442903,588.0639737543572
2018-12-10,3717.876115261473,2973.593084311633,8673.723713980791,588.1820791470166
2018-12-11,3696.7048879402373,2965.1467235859122,8632.819722518678,588.300184539676
2018-12-12,3675.5336606189967,2956.700362860192,8591.915731056564,588.4182899323355
2018-12-13,3654.3624332977615,2948.2540021344716,8551.01173959445,588.5363953249948
2018-12-14,3633.191205976521,2939.8076414087514,8510.107748132337,588.6545007176544
2018-12-15,3612.019978655285,2931.361280683031,8469.203756670226,588.7726061103136
2018-12-16,3590.8487513340447,2922.9149199573108,8428.299765208112,588.8907115029733
2018-12-17,3569.677524012809,2914.4685592315905,8387.395773745999,589.0088168956325
2018-12-18,3548.506296691569,2906.02219850587,8346.491782283885,589.126922288292
2018-12-19,3527.3350693703333,2897.57583778015,8305.587790821772,589.2450276809515
2018-12-20,3506.1638420490926,2889.1294770544296,8264.683799359658,589.3631330736108
2018-12-21,3484.9926147278566,2880.6831163287084,8223.779807897547,589.4812384662703
2018-12-22,3463.8213874066164,2872.236755602988,8182.875816435433,589.5993438589296
2018-12-23,3442.65016008538,2863.7903948772678,8141.971824973319,589.7174492515891
2018-12-24,3421.4789327641406,2855.3440341515475,8101.067833511207,589.8355546442484
2018-12-25,3400.3077054429036,2846.897673425827,8060.163842049094,589.9536600369079
2018-12-26,3379.136478121665,2838.4513127001064,8019.259850586981,590.0717654295673
2018-12-27,3357.965250800427,2830.004951974386,7978.3558591248675,590.1898708222268
2018-12-28,3336.794023479189,2821.558591248666,7937.451867662754,590.3079762148863
2018-12-29,3315.6227961579507,2813.1122305229455,7896.547876200641,590.4260816075456
2018-12-30,3294.4515688367132,2804.6658697972252,7855.643884738528,590.544187000205
2018-12-31,3273.280341515474,2796.219509071505,7814.739893276414,590.6622923928645
2019-01-01,3252.109114194237,2787.773148345784,7773.835901814302,590.780397785524
2019-01-02,3230.9378868729978,2779.326787620064,7732.931910352189,590.8985031781833
2019-01-03,3209.766659551761,2770.880426894343,7692.027918890075,591.0166085708428
2019-01-04,3188.595432230522,2762.434066168623,7651.123927427962,591.1347139635021
2019-01-05,3167.4242049092854,2753.9877054429026,7610.219935965849,591.2528193561616
2019-01-06,3146.2529775880457,2745.5413447171823,7569.315944503735,591.3709247488209
2019-01-07,3125.0817502668096,2737.094983991462,7528.411953041622,591.4890301414804
2019-01-08,3103.91052294557,2728.6486232657417,7487.507961579509,591.6071355341398
2019-01-09,3082.739295624334,2720.2022625400214,7446.603970117398,591.7252409267992
2019-01-10,3061.568068303094,2711.755901814301,7405.699978655284,591.8433463194588
2019-01-11,3040.3968409818576,2703.3095410885803,7364.79598719317,591.9614517121181
2019-01-12,3019.2256136606184,2694.86318036286,7323.891995731056,592.0795571047776
2019-01-13,2998.054386339382,2686.4168196371397,7282.988004268944,592.1976624974369
2019-01-14,2976.8831590181426,2677.9704589114194,7242.084012806831,592.3157678900964
2019-01-15,2955.711931696906,2669.524098185699,7201.180021344718,592.4338732827557
2019-01-16,2934.5407043756663,2661.0777374599784,7160.276029882605,592.5519786754152
2019-01-17,2913.3694770544303,2652.631376734258,7119.372038420492,592.6700840680746
2019-01-18,2892.1982497331906,2644.185016008538,7078.468046958378,592.788189460734
2019-01-19,2871.0270224119545,2635.7386552828175,7037.564055496266,592.9062948533935
2019-01-20,2849.8557950907148,2627.292294557097,6996.660064034152,593.0244002460528
2019-01-21,2828.6845677694787,2618.8459338313764,6955.75607257204,593.1425056387125
2019-01-22,2807.513340448239,2610.399573105656,6914.852081109926,593.2606110313717
2019-01-23,2786.3421131270024,2601.953212379936,6873.948089647813,593.3787164240312
2019-01-24,2765.170885805763,2593.5068516542156,6833.0440981857,593.4968218166906
2019-01-25,2743.9996584845267,2585.0604909284953,6792.1401067235865,593.6149272093501
2019-01-26,2722.8284311632874,2576.614130202775,6751.236115261473,593.7330326020094
2019-01-27,2701.657203842051,2568.167769477054,6710.33212379936,593.8511379946689
2019-01-28,2680.485976520811,2559.721408751334,6669.428132337247,593.9692433873282
2019-01-29,2659.314749199575,2551.2750480256136,6628.524140875134,594.0873487799877
2019-01-30,2638.1435218783354,2542.8286872998933,6587.62014941302,594.2054541726473
2019-01-31,2616.9722945570993,2534.382326574173,6546.716157950907,594.3235595653065
2019-02-01,2595.801067235859,2525.9359658484527,6505.812166488794,594.441664957966
2019-02-02,2574.629839914623,2517.4896051227324,6464.9081750266805,594.5597703506254
2019-02-03,2553.4586125933834,2509.043244397012,6424.004183564569,594.6778757432849
2019-02-04,2532.287385272147,2500.596883671292,6383.100192102455,594.7959811359442
2019-02-05,2511.1161579509076,2492.1505229455715,6342.196200640343,594.9140865286037
2019-02-06,2489.944930629671,2483.704162219851,6301.292209178228,595.0321919212631
2019-02-07,2468.7737033084313,2475.25780149413,6260.388217716115,595.1502973139225
2019-02-08,2447.6024759871943,2466.8114407684097,6219.484226254001,595.2684027065819
2019-02-09,2426.431248665955,2458.3650800426894,6178.580234791889,595.3865080992413
2019-02-10,2405.2600213447176,2449.9187193169696,6137.676243329777,595.5046134919007
2019-02-11,2384.088794023479,2441.472358591249,6096.772251867663,595.6227188845602
2019-02-12,2362.917566702241,2433.0259978655286,6055.86826040555,595.7408242772196
2019-02-13,2341.746339381003,2424.5796371398083,6014.964268943437,595.8589296698791
2019-02-14,2320.5751120597647,2416.1332764140875,5974.060277481324,595.9770350625384
2019-02-15,2299.403884738527,2407.686915688367,5933.156286019211,596.0951404551979
2019-02-16,2278.2326574172894,2399.2405549626465,5892.252294557097,596.2132458478574
2019-02-17,2257.061430096051,2390.794194236926,5851.348303094985,596.3313512405168
2019-02-18,2235.890202774813,2382.347833511206,5810.444311632871,596.4494566331762
2019-02-19,2214.7189754535752,2373.9014727854856,5769.540320170758,596.5675620258356
2019-02-20,2193.5477481323373,2365.4551120597653,5728.636328708644,596.6856674184949
2019-02-21,2172.3765208110995,2357.008751334045,5687.732337246532,596.8037728111544
2019-02-22,2151.205293489861,2348.5623906083247,5646.828345784419,596.9218782038138
2019-02-23,2130.0340661686237,2340.116029882604,5605.9243543223065,597.0399835964732
2019-02-24,2108.862838847386,2331.6696691568836,5565.020362860193,597.1580889891327
2019-02-25,2087.691611526148,2323.2233084311633,5524.11637139808,597.276194381792
2019-02-26,2066.52038420491,2314.776947705443,5483.212379935966,597.3942997744516
2019-02-27,2045.3491568836719,2306.3305869797227,5442.308388473853,597.512405167111
2019-02-28,2024.177929562434,2297.884226254002,5401.40439701174,597.6305105597704
2019-03-01,2003.0067022411959,2289.4378655282817,5360.5004055496265,597.7486159524298
2019-03-02,1981.835474919958,2280.9915048025614,5319.596414087513,597.8667213450892
2019-03-03,1960.66424759872,2272.545144076841,5278.6924226254005,597.9848267377486
2019-03-04,1939.4930202774822,2264.0987833511203,5237.788431163286,598.102932130408
2019-03-05,1918.3217929562443,2255.6524226254,5196.884439701175,598.2210375230675
2019-03-06,1897.1505656350062,2247.2060618996798,5155.980448239062,598.3391429157268
2019-03-07,1875.979338313768,2238.7597011739595,5115.076456776948,598.4572483083864
2019-03-08,1854.8081109925301,2230.3133404482387,5074.172465314835,598.5753537010456
2019-03-09,1833.6368836712923,2221.8669797225184,5033.268473852721,598.6934590937053
2019-03-10,1812.465656350054,2213.420618996798,4992.36448239061,598.8115644863645
2019-03-11,1791.2944290288165,2204.974258271078,4951.460490928495,598.929669879024
2019-03-12,1726.5447598719315,2238.834407684098,4885.962262540021,599.0477752716835
2019-03-13,1185.3,1553.625,3370.7750000000005,599.1658806643428
2019-03-14,1380.6499999999996,1618.6750000000002,3736.675000000001,599.2839860570023
2019-03-15,1133.9,1508.5500000000004,3248.3500000000004,599.4020914496616
2019-03-16,873.9,1122.1999999999998,2462.3999999999996,599.5201968423211
2019-03-17,1048.0,1290.3,2897.5,599.6383022349804
2019-03-18,2404.15,2468.3,6154.4,599.7564076276399
2019-03-19,2130.5,2264.2000000000003,5530.4,599.8745130202993
2019-03-20,2027.8,2120.0,5229.5,570.9813409883125
2019-03-21,2501.8999999999996,2214.0000000000005,6050.200000000001,593.0
2019-03-22,2306.8,2294.6000000000004,5831.800000000001,623.0
2019-03-23,1657.8999999999999,2043.1,4585.400000000001,759.0
2019-03-24,1802.3,2243.5,5006.799999999999,794.0
2019-03-25,1869.1,2163.4,5029.400000000001,668.0
2019-03-26,2832.9999999999995,2963.7999999999997,7307.7,1028.0
2019-03-27,3248.3499999999995,3337.2,8317.75,870.5
2019-03-28,2288.5,2998.3,6507.099999999999,956.0
2019-03-29,2801.4,3099.2999999999993,7394.400000000001,1238.0
2019-03-30,3189.7999999999997,3320.2000000000003,8211.5,1554.0
2019-03-31,636.2,1194.2999999999997,2169.8,930.0
2019-04-01,1154.3000000000002,1792.8,3562.6000000000004,783.0
2019-04-02,2442.7,2760.9,6506.2,849.0
2019-04-03,2676.499999999999,3040.9,7145.1,711.0
2019-04-04,524.4999999999999,1273.0,2076.9,391.0
2019-04-05,391.49999999999994,1214.25,1814.9000000000003,542.0
2019-04-06,1288.5000000000002,2320.7,4296.3,640.0
2019-04-07,1835.3999999999999,2529.1999999999994,5344.0,1367.0
2019-04-08,2939.2,3402.6,7909.200000000001,1516.0
2019-04-09,1610.6999999999996,2211.0,4680.700000000002,1263.0
2019-04-10,1017.0000000000001,2007.6,3567.399999999999,730.5
2019-04-11,1007.4999999999999,2078.0,3622.6999999999994,542.0
2019-04-12,1285.7999999999997,2549.2999999999997,4520.799999999999,580.0
2019-04-13,1251.3000000000002,2501.7000000000003,4420.1,584.0
2019-04-14,656.8999999999997,1679.3999999999999,2686.4999999999995,658.0
2019-04-15,668.4000000000001,1622.3000000000006,2646.2000000000003,1058.0
2019-04-16,2367.8,3201.0000000000005,6831.6,1623.0
2019-04-17,1799.9,2661.7999999999997,5421.599999999999,1717.0
2019-04-18,1287.5,2437.4,4410.999999999999,1567.0
2019-04-19,1270.8999999999999,2746.9,4695.7,1200.0
2019-04-20,1068.2,2544.8999999999996,4182.999999999999,1039.0
2019-04-21,707.0000000000001,2141.8,3225.999999999999,1125.0
2019-04-22,639.8000000000001,2422.3999999999996,3403.4,1635.0
2019-04-23,1084.3500000000001,2893.5,4555.9000000000015,1384.5
2019-04-24,941.6999999999999,2036.7999999999997,3480.3999999999996,958.0
2019-04-25,854.8,1843.8,3154.1000000000004,434.0
2019-04-26,1456.1,2264.7000000000003,4497.2,574.0
2019-04-27,772.2000000000002,868.1000000000003,2052.1000000000004,685.0
2019-04-28,1034.5,1170.2,2756.9,515.0
2019-04-29,1427.8000000000004,1609.6999999999996,3798.4,707.0
2019-04-30,1090.3000000000002,1543.6000000000001,3215.600000000001,769.0
2019-05-01,2157.9,2003.6,5312.299999999998,777.0
2019-05-02,2146.4,1822.0,5113.1,653.0
2019-05-03,2252.9,1856.7000000000005,5310.999999999999,676.0
2019-05-04,1544.1000000000001,1314.6,3682.5000000000005,710.0
2019-05-05,1657.6000000000001,1658.9,4200.2,734.0
2019-05-06,1094.6000000000001,1242.8999999999996,2921.3,475.0
2019-05-07,1396.5999999999997,1532.4999999999998,3673.900000000001,617.0
2019-05-08,1276.1,1440.4,3397.2,615.0
2019-05-09,2212.2999999999993,1973.8,5365.9000000000015,697.0
2019-05-10,1883.5000000000002,1794.6,4682.5,637.0
2019-05-11,2046.2,1978.6,5116.600000000001,755.0
2019-05-12,1194.0999999999997,1245.0000000000002,3076.5000000000005,552.0
2019-05-13,1214.8,1448.0999999999997,3310.2000000000007,580.0
2019-05-14,815.7,1174.3000000000002,2424.6,474.0
2019-05-15,1119.8,1412.5000000000002,3129.2999999999997,761.0
2019-05-16,1008.6999999999999,1308.0,2854.5,725.0
2019-05-17,1563.6000000000001,1625.4,4023.100000000001,724.0
2019-05-18,2015.8,2050.0,5141.100000000001,772.0
2019-05-19,1559.8000000000002,1661.9,4053.0,759.0
2019-05-20,2448.0,2297.9999999999995,6051.400000000001,714.0
2019-05-21,2203.4999999999995,2226.5,5605.400000000001,659.5
2019-05-22,1860.8,2055.4000000000005,4909.0,698.0
2019-05-23,1681.2000000000003,1949.9,4527.5999999999985,587.0
2019-05-24,2518.0,2137.7000000000003,5998.7,723.0
2019-05-25,1848.7999999999997,1790.3999999999999,4625.099999999999,554.0
2019-05-26,1010.3000000000001,943.4,2492.3,456.0
2019-05-27,705.7,882.9,1965.0000000000002,482.0
2019-05-28,1673.7999999999997,1566.5500000000004,4132.849999999999,452.0
2019-05-29,1680.9,1521.8,4099.0,464.0
2019-05-30,1365.2,1303.1999999999998,3396.2,467.0
2019-05-31,1818.3999999999996,1402.1000000000001,4190.1,400.0
2019-06-01,1487.1,1644.5,3924.6999999999994,459.0
2019-06-02,859.1999999999999,1182.9,2499.8,458.0
2019-06-03,1202.8,1314.8999999999999,3158.8500000000004,612.0
2019-06-04,1129.9,1354.7000000000003,3086.9,551.0
2019-06-05,1688.3999999999999,1663.1999999999996,4251.7,494.0
2019-06-06,1332.8000000000002,1419.8,3463.5000000000005,479.0
2019-06-07,820.4000000000001,1171.6999999999998,2430.0499999999997,432.0
2019-06-08,1087.5,1055.8,2723.1000000000004,528.0
2019-06-09,1314.4,1338.0000000000002,3353.3999999999996,517.0
2019-06-10,2218.4,1956.9,5357.7,410.0
2019-06-11,1620.6000000000001,1496.3000000000002,3981.0999999999995,386.0
2019-06-12,2004.3999999999999,1904.7999999999997,4978.100000000001,355.0
2019-06-13,1531.5000000000005,1575.8000000000002,3924.2,395.0
2019-06-14,1601.3,1661.6999999999998,4116.8,489.0
2019-06-15,1649.4999999999998,1769.9,4298.999999999999,467.0
2019-06-16,1013.5,1080.1,2633.9999999999995,399.0
2019-06-17,1294.7,1400.9,3386.3999999999996,437.0
2019-06-18,2174.1499999999996,2053.2999999999997,5386.95,515.5
2019-06-19,2108.7000000000003,1952.6000000000001,5185.999999999999,607.0
2019-06-20,1196.6,1263.8,3098.8999999999996,446.0
2019-06-21,1881.3,1775.0,4659.6,517.0
2019-06-22,789.0000000000001,1144.9999999999998,2355.0,469.0
2019-06-23,550.5999999999999,1192.8999999999999,2037.5000000000002,700.0
2019-06-24,1721.8000000000002,1803.1000000000004,4442.900000000001,752.0
2019-06-25,2008.2999999999997,1782.1000000000001,4860.899999999999,634.0
2019-06-26,1071.1000000000001,1184.5,2826.4,430.0
2019-06-27,604.6999999999999,817.5,1745.1000000000001,533.0
2019-06-28,444.9000000000001,666.7,1349.2,612.0
2019-06-29,693.0,1385.8,2448.1,689.0
2019-06-30,640.8,774.1999999999999,1756.6999999999998,426.0
2019-07-01,1438.6999999999998,1286.7,3492.6000000000004,449.0
2019-07-02,1886.7000000000003,1612.2,4504.799999999999,518.0
2019-07-03,1241.3999999999999,1347.7,3251.0999999999995,523.0
2019-07-04,2073.4,2156.0,5335.799999999999,704.0
2019-07-05,2084.2999999999997,2464.3,5660.2,700.0
2019-07-06,2058.7000000000003,1748.7,4905.2,419.0
2019-07-07,531.9000000000001,797.4000000000001,1612.6000000000001,376.0
2019-07-08,1153.1000000000001,1469.3,3237.3999999999996,458.0
2019-07-09,1886.7,2131.8,5024.4,607.0
2019-07-10,1713.3,2062.6,4689.8,578.0
2019-07-11,1861.4,2137.7000000000007,4991.8,493.0
2019-07-12,2062.7000000000003,2141.7999999999997,5304.9000000000015,499.0
2019-07-13,1669.1,1788.4999999999998,4347.6,426.0
2019-07-14,994.8999999999999,1361.1,2886.4,358.0
2019-07-15,1440.9,1574.9999999999998,3784.3999999999996,378.0
2019-07-16,1647.5000000000005,2147.4,4672.999999999999,582.0
2019-07-17,1489.3000000000002,2111.7,4395.2,597.0
2019-07-18,1732.769696969697,1494.9030303030302,4151.745454545454,441.1020408163266
2019-07-19,1878.1333333333337,1589.0666666666666,4469.2,405.0612244897959
2019-07-20,1690.7878787878788,1580.9212121212122,4174.218181818181,381.5510204081633
2019-07-21,1503.442424242424,1572.7757575757578,3879.236363636366,358.0408163265306
2019-07-22,1436.5666666666668,1648.9333333333338,3852.5999999999995,395.2448979591837
2019-07-23,795.0999999999999,1479.7,2699.6999999999994,589.0
2019-07-24,1412.1000000000001,2197.2000000000003,4362.2,754.0
2019-07-25,994.4999999999999,2082.2,3607.2999999999993,893.0
2019-07-26,1598.0,1806.7999999999997,4257.0,645.0
2019-07-27,1727.6999999999998,1744.6,4394.0,426.0
2019-07-28,937.7,1392.2,2830.5,396.0
2019-07-29,1016.0999999999999,1463.8,3021.7999999999997,483.0
2019-07-30,590.0,982.3,1886.7999999999997,446.0
2019-07-31,1048.3000000000002,1331.4,2939.1999999999994,404.0
2019-08-01,1648.25,1978.35,4505.25,503.0
2019-08-02,1476.7,2032.0000000000002,4296.2,555.0
2019-08-03,633.4,1334.8000000000002,2306.2,430.0
2019-08-04,528.6999999999999,1085.7999999999997,1896.3,457.0
2019-08-05,1220.4,1539.9,3411.2,464.0
2019-08-06,1118.7,1423.8,3138.9,455.0
2019-08-07,1274.7,1543.3999999999996,3498.0000000000005,417.0
2019-08-08,1147.3999999999999,1449.1,3208.4000000000005,385.0
2019-08-09,1008.3,1376.3000000000002,2922.7000000000003,446.0
2019-08-10,749.8,1001.7,2151.1,680.0
2019-08-11,743.1,1076.3999999999999,2215.7999999999997,506.0
2019-08-12,1801.7,1928.2999999999997,4690.8,513.0
2019-08-13,1571.9000000000003,1850.7999999999997,4260.9,458.0
2019-08-14,1629.1,1714.0,4211.900000000001,342.0
2019-08-15,1496.8000000000004,1611.2,3907.0,429.0
2019-08-16,1747.7,1821.9999999999998,4501.5,396.0
2019-08-17,1247.8,1365.5,3278.7000000000003,444.0
2019-08-18,882.1000000000001,1109.6000000000001,2461.9,400.0
2019-08-19,1277.5,1505.5,3463.7000000000007,446.0
2019-08-20,1644.1000000000001,1967.1000000000004,4488.400000000001,566.0
2019-08-21,2031.6000000000001,2239.1000000000004,5353.999999999999,598.0
2019-08-22,1533.3000000000002,1837.4000000000003,4188.1,538.0
2019-08-23,1644.3999999999999,1980.2,4501.4,532.0
2019-08-24,1551.3000000000004,2404.2,4783.2,968.0
2019-08-25,1035.4999999999998,2357.1,3944.8999999999983,1079.0
2019-08-26,816.8999999999999,1997.0,3249.8,752.0
2019-08-27,1309.9,2511.2999999999997,4519.800000000001,875.0
2019-08-28,1498.7,1759.5000000000005,4057.3000000000006,402.0
2019-08-29,1418.1000000000001,1572.6,3746.8999999999996,475.0
2019-08-30,1646.1000000000001,1807.0,4330.6,525.0
2019-08-31,1571.4,1793.1000000000004,4202.900000000001,491.0
2019-09-01,1496.5000000000002,1507.3000000000002,3801.5999999999995,463.0
2019-09-02,1665.0,1692.1000000000001,4245.200000000001,515.0
2019-09-03,1307.2,1395.6999999999998,3399.9999999999995,418.0
2019-09-04,1205.4,1169.7000000000003,3018.4000000000005,417.0
2019-09-05,2225.4999999999995,1912.6,5325.0,561.0
2019-09-06,1878.8,1758.6000000000004,4639.3,551.0
2019-09-07,1905.9,1852.6000000000001,4774.8,515.0
2019-09-08,1675.6000000000004,1937.9,4507.1,548.0
2019-09-09,1084.7999999999997,1606.5,3269.6,509.0
2019-09-10,2494.45,2238.4,6062.799999999999,606.0
2019-09-11,1405.1,1421.7,3576.1,335.0
2019-09-12,1369.9,1415.1,3515.9000000000005,356.0
2019-09-13,1706.5,1859.2,4475.9,494.5
2019-09-14,2131.8999999999996,2320.6000000000004,5589.299999999999,647.0
2019-09-15,1637.2,1841.7000000000005,4352.4,555.0
2019-09-16,2308.0000000000005,1962.8000000000002,5501.700000000001,532.0
2019-09-17,1811.1,1907.8999999999999,4684.999999999999,549.0
2019-09-18,1941.6999999999998,2027.7,5004.8,675.0
2019-09-19,2095.1,1959.3999999999999,5171.500000000001,716.0
2019-09-20,1218.8000000000002,1564.7,3433.6999999999994,807.0
2019-09-21,998.1,1908.6,3439.1000000000004,810.0
2019-09-22,1112.5999999999997,1703.5000000000002,3409.3999999999996,503.0
2019-09-23,1192.8999999999999,1381.5500000000002,3210.7499999999995,354.0
2019-09-24,1272.8999999999999,1435.5000000000002,3387.3999999999996,283.0
2019-09-25,1464.3,1413.9000000000003,3658.9000000000005,263.0
2019-09-26,1488.5000000000002,1557.8000000000004,3840.199999999999,419.0
2019-09-27,1625.3000000000002,1713.6999999999998,4205.499999999999,508.0
2019-09-28,1211.7,1411.2,3269.3999999999996,436.0
2019-09-29,782.3,916.1999999999999,2115.9,238.0
2019-09-30,1782.2,1650.1000000000004,4382.799999999999,378.0
2019-10-01,1811.2,1738.8,4516.0,430.0
2019-10-02,2798.8999999999996,2147.1,6438.4,592.0
2019-10-03,1925.1,1612.6,4564.599999999999,535.0
2019-10-04,2040.2,1876.6999999999998,5005.1,676.0
2019-10-05,1065.1999999999998,1481.5,3114.7000000000003,477.0
2019-10-06,1207.3,1369.5000000000002,3220.4999999999995,406.0
2019-10-07,2066.6000000000004,1872.6000000000001,5041.0999999999985,404.0
2019-10-08,1440.9,1521.1,3730.2000000000007,590.0
2019-10-09,1297.3,1556.0000000000002,3544.9,417.0
2019-10-10,1407.2,1455.0499999999997,3613.2500000000005,520.0
2019-10-11,1473.5,1649.4999999999998,3908.7999999999997,314.0
2019-10-12,1713.0999999999997,2040.5000000000002,4667.400000000001,325.0
2019-10-13,1025.8,1482.7,3054.9999999999995,330.0
2019-10-14,1608.6000000000001,1661.4000000000003,4127.800000000001,398.0
2019-10-15,2075.8,1958.3000000000002,5141.299999999999,440.0
2019-10-16,1780.7999999999997,1793.8,4524.2,488.0
2019-10-17,1696.3999999999999,1948.0000000000002,4549.4000000000015,393.0
2019-10-18,1674.1,1722.1000000000004,4288.8,505.0
2019-10-19,1878.5000000000002,2088.1000000000004,4968.400000000001,491.0
2019-10-20,1749.7000000000003,1677.3999999999999,4360.4,505.0
2019-10-21,2244.8,2022.2500000000002,5464.299999999999,508.0
2019-10-22,3417.4000000000005,2483.4999999999995,7723.299999999999,747.0
2019-10-23,3380.2999999999997,2319.3000000000006,7502.0999999999985,838.0
2019-10-24,3360.6999999999994,2264.4,7417.6,804.0
2019-10-25,1553.2999999999997,1605.9000000000003,3987.100000000001,441.0
2019-10-26,1550.9,1615.3999999999999,3993.1,406.0
2019-10-27,2406.4,2007.6999999999996,5697.5,640.0
2019-10-28,2960.7000000000003,2039.0000000000002,6579.000000000002,1003.0
2019-10-29,1315.4000000000003,1707.8999999999999,3725.1000000000004,389.0
2019-10-30,1382.1,1725.5000000000002,3845.100000000001,635.0
2019-10-31,1559.9,1573.0999999999997,3964.8,911.0
2019-11-01,2316.6,2029.6,5581.599999999999,460.0
2019-11-02,1287.8,1526.9,3501.4,448.0
2019-11-03,1714.9999999999998,1784.6999999999998,4414.7,560.0
2019-11-04,2578.7,2114.2,6067.9,586.0
2019-11-05,2495.9,2028.7,5855.6,593.0
2019-11-06,1945.3999999999999,1809.5,4792.5,747.0
2019-11-07,2255.85,2045.65,5504.049999999999,445.0
2019-11-08,3998.5,2589.7,8721.1,738.0
2019-11-09,1773.1000000000004,1664.9,4383.500000000001,574.0
2019-11-10,1489.1000000000001,1635.6000000000001,3919.4000000000005,619.0
2019-11-11,1449.6,1583.3000000000004,3805.3999999999996,465.0
2019-11-12,1482.3000000000002,1579.6000000000001,3852.7,360.0
2019-11-13,1889.6000000000001,1730.7,4627.799999999999,460.0
2019-11-14,1992.2,2072.7,5127.400000000001,375.0
2019-11-15,2483.4,2029.1000000000001,5836.800000000001,595.0
2019-11-16,2860.0999999999995,2092.5,6477.900000000001,717.0
2019-11-17,4508.5,2474.4,9387.299999999997,1099.0
2019-11-18,3394.4999999999995,2423.0,7628.400000000001,619.0
2019-11-19,4776.9,2725.5,10050.0,1026.0
2019-11-20,1565.0999999999997,1565.2,3964.6000000000004,550.0
2019-11-21,1412.7,1517.0000000000002,3683.5,731.0
2019-11-22,933.3999999999999,1453.3,2884.2000000000003,408.0
2019-11-23,1737.9999999999998,1700.3999999999996,4365.5,608.0
2019-11-24,2098.6000000000004,1554.9000000000003,4773.299999999999,711.0
2019-11-25,1111.2,1411.6999999999998,3115.2999999999997,378.0
2019-11-26,1423.2999999999997,1813.8999999999999,3996.3,403.0
2019-11-27,2427.1,2417.1,6138.6,405.0
2019-11-28,2288.1,1940.8999999999999,5449.400000000001,505.0
2019-11-29,4064.8000000000006,2649.0,8881.5,914.0
2019-11-30,2651.5,2222.0,6287.7,803.0
2019-12-01,1544.5,1656.6999999999998,4025.4999999999995,504.0
2019-12-02,4480.0999999999985,2677.4999999999995,9546.4,1126.0
2019-12-03,3374.8,2559.7999999999997,7733.899999999999,923.5
2019-12-04,4801.7,2673.9999999999995,10036.099999999999,1133.0
2019-12-05,3019.8999999999996,2071.3999999999996,6701.799999999998,861.0
2019-12-06,1274.4,1511.8000000000002,3465.8,360.0
2019-12-07,1556.9,1689.2999999999997,4076.6,545.0
2019-12-08,825.3,1069.5,2335.0,499.0
2019-12-09,2247.2,1860.6999999999998,5306.1,705.0
2019-12-10,1515.8999999999996,1661.3,3985.8,511.0
2019-12-11,2412.0000000000005,2265.2,5963.599999999999,628.0
2019-12-12,1595.9,1881.1000000000001,4327.499999999999,413.0
2019-12-13,1550.5,1668.2999999999997,4045.7999999999997,531.0
2019-12-14,1513.8,1769.0999999999997,4090.1,652.0
2019-12-15,1110.7,1330.8000000000002,3034.3999999999996,496.0
2019-12-16,2492.2000000000003,2432.3,6253.5999999999985,524.0
2019-12-17,3259.0000000000005,2693.9000000000005,7691.1,472.0
2019-12-18,1496.65,1606.8500000000004,3902.1500000000005,490.5
2019-12-19,752.1,1031.3999999999999,2184.9999999999995,535.2
2019-12-20,2306.4000000000005,2176.8999999999996,5713.5,330.8
2019-12-21,1182.9999999999998,1555.4999999999995,3369.4999999999995,377.0
2019-12-22,1100.4,1436.5,3123.500000000001,446.0
2019-12-23,1539.2999999999997,1656.0000000000002,4016.6,554.0
2019-12-24,1093.6999999999998,1262.5000000000002,2939.3999999999996,494.0
2019-12-25,1388.2,1268.3999999999999,3396.600000000001,658.0
2019-12-26,595.4000000000001,1051.9,1965.0,402.0
2019-12-27,2817.4,1827.6000000000001,6147.6,663.0
2019-12-28,1961.8999999999999,1683.8999999999999,4692.299999999998,640.0
2019-12-29,1750.0,1537.8,4221.7,668.0
2019-12-30,2431.6,1779.4,5508.0,729.0
2019-12-31,1424.1000000000001,1455.6999999999998,3639.3,866.0
2020-01-01,2074.1000000000004,1706.0999999999997,4885.9,1092.0
2020-01-02,1509.2,1637.4999999999998,3951.3000000000006,388.0
2020-01-03,1952.1,1837.1000000000001,4830.599999999999,488.0
2020-01-04,1759.1999999999998,1863.0,4559.899999999999,489.0
2020-01-05,1084.3999999999999,1415.5999999999997,3078.3,327.0
2020-01-06,1686.5,1711.2,4297.9,453.0
2020-01-07,1672.0,1620.0000000000002,4183.499999999999,580.0
2020-01-08,1764.0,1723.1000000000004,4427.6,715.0
2020-01-09,1330.1999999999998,1413.3,3453.1499999999996,570.0
2020-01-10,2835.7999999999997,2293.9,6641.900000000001,544.0
2020-01-11,1064.9,1369.9,3002.2999999999997,552.0
2020-01-12,916.4,1187.8,2592.7,368.0
2020-01-13,1384.0,1580.1000000000001,3702.1,419.0
2020-01-14,1164.3999999999999,1477.4,3262.2999999999993,374.0
2020-01-15,1942.0000000000002,1936.4,4914.199999999998,477.0
2020-01-16,908.5999999999999,1259.9,2653.6,510.0
2020-01-17,1741.8,1820.3,4491.400000000001,420.0
2020-01-18,3066.7,2392.1000000000004,7094.600000000001,851.0
2020-01-19,3458.7999999999997,2370.9,7674.2,1213.0
2020-01-20,4460.5,2648.7,9487.8,1361.0
2020-01-21,5125.5,2709.2999999999997,10568.1,1333.0
2020-01-22,4518.9,2399.8999999999996,9328.299999999996,1160.0
2020-01-23,2801.0,2301.4999999999995,6596.1,888.0
2020-01-24,3225.1000000000004,2484.7,7429.5999999999985,879.0
2020-01-25,1391.6999999999998,1574.1000000000001,3707.7,1030.0
2020-01-26,1169.8999999999996,1485.7000000000003,3279.7,734.0
2020-01-27,2036.1,2126.1,5248.2,429.0
2020-01-28,1272.5,1509.6000000000001,3460.8,457.0
2020-01-29,1571.3999999999999,1767.9,4177.099999999999,692.0
2020-01-30,1582.0000000000002,1677.6000000000001,4103.0999999999985,400.0
2020-01-31,1485.1999999999996,1624.4,3902.100000000001,361.0
2020-02-01,1008.9999999999999,1184.4,2732.1,657.0
2020-02-02,970.7999999999998,1190.7,2679.2,658.0
2020-02-03,1169.8999999999999,1452.1000000000001,3245.7999999999997,690.0
2020-02-04,1836.6,1749.7999999999997,4566.0,707.0
2020-02-05,4016.5,2687.7999999999997,8846.5,1099.0
2020-02-06,3542.0000000000005,2550.2000000000003,7981.400000000001,1051.0
2020-02-07,1862.5000000000002,1756.4,4613.0,1035.0
2020-02-08,1412.2000000000003,1740.6,3906.4000000000005,773.0
2020-02-09,452.8999999999999,639.2,1333.0000000000002,405.0
2020-02-10,774.3000000000001,850.1,2037.3000000000002,461.0
2020-02-11,1137.674074074074,1155.2222222222222,2899.433333333333,641.1111111111111
2020-02-12,1836.5259259259255,1801.7777777777778,4617.466666666666,754.8888888888889
2020-02-13,1854.9000000000003,1915.8999999999999,4760.1,399.0
2020-02-14,2248.2000000000007,2074.8999999999996,5521.999999999999,879.0
2020-02-15,872.4,1138.8,2476.9,279.0
2020-02-16,751.3000000000001,964.4000000000001,2116.2999999999997,269.0
2020-02-17,1211.0,1351.3999999999999,3208.3,566.0
2020-02-18,1313.3500000000001,1495.1999999999998,3508.7000000000003,415.0
2020-02-19,1704.4,1831.1,4444.899999999999,533.0
2020-02-20,1050.0,1328.7,2938.6,334.0
2020-02-21,1060.8,1240.0000000000002,2867.2999999999997,646.0
2020-02-22,641.0000000000001,933.9000000000001,1916.3000000000002,581.0
2020-02-23,1154.6999999999998,1199.4,2969.4,361.0
2020-02-24,813.6999999999999,1007.1999999999998,2255.3,262.0
2020-02-25,1051.0,1291.8,2903.7000000000003,366.0
2020-02-26,1664.4999999999998,1740.1,4292.099999999999,484.0
2020-02-27,1942.8999999999999,2004.9000000000003,4983.8,473.0
2020-02-28,1257.8,1737.8,3666.2,397.0
2020-02-29,998.6,1201.7,2732.9,571.0
2020-03-01,785.8,1048.0,2253.1000000000004,426.0
2020-03-02,1949.5,1972.4999999999998,4961.3,451.0
2020-03-03,1936.2,2013.3000000000002,4981.9,612.0
2020-03-04,1830.4,2022.65,4828.6,614.0
2020-03-05,1473.9,1549.1999999999998,3809.2999999999997,454.0
2020-03-06,3161.7,2554.9,7402.9,870.0
2020-03-07,1439.9000000000003,1683.6000000000001,3891.9000000000005,718.0
2020-03-08,694.6999999999999,913.6500000000001,1978.8000000000002,389.0
2020-03-09,1108.6000000000001,1403.5,3103.0,461.0
2020-03-10,791.9000000000001,918.9,2133.1000000000004,178.0
2020-03-11,1080.3000000000002,1395.3000000000002,3051.7999999999997,310.0
2020-03-12,888.0999999999999,1090.7000000000003,2452.2,507.0
2020-03-13,1473.5999999999997,1556.4999999999998,3816.2999999999997,577.0
2020-03-14,1148.2,1342.4999999999998,3103.0000000000005,404.0
2020-03-15,929.9000000000001,1283.6,2709.3,346.0
2020-03-16,1962.9000000000005,2001.0999999999997,5010.4,635.0
2020-03-17,1233.5,1432.5500000000002,3324.1499999999996,557.5
2020-03-18,1174.6999999999998,1344.3999999999999,3145.5,516.0
2020-03-19,1476.7000000000003,1479.2000000000003,3743.3,531.0
2020-03-20,865.1999999999998,1046.5,2372.3,442.0
2020-03-21,505.49999999999994,864.3000000000001,1638.9999999999998,469.0
2020-03-22,374.7,810.2000000000002,1384.3,527.0
2020-03-23,874.0,1442.7000000000003,2782.9,616.0
2020-03-24,1124.6,1645.1999999999998,3369.6,585.0
2020-03-25,1442.2,1848.6999999999998,4060.2,840.0
2020-03-26,895.6999999999998,1449.3,2822.5,1024.0
2020-03-27,843.8999999999999,1270.2,2564.1999999999994,1046.0
2020-03-28,462.70000000000005,802.3999999999997,1511.8,612.0
2020-03-29,344.9,585.2,1114.0,471.0
2020-03-30,1062.8999999999999,1208.3000000000002,2837.9000000000005,426.0
2020-03-31,727.1999999999999,1129.8,2245.5,461.0
2020-04-01,1965.5,1970.3,4984.200000000001,564.0
2020-04-02,966.4,1196.4,2677.599999999999,386.0
2020-04-03,1600.8000000000002,1869.0000000000002,4323.3,540.0
2020-04-04,655.7000000000002,1136.5,2142.4,453.0
2020-04-05,162.9,537.9000000000001,787.6000000000001,378.0
2020-04-06,870.0,1300.6,2634.7000000000003,455.0
2020-04-07,965.0000000000001,1546.3000000000002,3026.499999999999,749.0
2020-04-08,854.2000000000002,1745.8999999999999,3055.9000000000005,1367.0
2020-04-09,776.3999999999999,1626.4000000000003,2817.1,1432.0
2020-04-10,405.0,1266.4999999999998,1887.8,1170.0
2020-04-11,993.2,1929.4,3452.600000000001,913.0
2020-04-12,616.7999999999998,1337.4000000000003,2283.4999999999995,672.0
2020-04-13,298.30000000000007,440.8,897.9999999999999,479.0
2020-04-14,517.3000000000001,935.4000000000002,1728.6999999999998,458.0
2020-04-15,559.5,1229.1000000000001,2087.0999999999995,765.0
2020-04-16,851.7,1721.8000000000002,3027.7000000000003,1386.0
2020-04-17,370.50000000000006,791.9,1359.9,597.0
2020-04-18,753.6,1165.0000000000002,2320.6000000000004,784.0
2020-04-19,431.8999999999999,822.9,1485.1000000000001,609.0
2020-04-20,417.15000000000003,710.9999999999999,1351.3500000000004,773.0
2020-04-21,354.6,803.8000000000001,1347.3,944.0
2020-04-22,487.2999999999999,938.4,1685.6000000000001,930.0
2020-04-23,592.1000000000001,1202.5000000000002,2110.0999999999995,954.0
2020-04-24,853.0,1529.2000000000003,2837.3000000000006,982.0
2020-04-25,256.0,652.5,1045.4,528.0
2020-04-26,605.4,1094.8999999999999,2023.0999999999997,574.0
2020-04-27,815.6000000000001,1205.5,2456.7000000000003,757.0
2020-04-28,492.29999999999995,900.7,1656.0,242.0
2020-04-29,729.1,986.5999999999999,2104.5,440.0
2020-04-30,739.1,954.6999999999998,2088.6000000000004,422.0
2020-05-01,656.9999999999998,837.2,1844.4999999999995,423.0
2020-05-02,693.8,973.0999999999999,2036.8,387.0
2020-05-03,291.09999999999997,707.0,1152.8,421.0
2020-05-04,426.99999999999994,810.8000000000002,1465.1999999999998,509.0
2020-05-05,245.4,571.8000000000001,947.8000000000001,491.0
2020-05-06,478.3999999999999,907.1999999999999,1640.7999999999997,656.0
2020-05-07,864.9000000000001,1559.0,2884.8999999999996,842.0
2020-05-08,539.4,1401.4,2228.1,703.0
2020-05-09,405.69999999999993,1297.6000000000001,1919.7000000000003,867.0
2020-05-10,268.80000000000007,647.1999999999999,1059.6000000000001,766.0
2020-05-11,471.70000000000005,580.1,1303.7,502.0
2020-05-12,1131.3000000000002,1365.7000000000003,3100.500000000001,530.0
2020-05-13,629.0,820.4,1784.6999999999998,451.0
2020-05-14,684.0000000000001,927.2500000000001,1976.2999999999995,452.5
2020-05-15,1371.5000000000002,1651.9,3754.999999999999,628.0
2020-05-16,1013.8999999999999,1371.1999999999998,2925.3999999999996,514.0
2020-05-17,511.09999999999997,761.5,1544.8000000000004,418.0
2020-05-18,555.4000000000001,809.4999999999999,1661.3999999999999,530.0
2020-05-19,754.9000000000001,1047.9,2205.7,466.0
2020-05-20,809.0000000000001,1256.4,2496.4,476.0
2020-05-21,839.9,1515.9999999999998,2803.7000000000007,584.0
2020-05-22,514.3000000000001,784.1,1573.2,816.0
2020-05-23,424.9000000000001,543.5000000000001,1195.6999999999998,791.0
2020-05-24,745.7,915.8000000000001,2058.5,657.0
2020-05-25,731.5,1200.2,2321.8,719.0
2020-05-26,1067.5999999999997,1588.6999999999998,3225.600000000001,604.0
2020-05-27,783.6,1499.3,2700.8000000000006,601.0
2020-05-28,319.50000000000006,653.4000000000001,1143.3,433.0
2020-05-29,400.90000000000003,889.3000000000001,1504.1000000000001,513.0
2020-05-30,313.00000000000006,821.6,1301.4,581.0
2020-05-31,163.60000000000005,559.9,810.6,449.0
2020-06-01,516.8,936.7,1729.1999999999998,516.0
2020-06-02,1155.3,1679.2000000000003,3450.4000000000005,649.0
2020-06-03,938.6,1505.4999999999998,2944.9,680.0
2020-06-04,974.0000000000001,1104.9,2598.2999999999997,415.0
2020-06-05,869.4000000000001,1137.1,2469.9000000000005,458.0
2020-06-06,738.2,811.6,1943.8000000000002,366.0
2020-06-07,749.2,937.7,2086.5,363.0
2020-06-08,1141.5,1295.5000000000002,3045.9000000000005,490.0
2020-06-09,1050.6000000000001,1512.6,3123.1,571.0
2020-06-10,912.7000000000002,1202.7,2602.399999999999,479.5
2020-06-11,707.7,1123.8999999999999,2209.3,501.0
2020-06-12,689.5,1187.4,2244.2000000000007,591.0
2020-06-13,369.3,900.0,1465.8999999999999,366.0
2020-06-14,586.1999999999999,1164.1,2063.1,432.0
2020-06-15,1547.6999999999998,1759.6000000000001,4133.099999999999,628.0
2020-06-16,1373.0000000000002,1721.4,3826.9,525.0
2020-06-17,1538.5999999999997,1940.9000000000003,4300.300000000001,497.0
2020-06-18,1307.6,1644.8000000000004,3650.1,381.0
2020-06-19,1128.4999999999998,1371.7999999999997,3102.0,415.0
2020-06-20,974.6999999999999,1192.0999999999997,2686.5999999999995,420.0
2020-06-21,485.1,701.8000000000001,1445.4,376.0
2020-06-22,1211.7,1494.1999999999996,3352.4,605.0
2020-06-23,792.7999999999996,1308.8999999999999,2524.499999999999,588.5
2020-06-24,837.0999999999998,1641.6999999999998,2925.0000000000005,749.0
2020-06-25,474.40000000000003,1585.2000000000005,2312.399999999999,793.0
2020-06-26,1315.021052631579,2065.8473684210526,4082.807894736842,725.0
2020-06-27,1563.2932330827068,2097.6812030075184,4495.899248120302,376.0
2020-06-28,1579.3172932330829,2078.192481203007,4500.87969924812,371.0
2020-06-29,1595.3413533834587,2058.703759398496,4505.86015037594,445.0
2020-06-30,1611.3654135338347,2039.2150375939852,4510.84060150376,313.0
2020-07-01,1627.3894736842103,2019.7263157894738,4515.821052631579,292.0
2020-07-02,1643.4135338345864,2000.2375939849624,4520.801503759398,333.0
2020-07-03,1659.4375939849624,1980.748872180451,4525.781954887218,432.0
2020-07-04,1675.4616541353384,1961.2601503759397,4530.762406015037,266.5
2020-07-05,1691.4857142857143,1941.7714285714287,4535.742857142856,358.5
2020-07-06,1707.50977443609,1922.2827067669173,4540.723308270677,468.0
2020-07-07,1562.363909774436,1745.9330827067668,4141.929323308271,472.5
2020-07-08,1654.1,1203.0,3739.1000000000004,294.0
2020-07-09,1427.1999999999998,1144.5,3332.2999999999997,302.0
2020-07-10,2214.3,1757.4,5152.9,395.0
2020-07-11,1963.5,1797.4999999999998,4808.299999999999,453.0
2020-07-12,1033.3000000000002,1378.3000000000002,2963.0999999999995,555.0
2020-07-13,1422.4999999999995,1516.8,3698.2,437.0
2020-07-14,1842.1999999999998,1560.7000000000003,4385.2,372.0
2020-07-15,1713.7000000000005,1377.1000000000004,4005.2,392.0
2020-07-16,1938.7000000000003,1507.8000000000002,4480.5,382.0
2020-07-17,1887.8999999999999,1755.7999999999997,4650.399999999999,579.0
2020-07-18,1572.3999999999999,1449.1000000000001,3859.9999999999995,452.0
2020-07-19,895.9000000000001,962.0999999999998,2335.6,353.0
2020-07-20,1783.0,1680.9,4415.4,463.0
2020-07-21,1744.5,1758.2,4433.4,490.0
2020-07-22,1405.8000000000002,1689.3999999999996,3845.5000000000005,556.0
2020-07-23,1208.8000000000002,1487.8000000000004,3341.3,544.0
2020-07-24,1548.3999999999999,1344.8,3718.7999999999997,410.0
2020-07-25,1329.9999999999998,1192.3,3232.1,310.0
2020-07-26,682.1999999999999,683.1999999999999,1729.3999999999999,414.0
2020-07-27,959.1999999999999,1023.2000000000002,2493.7999999999997,403.0
2020-07-28,1483.4999999999995,1342.5000000000002,3617.5,387.0
2020-07-29,1807.1000000000001,1746.3,4517.099999999999,454.0
2020-07-30,1146.0000000000002,1568.3999999999999,3325.6,467.0
2020-07-31,949.0999999999999,1739.6,3194.7,845.0
2020-08-01,935.8999999999999,1053.2,2488.3,416.0
2020-08-02,701.2999999999998,825.6999999999999,1900.6000000000001,366.0
2020-08-03,1634.3999999999999,1660.8,4167.0,430.0
2020-08-04,1343.8999999999996,1532.2000000000003,3593.1,489.0
2020-08-05,1160.7499999999998,1249.65,3029.3,450.5
2020-08-06,1456.9,1675.8,3909.7000000000003,430.0
2020-08-07,1881.7,2921.7999999999997,5807.0999999999985,939.0
2020-08-08,1218.8,2198.4,4067.0999999999995,943.0
2020-08-09,314.40000000000003,1056.8000000000002,1538.8000000000002,725.0
2020-08-10,596.8999999999997,1489.3,2403.8999999999996,847.0
2020-08-11,875.1999999999999,2396.2000000000003,3737.6,1062.0
2020-08-12,550.7000000000002,2057.4999999999995,2902.1,1147.0
2020-08-13,1324.1000000000004,2265.6,4296.1,817.0
2020-08-14,1835.4999999999998,2054.2499999999995,4868.2,527.5
2020-08-15,1844.8000000000002,1933.8999999999996,4762.8,624.0
2020-08-16,754.8,1283.4,2440.8999999999996,582.0
2020-08-17,1410.7,1773.8,3936.5999999999995,404.0
2020-08-18,1252.4000000000003,1297.4,3217.6,472.0
2020-08-19,733.3999999999999,836.7,1961.4000000000003,275.0
2020-08-20,1166.7,1339.1,3127.7999999999997,732.5
2020-08-21,853.6999999999999,933.1,2242.3999999999996,642.0
2020-08-22,932.1000000000001,964.3999999999999,2394.0000000000005,477.0
2020-08-23,436.2000000000001,485.50000000000006,1154.6000000000001,332.0
2020-08-24,1399.0,1291.8999999999999,3437.3999999999996,358.0
2020-08-25,628.9000000000001,703.3,1667.6000000000001,354.0
2020-08-26,1190.8999999999999,1094.3000000000002,2920.2,410.0
2020-08-27,1225.8999999999999,1173.2999999999997,3052.6000000000004,469.0
2020-08-28,2248.9999999999995,1817.8999999999996,5266.0999999999985,399.0
2020-08-29,1494.4,1268.2000000000003,3559.9,426.0
2020-08-30,973.1,993.5999999999999,2485.5000000000005,491.0
2020-08-31,1626.1000000000001,1503.8,3997.2999999999997,546.0
2020-09-01,2076.7999999999997,1919.7,5104.1,634.0
2020-09-02,1603.8000000000002,1909.6000000000001,4369.299999999999,550.0
2020-09-03,1138.8,1111.3,2857.3999999999996,355.0
2020-09-04,1478.8999999999999,1364.3000000000002,3631.7999999999997,487.0
2020-09-05,1934.9000000000008,1576.8999999999996,4543.7,544.0
2020-09-06,1171.0,1245.8000000000002,3041.7999999999997,477.0
2020-09-07,1344.1000000000001,1154.6,3215.2999999999997,422.0
2020-09-08,1218.3,1221.3000000000002,3089.1,347.0
2020-09-09,1673.6500000000003,1463.3500000000001,4030.100000000001,442.0
2020-09-10,2157.9,2106.9,5415.6,640.0
2020-09-11,1834.8000000000004,1805.9999999999998,4619.4,674.0
2020-09-12,1264.9000000000003,1386.2,3325.5999999999995,515.0
2020-09-13,911.7999999999998,1173.2,2570.6,505.0
2020-09-14,1576.1000000000001,1965.4,4381.9000000000015,959.0
2020-09-15,2075.2,2703.1,5885.000000000001,1693.0
2020-09-16,1224.8000000000002,1894.4999999999998,3772.400000000001,978.0
2020-09-17,644.5000000000001,930.6999999999999,1918.8000000000002,639.0
2020-09-18,891.2999999999998,1162.7,2529.0999999999995,657.0
2020-09-19,615.9999999999999,1057.0,2001.3000000000002,702.0
2020-09-20,451.1,958.9000000000002,1651.1999999999998,795.0
2020-09-21,2144.6,2180.1499999999996,5468.549999999998,1095.5
2020-09-22,1530.6999999999998,1858.4000000000003,4206.0,871.0
2020-09-23,1350.4,1385.0000000000002,3455.7000000000003,446.0
2020-09-24,1455.8000000000002,1506.4999999999998,3738.6,419.0
2020-09-25,1659.3,1390.6,3934.3,504.0
2020-09-26,1175.7,1099.8,2902.2999999999997,473.0
2020-09-27,791.9999999999999,817.6999999999999,2031.9999999999998,417.0
2020-09-28,1851.1000000000001,1663.6,4502.299999999999,633.0
2020-09-29,2266.7000000000003,1811.1999999999998,5286.099999999999,610.0
2020-09-30,1309.9000000000003,1486.0,3494.0000000000005,522.0
2020-10-01,1349.8000000000006,1280.1999999999998,3350.399999999999,485.0
2020-10-02,829.9,1066.5000000000002,2339.4,346.0
2020-10-03,1272.6,1539.1000000000001,3490.5,407.0
2020-10-04,740.8,916.4000000000001,2052.3999999999996,249.0
2020-10-05,1231.6999999999998,1327.7,3215.7999999999997,437.0
2020-10-06,891.6999999999999,1090.9,2458.3,339.0
2020-10-07,1821.1000000000001,1539.1,4331.599999999999,455.0
2020-10-08,1911.7,1616.1,4547.5,428.0
2020-10-09,2331.5000000000005,2031.3999999999999,5605.999999999999,512.0
2020-10-10,1677.2,1612.3999999999999,4183.9,434.0
2020-10-11,1815.2999999999995,1558.7,4342.799999999999,455.0
2020-10-12,2394.2999999999993,1933.6499999999999,5604.95,485.0
2020-10-13,2590.0,1878.9,5850.200000000001,514.0
2020-10-14,1604.6,1533.0000000000005,3993.5000000000005,505.0
2020-10-15,2232.2999999999997,1805.1,5227.9,474.0
2020-10-16,3045.9999999999995,2240.6,6911.1,554.0
2020-10-17,2075.0999999999995,1983.8999999999999,5165.7,519.0
2020-10-18,1763.6,1752.3,4456.099999999999,684.0
2020-10-19,718.7000000000002,1092.6,2193.9999999999995,549.0
2020-10-20,1049.0000000000002,1246.3999999999999,2854.8999999999996,725.0
2020-10-21,1598.3999999999999,1574.1999999999998,4025.5,437.0
2020-10-22,1784.8000000000002,1733.7,4470.699999999999,588.0
2020-10-23,1727.8,1738.5,4388.0,550.0
2020-10-24,1138.1,1454.0,3198.6,441.0
2020-10-25,1050.5,1265.0,2875.2000000000003,370.0
2020-10-26,1510.5999999999997,1497.3,3813.5,492.0
2020-10-27,1468.3000000000002,1455.0000000000002,3706.2000000000003,421.0
2020-10-28,1498.5000000000002,1462.9,3760.7000000000003,466.5
2020-10-29,1412.3,1402.4999999999995,3568.3999999999996,474.0
2020-10-30,1373.6999999999998,1445.6,3551.7,407.0
2020-10-31,1125.5,1235.3,2961.0999999999995,548.0
2020-11-01,698.8,907.3999999999999,1978.1999999999996,470.0
2020-11-02,959.5000000000001,1089.6000000000001,2560.9,402.0
2020-11-03,1627.1999999999998,1706.1000000000001,4201.099999999999,478.0
2020-11-04,4204.5,2537.7000000000003,8984.4,959.0
2020-11-05,4557.999999999999,2291.7000000000003,9280.4,1801.0
2020-11-06,2919.000000000001,2021.3,6497.0,1692.0
2020-11-07,3019.5,1862.8,6492.4,1236.0
2020-11-08,1952.8,1388.3,4382.400000000001,1208.0
2020-11-09,2326.05,1652.1499999999999,5218.7,597.5
2020-11-10,2257.0,1916.6999999999998,5376.8,586.0
2020-11-11,1066.5999999999997,1230.8000000000002,2866.4,427.0
2020-11-12,1609.8000000000002,1554.6999999999998,4023.4000000000005,534.0
2020-11-13,1964.2,1951.8500000000004,4963.5,672.0
2020-11-14,958.8000000000002,1263.8,2733.6,527.0
2020-11-15,677.0,893.1999999999999,1930.8999999999999,350.0
2020-11-16,1134.2,1299.9,3039.2,459.0
2020-11-17,1184.1000000000001,1297.1000000000001,3112.5,460.0
2020-11-18,1196.3999999999996,1291.1,3125.7999999999993,538.0
2020-11-19,1983.0000000000002,1709.6000000000001,4749.8,490.0
2020-11-20,2622.2,2110.5,6131.5,501.0
2020-11-21,1034.0000000000002,1235.4999999999998,2821.2000000000007,366.0
2020-11-22,2028.1,1677.6999999999998,4787.5,502.0
2020-11-23,3263.0,2346.2999999999997,7349.4000000000015,718.0
2020-11-24,1490.3999999999999,1654.7,3939.6999999999994,478.0
2020-11-25,2083.6,1743.2000000000003,4937.8,676.0
2020-11-26,3116.4999999999995,2151.6000000000004,6930.099999999999,831.0
2020-11-27,4075.3999999999996,2111.9,8360.8,997.0
2020-11-28,1538.4,1584.3,3943.3000000000006,1177.0
2020-11-29,1305.5000000000002,1600.1999999999998,3602.1999999999994,931.0
2020-11-30,1664.1999999999998,1561.7,4114.000000000001,632.0
2020-12-01,2545.3,1904.6999999999998,5807.499999999999,517.0
2020-12-02,3379.9,2309.2999999999997,7491.6,785.0
2020-12-03,2485.2,1983.3,5793.7,457.0
2020-12-04,1859.3,1779.0000000000002,4630.0,487.0
2020-12-05,1013.7999999999998,1207.1000000000004,2761.9,465.0
2020-12-06,2094.5999999999995,1620.9,4832.8,681.0
2020-12-07,3394.7999999999993,2053.3,7258.6,852.5
2020-12-08,3572.4999999999995,2133.7000000000003,7611.499999999999,853.0
2020-12-09,2270.6,1775.4000000000003,5256.299999999999,649.0
2020-12-10,535.0,852.4,1672.6000000000001,564.0
2020-12-11,2776.8000000000006,2115.9,6372.999999999999,627.0
2020-12-12,2019.6000000000006,1943.7999999999997,5041.1,616.0
2020-12-13,806.8000000000002,1172.1000000000001,2409.3,378.0
2020-12-14,1572.9,1728.5,4140.599999999999,524.0
2020-12-15,2126.0,1991.5,5251.0,613.0
2020-12-16,1108.5000000000002,1268.1,2967.7000000000003,480.0
2020-12-17,1960.3999999999996,1705.7999999999997,4711.5,556.0
2020-12-18,988.3,1191.6,2706.8,391.0
2020-12-19,1327.5,1549.5,3585.2,461.0
2020-12-20,1218.6,1465.3,3334.1,419.0
2020-12-21,990.1,1172.7999999999997,2691.1000000000004,282.0
2020-12-22,2348.2,1668.1000000000001,5268.5,540.0
2020-12-23,1987.1000000000001,1839.2,4886.3,382.0
2020-12-24,1258.1000000000001,1108.7,3037.2,312.0
2020-12-25,395.49999999999994,708.3,1315.0,374.0
2020-12-26,442.59999999999997,700.1,1378.3000000000002,233.0
2020-12-27,1022.2,1091.9,2659.1,326.0
2020-12-28,1261.0999999999997,1440.3999999999999,3374.1,456.0
2020-12-29,1985.9999999999995,1611.3999999999999,4656.4,620.0
2020-12-30,2719.7,1946.6,6117.0,739.0
2020-12-31,2818.6000000000004,1934.1999999999998,6255.5,805.0
2021-01-01,1442.7000000000003,1206.4999999999998,3418.7,751.0
2021-01-02,2066.0,1512.8,4680.6,423.0
2021-01-03,916.8000000000001,1027.5,2433.2000000000003,301.0
2021-01-04,877.7,923.3000000000001,2268.9000000000005,273.0
2021-01-05,1362.5,1175.1999999999998,3264.5999999999995,252.0
2021-01-06,1945.3000000000002,1359.7499999999998,4342.4,392.0
2021-01-07,2251.9999999999995,1729.3999999999999,5182.499999999999,816.0
2021-01-08,2512.0,1662.6000000000006,5514.3,861.0
2021-01-09,2945.5,1849.4999999999998,6366.2,831.0
2021-01-10,943.0999999999998,1222.8000000000004,2668.7999999999997,533.0
2021-01-11,877.8,963.8000000000001,2309.3,389.0
2021-01-12,2222.5,1794.7,5203.200000000001,484.0
2021-01-13,2605.8999999999996,1850.0999999999997,5845.299999999999,548.0
2021-01-14,1348.2000000000003,1513.6999999999996,3580.9,283.0
2021-01-15,3288.0,1840.8999999999996,6882.899999999999,878.0
2021-01-16,1754.1,1492.8999999999999,4181.900000000001,442.0
2021-01-17,1145.5,1356.3,3112.5,684.0
2021-01-18,1550.6999999999998,1549.4999999999995,3926.9,519.0
2021-01-19,714.2,1111.5,2206.2999999999997,248.0
2021-01-20,803.9999999999998,947.3999999999999,2180.4,325.0
2021-01-21,1454.0000000000002,1451.5000000000002,3681.0,478.0
2021-01-22,2191.8,1939.8999999999996,5300.7,526.0
2021-01-23,2625.6999999999994,2029.3,6054.999999999999,639.0
2021-01-24,1462.8,1581.5000000000002,3824.2999999999997,438.0
2021-01-25,2037.7,1876.4999999999998,5000.5,659.0
2021-01-26,2767.0,1998.0,6240.9000000000015,453.0
2021-01-27,2320.3,1775.6999999999996,5333.5,474.0
2021-01-28,1250.7000000000003,1394.5,3311.899999999999,398.0
2021-01-29,1790.8,1683.2,4429.0,492.0
2021-01-30,677.2999999999998,884.1,1922.6,353.0
2021-01-31,774.5999999999999,983.2,2170.9,500.0
2021-02-01,2550.4,1627.1,5538.199999999998,734.0
2021-02-02,1556.0999999999997,1529.4000000000003,3915.7999999999997,608.0
2021-02-03,1891.1,1684.5999999999997,4584.8,649.0
2021-02-04,1189.8999999999999,1526.9,3351.6,483.5
2021-02-05,1548.6,1792.9,4167.5,495.0
2021-02-06,2056.1000000000004,1657.6,4810.499999999999,553.0
2021-02-07,461.20000000000005,673.4000000000001,1380.4000000000003,374.0
2021-02-08,980.0,1137.9000000000003,2640.7000000000007,340.0
2021-02-09,825.5999999999999,1101.0,2367.0000000000005,306.0
2021-02-10,1445.8000000000002,1426.8,3643.5999999999995,1347.0
2021-02-11,691.0999999999999,1158.7,2218.3,662.0
2021-02-12,425.7,849.7999999999998,1502.6000000000001,663.0
2021-02-13,217.10000000000002,636.7,969.9,523.0
2021-02-14,261.29999999999995,627.6000000000001,1028.3999999999999,578.0
2021-02-15,1445.1,1529.3999999999999,3745.7999999999993,511.0
2021-02-16,1523.2,1482.8999999999999,3818.6,543.0
2021-02-17,1114.8,1263.6000000000001,2973.2000000000003,495.0
2021-02-18,961.7999999999998,1192.8000000000002,2667.3999999999996,542.0
2021-02-19,756.9,1143.2000000000003,2304.2,637.0
2021-02-20,531.0,965.5000000000001,1779.4,1139.0
2021-02-21,778.7,1192.5,2386.2,926.0
2021-02-22,2339.0,2052.9,5639.700000000002,1016.0
2021-02-23,1047.6000000000001,1306.4999999999998,2913.0000000000005,668.0
2021-02-24,1023.4999999999999,1238.6,2807.6,739.0
2021-02-25,2065.5,1722.0,4889.500000000001,845.0
2021-02-26,3031.6000000000004,2219.1,6867.400000000001,1037.0
2021-02-27,1926.1,1910.9999999999998,4864.400000000001,1039.0
2021-02-28,600.8000000000001,1111.9,2032.6999999999994,731.0
2021-03-01,831.8000000000001,1141.8,2417.5000000000005,1032.0
2021-03-02,2432.0999999999995,1596.4,5325.299999999999,1412.0
2021-03-03,2296.4,1616.3999999999999,5137.199999999999,1422.0
2021-03-04,1890.8999999999999,1613.5000000000002,4512.5,889.5
2021-03-05,1399.6000000000001,1414.3999999999999,3560.0,644.0
2021-03-06,1354.1,1646.5,3722.9,552.0
2021-03-07,1609.8999999999999,1783.5,4251.9,948.0
2021-03-08,2481.2999999999997,2243.6,6048.5,1276.0
2021-03-09,2502.7000000000003,2071.7,5909.300000000002,859.0
2021-03-10,1172.3000000000002,1320.4,3117.7999999999997,561.0
2021-03-11,819.0,832.5,2087.9000000000005,642.0
2021-03-12,1193.0999999999997,1200.7999999999997,3029.5999999999995,612.0
2021-03-13,1107.5,993.8,2692.3999999999996,493.0
2021-03-14,757.9999999999999,736.55,1898.7000000000003,463.0
2021-03-15,2708.2000000000003,2105.8,6258.1,895.0
2021-03-16,2044.1999999999996,1749.6000000000001,4883.799999999999,787.0
2021-03-17,2830.6,2032.3,6372.7,1057.0
2021-03-18,2657.7000000000003,1982.3,6057.3,918.0
2021-03-19,1298.8999999999996,1354.1,3346.2,497.0
2021-03-20,2706.2999999999997,2045.4999999999998,6194.8,740.0
2021-03-21,1146.2,1349.9000000000003,3107.4999999999995,591.0
2021-03-22,2573.2,2190.8,6136.800000000001,904.0
2021-03-23,1789.8000000000004,1780.6000000000001,4524.799999999999,846.0
2021-03-24,1944.0999999999997,1917.0000000000002,4897.7,913.0
2021-03-25,1684.9,1687.5,4270.999999999999,567.0
2021-03-26,1400.2,1390.3999999999999,3537.7999999999997,624.0
2021-03-27,958.8,1016.6999999999999,2486.5,621.0
2021-03-28,543.5,724.9000000000001,1558.2,643.0
2021-03-29,1756.8000000000002,1848.0,4542.300000000001,719.0
2021-03-30,2783.1000000000004,2611.4,6878.900000000001,1023.0
2021-03-31,3861.9000000000005,3200.2999999999997,9121.8,1594.0
2021-04-01,1280.7999999999997,1466.8000000000004,3430.0,987.0
2021-04-02,789.8999999999999,999.4999999999998,2210.4,477.0
2021-04-03,931.9999999999998,1170.3999999999996,2599.2,744.0
2021-04-04,804.2999999999998,1217.1999999999998,2450.7,816.0
2021-04-05,726.0,864.0999999999999,1977.3,492.0
2021-04-06,2104.2,1851.9,5078.200000000001,550.0
2021-04-07,2208.7,1785.4999999999998,5172.199999999999,582.0
2021-04-08,1625.0,1762.3999999999999,4254.0,567.0
2021-04-09,2029.5000000000002,1943.5,5055.6,573.0
2021-04-10,731.1999999999999,1077.1000000000001,2198.3,454.0
2021-04-11,1110.5999999999997,1281.0,2984.1,500.0
2021-04-12,2972.1,2470.0,7026.800000000001,685.0
2021-04-13,2804.6000000000004,2470.8,6771.400000000001,866.0
2021-04-14,1790.4999999999995,1840.4000000000003,4585.4,695.0
2021-04-15,1852.55,1841.8000000000002,4682.650000000001,623.0
2021-04-16,1637.6999999999998,1724.1,4235.100000000001,659.0
2021-04-17,901.5,1345.4,2727.600000000001,538.0
2021-04-18,805.2,1426.9999999999998,2661.4999999999995,672.0
2021-04-19,1153.8000000000002,1668.6999999999996,3438.2000000000003,1133.0
2021-04-20,1188.3999999999996,1893.6999999999998,3715.9000000000005,1341.0
2021-04-21,870.1999999999997,1450.1000000000001,2784.5,1330.0
2021-04-22,575.95,988.3999999999999,1871.1500000000003,686.5
2021-04-23,750.8999999999999,1261.9,2413.2000000000003,700.0
2021-04-24,496.6999999999999,1039.2999999999997,1800.2999999999995,674.0
2021-04-25,192.9,535.3999999999999,831.3000000000002,439.0
2021-04-26,392.9,790.0999999999999,1392.4,496.0
2021-04-27,1159.0,1700.4000000000003,3476.9999999999995,863.0
2021-04-28,826.6,1425.3000000000006,2692.9,890.0
2021-04-29,1369.8000000000002,1727.5,3827.6,682.0
2021-04-30,1525.3,1901.5000000000002,4239.7,758.0
2021-05-01,1292.6,1945.3000000000002,3927.5,717.0
2021-05-02,849.5999999999999,1581.9000000000003,2884.2999999999993,754.0
2021-05-03,372.7,799.0,1370.7000000000003,482.0
2021-05-04,632.0999999999999,899.5,1869.1000000000001,471.0
2021-05-05,1306.8999999999996,1454.5000000000002,3457.8000000000006,407.0
2021-05-06,1649.2999999999997,1722.7000000000003,4250.900000000001,717.0
2021-05-07,1350.9,1625.6,3697.1000000000004,636.0
2021-05-08,674.5999999999999,958.4,1993.0999999999997,475.0
2021-05-09,656.7999999999998,1062.4,2069.7,442.0
2021-05-10,773.5999999999999,1195.0,2381.2,556.0
2021-05-11,1027.8,1485.1999999999998,3061.2,528.0
2021-05-12,726.2000000000002,1137.1000000000001,2250.6,541.0
2021-05-13,777.6,1384.5,2576.9000000000005,509.0
2021-05-14,1386.7,1845.7000000000005,3972.6000000000004,648.0
2021-05-15,892.8000000000001,1326.2000000000003,2695.4999999999995,464.0
2021-05-16,694.6,1177.2,2242.2000000000003,463.0
2021-05-17,1403.9999999999998,1595.7,3748.6000000000004,505.0
2021-05-18,1206.1,1450.7,3299.7,489.0
2021-05-19,1704.1000000000001,1727.3,4340.4,528.0
2021-05-20,932.3999999999999,1181.4999999999998,2611.0000000000005,586.0
2021-05-21,606.1,715.1,1644.3,519.0
2021-05-22,1485.8000000000002,1434.3000000000002,3712.5000000000005,413.0
2021-05-23,488.3000000000001,785.1000000000001,1533.8,392.0
2021-05-24,1058.3999999999999,1352.4,2975.4,390.0
2021-05-25,1074.6000000000001,1183.4999999999998,2831.3999999999996,434.0
2021-05-26,3072.1000000000004,2392.2999999999997,7102.999999999999,617.0
2021-05-27,2277.0,2092.6,5583.599999999999,629.0
2021-05-28,2025.3000000000002,2073.5,5179.100000000001,712.0
2021-05-29,829.8000000000001,1471.2000000000005,2743.2000000000003,630.0
2021-05-30,364.6000000000001,799.0,1357.6999999999998,595.0
2021-05-31,248.10000000000002,860.3999999999999,1240.8,629.0
2021-06-01,600.5,1337.2000000000003,2258.1000000000004,739.0
2021-06-02,684.3000000000001,1616.15,2665.1999999999994,824.5
2021-06-03,1171.1000000000001,1425.6000000000001,3221.3999999999996,725.0
2021-06-04,2170.3,1692.8999999999999,5021.2,536.0
2021-06-05,1467.9,1604.0000000000002,3854.6,632.0
2021-06-06,771.8,968.0000000000003,2150.7,482.0
2021-06-07,1211.7999999999997,1407.6,3265.4,492.0
2021-06-08,1497.6999999999998,1641.7,3937.8000000000006,486.0
2021-06-09,1038.3000000000002,1227.6999999999998,2820.0,498.0
2021-06-10,1248.4,1097.5,3011.7,414.0
2021-06-11,1222.5999999999997,1022.2999999999998,2896.8,384.0
2021-06-12,1512.6999999999996,1689.3999999999999,4008.7000000000007,543.0
2021-06-13,716.4999999999999,1250.8000000000004,2349.4999999999995,658.0
2021-06-14,1072.6000000000004,1488.0999999999997,3133.0000000000005,638.0
2021-06-15,676.1999999999998,1006.1,2042.8,578.0
2021-06-16,1034.1999999999998,1574.3,3160.2000000000007,660.0
2021-06-17,1405.3999999999999,1414.5000000000002,3568.8999999999996,630.0
2021-06-18,1428.3,1516.0000000000002,3706.3,293.0
2021-06-19,1011.5000000000002,1126.9999999999998,2678.7000000000003,402.0
2021-06-20,684.1000000000003,828.0999999999999,1876.8,341.0
2021-06-21,876.2,928.0999999999999,2271.4,349.0
2021-06-22,1091.5,1138.3,2812.1000000000004,489.0
2021-06-23,1461.8,1527.1999999999996,3768.3,590.0
2021-06-24,1679.7999999999997,1647.0,4222.3,753.0
2021-06-25,1579.6000000000001,1334.3999999999999,3756.5000000000005,485.0
2021-06-26,753.5999999999999,935.8,2091.7000000000003,437.0
2021-06-27,456.5,845.9000000000001,1545.7,623.0
2021-06-28,1326.8000000000002,1371.6,3406.3000000000006,459.0
2021-06-29,1558.2999999999997,1408.0999999999995,3797.6,572.0
2021-06-30,40.1,48.1,109.6,22.0
