MeasurementDateGMT,Enfield - Bowes Primary School: Nitric Oxide (ug/m3),Enfield - Bowes Primary School: Nitrogen Dioxide (ug/m3),Enfield - Bowes Primary School: Oxides of Nitrogen (ug/m3),Enfield - Bowes Primary School: PM10 Particulate (ug/m3)
2018-01-01,401.4999999999999,834.5999999999999,1450.4,239.39999999999998
2018-01-02,172.39999999999995,909.5999999999999,1174.3,311.39999999999986
2018-01-03,374.0,755.6999999999999,1329.1000000000001,423.4
2018-01-04,471.9,1089.6000000000001,1813.2,285.4
2018-01-05,997.2,1353.3,2882.4,326.5
2018-01-06,2157.3999999999996,1317.1,4625.400000000001,513.0000000000001
2018-01-07,186.8,450.90000000000003,737.8000000000001,248.70000000000002
2018-01-08,587.0999999999999,828.1000000000001,1728.4000000000003,413.2000000000001
2018-01-09,1320.95,1207.9,3233.75,806.7999999999998
2018-01-10,1671.0,1649.3000000000002,4211.7,496.5
2018-01-11,2072.2,1354.0000000000002,4531.200000000001,631.6
2018-01-12,1205.5000000000002,1220.6999999999998,3069.2000000000007,621.2000000000002
2018-01-13,454.29999999999995,929.5000000000001,1626.2999999999997,620.0
2018-01-14,516.1,1058.6000000000001,1850.4,651.8000000000001
2018-01-15,289.4,808.1999999999999,1251.5999999999997,190.00000000000003
2018-01-16,490.50000000000006,1047.3,1799.4,258.20000000000005
2018-01-17,570.1,1038.4999999999998,1911.9,297.5
2018-01-18,742.3000000000001,1099.7,2238.1000000000004,237.8
2018-01-19,608.6999999999998,1478.1999999999998,2411.5,310.5
2018-01-20,717.1000000000001,1463.3999999999999,2563.4999999999995,264.9000000000001
2018-01-21,841.4999999999999,1541.8,2831.6000000000004,436.5
2018-01-22,1071.3000000000002,1520.4999999999998,3163.3000000000006,338.90000000000003
2018-01-23,110.9,570.9,740.8999999999997,140.39999999999998
2018-01-24,158.4,590.4000000000001,833.6,156.0
2018-01-25,135.6,673.6,881.9999999999999,284.59999999999997
2018-01-26,1895.6999999999998,1745.7999999999997,4652.4,560.9
2018-01-27,354.4,833.1,1376.1999999999996,302.0
2018-01-28,207.0,628.1999999999998,945.2000000000002,150.8
2018-01-29,772.9,1163.3,2348.0000000000005,236.9
2018-01-30,2013.6,1584.8,4672.7,432.19999999999993
2018-01-31,408.3999999999999,966.8000000000001,1592.7,190.6
2018-02-01,866.2999999999998,1155.1,2483.4,316.3
2018-02-02,1535.2,1384.5000000000005,3738.3999999999996,468.79999999999995
2018-02-03,953.5,1564.0000000000005,3026.000000000001,388.99999999999994
2018-02-04,324.7,589.7,1087.5000000000002,254.3
2018-02-05,569.1,870.8000000000001,1743.6,348.5
2018-02-06,1331.3999999999999,1313.5000000000002,3354.3999999999996,621.7999999999998
2018-02-07,2329.6000000000004,1699.6999999999998,5271.5,619.4
2018-02-08,1238.8,1350.1999999999998,3249.2000000000003,470.3
2018-02-09,705.6999999999998,1104.6999999999998,2186.7,313.5
2018-02-10,295.6,942.8999999999999,1395.9999999999998,184.9
2018-02-11,409.29999999999995,749.6,1377.0000000000002,183.35
2018-02-12,505.7,1160.6999999999998,1936.1,277.2
2018-02-13,600.0,1004.15,1923.6000000000001,239.59999999999997
2018-02-14,961.6999999999999,1050.1999999999998,2524.7999999999997,300.5
2018-02-15,551.0000000000001,1215.3000000000002,2059.6,339.7
2018-02-16,1175.6000000000001,1695.5000000000002,3497.8999999999996,467.20000000000005
2018-02-17,2283.1000000000004,1812.8000000000002,5313.799999999999,662.3999999999999
2018-02-18,1863.9,1411.7000000000003,4269.499999999999,575.1999999999999
2018-02-19,993.5,1225.4000000000005,2748.7999999999993,406.9
2018-02-20,866.0,902.4,2229.5000000000005,276.79999999999995
2018-02-21,1149.1000000000001,1204.4,2966.0000000000005,996.1
2018-02-22,626.2,1156.9,2117.0,678.2
2018-02-23,678.8000000000001,1148.5000000000002,2189.2999999999997,634.9000000000001
2018-02-24,446.0,943.5,1627.1000000000001,662.6999999999999
2018-02-25,258.5,685.0999999999999,1082.3000000000002,389.80000000000007
2018-02-26,398.9000000000001,737.7,1350.0,322.2
2018-02-27,1069.4,1318.4999999999998,2957.7999999999997,523.3
2018-02-28,817.9999999999999,1083.7,2337.4,503.99999999999994
2018-03-01,244.20000000000002,630.8,1005.1000000000001,833.3000000000001
2018-03-02,339.99999999999994,919.4999999999999,1441.1000000000001,1037.2
2018-03-03,626.4,1322.1,2282.6,1601.6999999999998
2018-03-04,502.1000000000001,1281.1,2050.8999999999996,576.6999999999999
2018-03-05,428.00000000000006,1094.0500000000002,1751.0000000000002,372.09999999999997
2018-03-06,1160.8,1361.6,3142.1000000000004,341.8
2018-03-07,1492.0000000000002,1660.8,3948.2999999999993,448.3500000000001
2018-03-08,350.79999999999995,1036.6,1574.9999999999998,212.1
2018-03-09,2537.6,2034.3000000000002,5925.450000000001,914.9333333333334
2018-03-10,218.39999999999998,763.7999999999998,1098.4,966.0533333333334
2018-03-11,1172.1999999999996,1589.0999999999997,3386.1000000000004,836.7733333333334
2018-03-12,1501.7500000000005,1683.5375,3987.2499999999995,707.4933333333333
2018-03-13,1208.35,1518.1125,3371.25,578.2133333333334
2018-03-14,774.8999999999999,1171.2,2359.4,448.93333333333334
2018-03-15,609.8000000000001,1439.3999999999999,2374.3,409.90000000000003
2018-03-16,722.3,1201.6999999999998,2309.6,479.4
2018-03-17,214.10000000000002,519.1,846.9,451.5999999999999
2018-03-18,197.10000000000002,518.2,820.8,686.9000000000002
2018-03-19,281.99999999999994,586.9000000000001,1019.4000000000001,640.8318181818182
2018-03-20,862.9000000000001,1166.4,2489.5999999999995,562.2727272727273
2018-03-21,1483.8999999999999,1685.2000000000003,3960.5,467.1454545454546
2018-03-22,513.2,1052.8,1839.9000000000003,444.2
2018-03-23,113.7,588.9999999999999,763.6,395.8999999999999
2018-03-24,968.9,1367.4,2852.2000000000003,847.3000000000002
2018-03-25,1066.8999999999999,1330.1999999999998,2966.1,897.3
2018-03-26,1004.8000000000001,1626.0,3166.2000000000003,458.9999999999999
2018-03-27,456.8,1051.6000000000001,1752.1,289.6
2018-03-28,764.3000000000002,1609.1,2780.9000000000005,323.3
2018-03-29,689.5000000000002,1209.1999999999998,2266.4999999999995,288.79999999999995
2018-03-30,645.5000000000001,1294.7000000000003,2284.0999999999995,346.3000000000001
2018-03-31,417.40000000000003,819.1999999999999,1458.8000000000002,208.0
2018-04-01,635.5,1152.3000000000002,2126.7000000000003,431.7
2018-04-02,108.39999999999999,763.8,930.0999999999999,283.69999999999993
2018-04-03,59.0,475.19999999999993,565.6,265.40000000000003
2018-04-04,91.8,567.2999999999998,708.4999999999999,275.5
2018-04-05,629.2000000000002,991.2999999999998,1956.0,251.1
2018-04-06,499.59999999999997,1202.9999999999998,1968.9,493.6
2018-04-07,1059.4999999999995,1257.1,2881.6,745.9000000000001
2018-04-08,734.1,1242.6000000000001,2368.5,610.8000000000001
2018-04-09,816.9999999999998,1309.3,2561.5999999999995,552.9
2018-04-10,823.8,1300.1000000000001,2563.2,718.8
2018-04-11,955.4000000000001,1038.1000000000001,2503.3000000000006,1010.9000000000002
2018-04-12,904.1,904.6999999999998,2290.8,826.1999999999998
2018-04-13,544.4999999999998,1124.8,1959.5000000000002,618.9
2018-04-14,594.8000000000001,1252.4999999999998,2164.6,967.7
2018-04-15,285.40000000000003,788.5,1226.0999999999997,704.3000000000001
2018-04-16,102.79999999999998,520.4000000000001,677.8,369.09999999999997
2018-04-17,67.10000000000001,429.00000000000006,531.9,305.4
2018-04-18,238.3,923.0000000000001,1288.6,495.99999999999994
2018-04-19,1829.3000000000002,1903.1000000000001,4707.599999999999,1042.7000000000003
2018-04-20,1057.7,1769.7,3391.6,861.3000000000001
2018-04-21,524.7,1373.6,2177.9999999999995,1017.4
2018-04-22,209.20000000000002,701.4,1022.7999999999998,739.6999999999999
2018-04-23,283.9,739.8,1175.0,294.0
2018-04-24,193.4,533.4,829.6999999999998,237.49999999999997
2018-04-25,454.09999999999997,815.7,1511.7,273.7
2018-04-26,351.9,863.8000000000001,1403.2999999999997,323.90000000000003
2018-04-27,843.1999999999998,1484.4000000000003,2777.3,460.8
2018-04-28,624.6999999999999,982.2,1939.8999999999996,314.79999999999995
2018-04-29,225.19999999999993,473.1000000000001,818.5999999999999,251.39999999999998
2018-04-30,487.8999999999999,842.6999999999999,1591.0000000000002,343.1
2018-05-01,402.70000000000005,818.9000000000001,1436.3000000000002,298.99999999999994
2018-05-02,380.29999999999995,922.4,1505.8,218.9
2018-05-03,869.8,1343.1999999999998,2676.8,433.99999999999994
2018-05-04,692.4000000000001,1365.3,2427.2,545.1999999999999
2018-05-05,1158.6000000000001,1623.1000000000001,3399.8999999999996,763.9
2018-05-06,568.8999999999999,1519.7,2391.5000000000005,896.9999999999999
2018-05-07,776.7999999999998,1573.1999999999996,2764.2999999999997,921.7
2018-05-08,1272.5999999999997,1663.6000000000004,3614.8,934.2000000000002
2018-05-09,597.5,1013.9000000000003,1929.8999999999996,449.9000000000001
2018-05-10,1033.3,1409.1,2993.6000000000004,418.59999999999997
2018-05-11,739.85,962.0499999999997,2096.75,446.19999999999993
2018-05-12,367.19999999999993,1078.9,1641.9,448.1
2018-05-13,925.1000000000003,1326.3,2745.2,473.7999999999999
2018-05-14,661.8000000000002,965.2,1980.1,430.8000000000001
2018-05-15,512.3,1017.6999999999998,1803.0,396.79999999999995
2018-05-16,341.75,580.0,1103.65,421.45
2018-05-17,390.5,642.4,1240.8000000000002,395.6
2018-05-18,999.2000000000003,1294.6,2826.5,480.59999999999997
2018-05-19,985.1,1302.1999999999998,2812.5,609.2
2018-05-20,706.4,1201.3000000000002,2284.5,646.4
2018-05-21,865.0000000000001,1382.3999999999999,2708.4,761.2
2018-05-22,364.3,783.1999999999999,1341.1999999999998,635.0999999999998
2018-05-23,316.3,677.3999999999999,1162.8,565.5
2018-05-24,424.50000000000006,896.0000000000001,1546.6999999999998,603.5
2018-05-25,1311.2,1628.5,3639.2999999999997,708.7857142857142
2018-05-26,275.7,770.1000000000001,1192.7,826.8000000000001
2018-05-27,354.0999999999999,1089.7,1632.6000000000001,775.188198757764
2018-05-28,351.0,760.6999999999999,1298.6,743.4717391304349
2018-05-29,304.9,669.5,1136.9,700.5847826086957
2018-05-30,1238.6,1380.1000000000001,3279.2999999999997,657.6978260869566
2018-05-31,779.7,1281.5000000000002,2477.0,614.8108695652173
2018-06-01,266.3,921.5000000000001,1330.0999999999997,571.9239130434783
2018-06-02,345.9,909.4000000000001,1440.1999999999998,529.0369565217391
2018-06-03,398.10000000000014,1145.4000000000003,1756.3,486.15
2018-06-04,421.70000000000016,815.3999999999999,1462.1000000000001,406.1000000000001
2018-06-05,408.84999999999997,698.8,1325.4499999999998,367.25
2018-06-06,452.0,846.2999999999997,1539.2999999999997,493.4
2018-06-07,592.1000000000001,936.5999999999999,1844.9,452.9999999999999
2018-06-08,478.8000000000001,801.1,1535.6000000000004,453.0
2018-06-09,390.4,827.5999999999999,1426.4999999999998,445.6
2018-06-10,280.8,691.5999999999999,1122.1000000000001,433.5999999999999
2018-06-11,548.7000000000002,943.6,1784.8000000000004,355.49999999999994
2018-06-12,695.9000000000001,921.7,1989.0999999999997,359.04999999999995
2018-06-13,695.2,816.6999999999999,1882.6999999999998,349.9
2018-06-14,629.9,940.0,1905.7,354.5
2018-06-15,1460.4000000000003,1485.8999999999996,3725.1,456.8999999999999
2018-06-16,206.80000000000007,605.2,922.1000000000001,253.89999999999998
2018-06-17,103.69999999999999,362.79999999999995,521.8000000000001,207.0
2018-06-18,322.7999999999999,575.1999999999999,1070.4,239.68235294117648
2018-06-19,484.8749999999999,453.99999999999994,1197.0749999999998,227.21764705882353
2018-06-20,459.37500000000006,571.0999999999999,1274.7750000000003,191.4
2018-06-21,788.0999999999999,1079.3,2287.9,351.8500000000001
2018-06-22,761.9000000000001,1096.1999999999998,2264.5,380.40000000000003
2018-06-23,782.0999999999999,1408.6999999999998,2607.4,393.20000000000005
2018-06-24,517.0999999999999,1102.3999999999999,1895.2999999999997,392.4
2018-06-25,668.8999999999999,1455.8,2481.3000000000006,428.3
2018-06-26,832.0,1344.1,2620.3,480.1
2018-06-27,452.5,853.6,1546.7999999999997,455.65
2018-06-28,443.00000000000006,762.2,1440.8999999999999,523.0999999999999
2018-06-29,492.79999999999995,808.4,1563.7999999999997,481.80000000000007
2018-06-30,319.30000000000007,833.4,1322.6000000000001,478.3499999999999
2018-07-01,250.7000000000001,950.6,1335.3999999999999,506.0
2018-07-02,412.1999999999998,960.9,1593.4999999999998,398.0
2018-07-03,330.70000000000005,834.1,1341.0000000000002,356.09999999999997
2018-07-04,510.49999999999994,1146.8999999999999,1929.6999999999998,467.80000000000007
2018-07-05,899.6,1880.6999999999998,3259.9999999999995,710.8999999999999
2018-07-06,982.8,1769.5999999999997,3275.9999999999995,777.9499999999999
2018-07-07,716.9999999999998,1556.1999999999998,2655.6,672.65
2018-07-08,405.6,1182.9999999999998,1805.2,470.3
2018-07-09,1010.9000000000002,1289.4,2839.7000000000003,515.1
2018-07-10,602.7499999999999,696.9000000000001,1621.2,296.90000000000003
2018-07-11,523.5999999999999,769.6999999999999,1572.8000000000002,391.2999999999999
2018-07-12,758.7000000000002,1094.9999999999998,2258.3,469.00000000000006
2018-07-13,605.6999999999998,1123.8999999999999,2052.0,452.74999999999994
2018-07-14,477.59999999999997,988.9000000000001,1720.9,426.70000000000005
2018-07-15,712.7,1531.6999999999998,2624.3000000000006,441.3
2018-07-16,764.1000000000001,1335.4999999999998,2507.0999999999995,368.5999999999999
2018-07-17,365.4999999999999,723.0,1283.5999999999997,249.8
2018-07-18,350.90000000000003,877.4,1415.1000000000001,255.15000000000003
2018-07-19,1185.0,1410.3999999999999,3227.2,406.49999999999994
2018-07-20,583.6999999999998,1108.6000000000001,2003.7000000000007,403.75
2018-07-21,642.8000000000001,1520.0999999999997,2505.8,579.4
2018-07-22,672.4000000000001,1315.7,2346.8,420.00000000000006
2018-07-23,492.9000000000001,882.3999999999999,1638.0999999999997,353.3833333333333
2018-07-24,201.20000000000002,735.4000000000001,1043.8999999999999,376.31666666666666
2018-07-25,641.6000000000003,1051.6000000000001,2035.3999999999994,464.50000000000006
2018-07-26,408.3000000000001,914.5,1540.7000000000005,749.6499999999999
2018-07-27,478.1,1188.9999999999998,1922.1000000000004,418.6499999999999
2018-07-28,57.00000000000001,215.39999999999998,303.0,261.7
2018-07-29,30.1,170.59999999999997,216.5,137.37777777777777
2018-07-30,60.6,191.8,284.2,166.92222222222225
2018-07-31,228.8,435.6,786.4000000000003,197.75
2018-08-01,288.6,700.4,1142.8999999999999,293.20000000000005
2018-08-02,481.29999999999995,1023.9,1761.4,322.59999999999997
2018-08-03,1165.8,1511.3000000000002,3299.2999999999997,481.09999999999997
2018-08-04,486.50000000000006,880.2000000000002,1626.2999999999997,316.6499999999999
2018-08-05,449.59999999999997,923.6000000000001,1612.5999999999997,347.4
2018-08-06,1001.3,1397.3,2932.6000000000004,486.70000000000005
2018-08-07,418.49999999999994,1051.8,1693.4,382.15
2018-08-08,317.6000000000001,577.0,1064.3999999999999,261.77142857142866
2018-08-09,1384.1999999999991,1179.1999999999998,3301.1,427.6785714285714
2018-08-10,486.80000000000007,807.9999999999999,1554.4999999999998,253.55
2018-08-11,352.7,693.9999999999999,1234.8000000000002,215.14999999999998
2018-08-12,40.5,255.39999999999998,317.5,147.9
2018-08-13,779.7000000000002,916.4,2111.8,348.69999999999993
2018-08-14,606.6,843.6,1773.7,277.2
2018-08-15,185.09999999999997,509.49999999999994,793.4,258.50000000000006
2018-08-16,300.5,532.8000000000001,993.9000000000001,216.3
2018-08-17,592.4,749.9499999999998,1658.25,277.95
2018-08-18,147.90000000000003,435.50000000000006,662.3000000000001,233.64999999999995
2018-08-19,248.19999999999996,369.6,750.9,228.9
2018-08-20,401.8999999999999,630.0,1246.0,213.8
2018-08-21,268.29999999999995,662.1,1073.4,199.80000000000004
2018-08-22,393.1,813.7999999999998,1416.8000000000002,276.4368421052631
2018-08-23,569.7999999999998,703.0000000000001,1576.6,286.3631578947368
2018-08-24,491.7,757.3,1511.3999999999996,247.39999999999998
2018-08-25,1194.1000000000001,1138.1999999999998,2969.0000000000005,271.55
2018-08-26,988.4999999999998,689.7,2205.2,221.15
2018-08-27,357.0,540.6,1088.5,175.79999999999998
2018-08-28,357.9,739.9999999999999,1289.15,213.09999999999997
2018-08-29,1761.0000000000005,1537.1000000000001,4237.0,354.59999999999997
2018-08-30,1191.9,1234.7000000000003,3061.7999999999997,383.40000000000003
2018-08-31,1510.9999999999995,1373.5,3690.8,460.2
2018-09-01,1423.7,1167.3,3350.2999999999997,456.80000000000007
2018-09-02,1170.6000000000001,1391.0,3185.4,589.5
2018-09-03,1595.8999999999999,1823.7000000000003,4270.500000000001,570.9000000000001
2018-09-04,548.7,850.9999999999999,1692.1,379.4499999999998
2018-09-05,648.5,901.8999999999999,1895.8,395.5
2018-09-06,1298.9999999999998,1236.0000000000002,3227.900000000001,387.4500000000001
2018-09-07,854.5999999999999,1266.8000000000002,2577.3999999999996,258.0
2018-09-08,196.10000000000005,750.6999999999998,1051.5,188.09999999999994
2018-09-09,164.99999999999997,496.9,749.6999999999999,173.6
2018-09-10,210.89999999999998,572.6,895.9,248.24999999999997
2018-09-11,195.0,454.09999999999997,753.4,236.98000000000002
2018-09-12,1607.6000000000001,1181.3000000000002,3646.2,291.4030769230769
2018-09-13,2230.3999999999996,1507.9999999999998,4928.5,311.19384615384615
2018-09-14,484.0,1031.0999999999997,1772.9,330.9846153846154
2018-09-15,344.9,706.4,1236.0999999999997,350.77538461538467
2018-09-16,42.199999999999996,390.1000000000001,455.2,370.56615384615384
2018-09-17,78.39999999999999,588.8,709.0,390.3569230769231
2018-09-18,86.10000000000001,357.7,489.4,410.1476923076923
2018-09-19,68.7,278.20000000000005,383.49999999999994,371.79230769230765
2018-09-20,46.50000000000001,244.1,315.59999999999997,308.05
2018-09-21,418.40000000000003,723.0,1364.15,198.90000000000006
2018-09-22,368.7,926.1,1491.5000000000002,275.4
2018-09-23,569.4,832.6999999999998,1705.8,227.4
2018-09-24,1900.1000000000001,1456.5,4369.700000000001,352.79999999999995
2018-09-25,2010.3999999999996,1327.6000000000001,4410.2,386.0000000000001
2018-09-26,1805.0000000000002,1910.4000000000003,4677.799999999999,439.1
2018-09-27,1494.1999999999998,1853.1999999999998,4144.3,514.0
2018-09-28,601.5,808.4000000000001,1730.7999999999997,263.3
2018-09-29,2441.1,1711.1000000000001,5454.000000000001,546.0
2018-09-30,1224.0,1357.8000000000002,3234.6,426.59999999999997
2018-10-01,864.1999999999999,1118.6999999999998,2444.6,274.6
2018-10-02,687.1000000000001,909.6999999999999,1963.3999999999999,225.70000000000005
2018-10-03,1975.4999999999998,1229.4000000000003,4258.6,355.29999999999995
2018-10-04,375.70000000000005,690.6,1266.5999999999992,329.09999999999997
2018-10-05,2075.4,1527.3,4710.099999999999,728.2000000000002
2018-10-06,922.6000000000003,850.8999999999997,2265.6,346.9
2018-10-07,864.7000000000002,1076.4,2402.0,337.8
2018-10-08,286.0999999999999,978.3999999999999,1416.8,220.00000000000006
2018-10-09,1468.8,1212.1999999999998,3464.1,376.7
2018-10-10,2745.3999999999987,1873.0000000000005,6082.4,1015.1999999999999
2018-10-11,103.89999999999999,630.9,790.1999999999999,329.6
2018-10-12,40.20000000000001,327.9,389.40000000000003,241.10000000000005
2018-10-13,34.59999999999999,342.69999999999993,395.89999999999986,252.50000000000003
2018-10-14,270.9,580.9000000000001,996.1000000000003,157.70000000000002
2018-10-15,806.7999999999998,924.9000000000001,2162.2999999999997,218.70000000000002
2018-10-16,278.30000000000007,713.2999999999998,1140.2,355.05
2018-10-17,707.8239999999998,1060.9560000000001,2145.0580000000004,271.06326530612245
2018-10-18,2710.4639999999995,1769.616,5925.2880000000005,458.93877551020404
2018-10-19,3581.112,2055.728,7546.304,626.2979591836735
2018-10-20,3120.5999999999995,1722.9999999999998,6507.600000000001,800.95
2018-10-21,1611.7999999999993,1276.8999999999996,3748.3,537.2
2018-10-22,1597.4,1305.6000000000001,3754.7999999999993,397.79999999999995
2018-10-23,1036.8,1288.1,2877.7999999999997,372.1
2018-10-24,1361.9000000000003,1391.4999999999995,3479.8000000000006,409.6
2018-10-25,1383.6999999999996,1506.2,3628.099999999999,397.9
2018-10-26,978.5000000000001,1307.6999999999998,2808.1000000000004,212.3
2018-10-27,624.7,840.6,1798.8,151.6
2018-10-28,296.49999999999994,546.6,1001.9,175.14999999999995
2018-10-29,656.0000000000001,827.5,1833.4,163.49999999999997
2018-10-30,927.1999999999999,1133.6000000000001,2555.5000000000005,282.8
2018-10-31,3089.2,1805.5999999999997,6542.199999999999,613.6999999999999
2018-11-01,1255.6000000000004,1533.6,3459.0000000000005,436.1499999999999
2018-11-02,4237.6,2168.2000000000003,8666.1,658.9
2018-11-03,717.3000000000001,1039.8999999999999,2139.6000000000004,480.59999999999997
2018-11-04,309.7,956.9000000000002,1432.1000000000001,538.7
2018-11-05,3027.5,1554.8,6196.5,1303.7
2018-11-06,1820.0,1099.5999999999997,3890.7999999999984,821.6
2018-11-07,66.5,500.5,602.5,189.94999999999996
2018-11-08,507.50000000000017,1052.0,1830.5000000000002,345.7
2018-11-09,790.2000000000002,1022.4000000000001,2234.1,347.29999999999995
2018-11-10,102.09999999999998,768.9,925.4999999999999,237.23749999999998
2018-11-11,55.7,652.5999999999999,738.4,177.62142857142854
2018-11-12,90.50000000000001,757.6999999999998,896.4999999999999,174.5357142857143
2018-11-13,221.40000000000003,847.1,1185.8999999999996,266.5053571428571
2018-11-14,521.7,1024.4,1824.5000000000002,365.6
2018-11-15,1116.2,1196.8,2908.100000000001,627.0999999999999
2018-11-16,1283.6,1089.2,3057.5,435.29999999999995
2018-11-17,849.4,1261.7,2563.9999999999995,650.6999999999999
2018-11-18,541.3999999999999,901.1,1731.1999999999998,463.9000000000001
2018-11-19,380.70000000000005,664.1999999999999,1247.8,229.30000000000007
2018-11-20,586.1000000000001,854.9999999999999,1753.9999999999998,328.3
2018-11-21,2237.1,1508.8000000000002,4939.000000000001,696.4000000000001
2018-11-22,4197.799999999999,1791.7000000000003,8228.2,1207.7
2018-11-23,1698.0,1484.8,4088.499999999999,945.4
2018-11-24,490.8999999999999,1085.2,1837.7,627.6000000000001
2018-11-25,417.09999999999997,756.5999999999999,1396.5,483.40000000000003
2018-11-26,1170.0,1159.0,2953.0,354.74999999999994
2018-11-27,724.7,1157.7,2268.8,474.4000000000001
2018-11-28,45.70000000000001,559.1999999999999,629.1,193.69999999999996
2018-11-29,51.29999999999999,405.1,483.69999999999993,190.2
2018-11-30,276.4,818.5999999999999,1242.7,268.49999999999994
2018-12-01,60.3,593.5,686.3,168.20000000000002
2018-12-02,101.0,462.59999999999997,617.7,88.60000000000001
2018-12-03,539.0,961.5999999999999,1788.3999999999999,298.35
2018-12-04,2258.0,1770.0,5231.800000000001,479.8
2018-12-05,433.30000000000007,1098.6000000000001,1762.8999999999999,253.1
2018-12-06,152.79999999999995,705.0999999999999,938.9999999999999,188.0
2018-12-07,346.20000000000005,747.2,1278.3,167.00000000000003
2018-12-08,236.99999999999997,621.7,985.1999999999999,248.00000000000003
2018-12-09,448.0999999999999,735.5999999999999,1422.7,184.79999999999998
2018-12-10,1068.6,1490.3999999999999,3128.4,318.55
2018-12-11,5123.399999999999,2245.4,10100.8,982.9000000000001
2018-12-12,1236.1,1584.2999999999997,3479.3000000000006,559.1
2018-12-13,1448.8,1503.3999999999999,3724.8000000000006,573.1
2018-12-14,2360.5000000000005,1633.8000000000002,5253.100000000001,739.1000000000001
2018-12-15,145.99999999999997,736.4,960.6,470.79999999999995
2018-12-16,720.0999999999998,1285.5000000000002,2389.7,271.2
2018-12-17,555.1,1244.6999999999998,2095.4,307.3
2018-12-18,62.5,600.8000000000001,696.4999999999999,240.2
2018-12-19,107.4,788.9,953.3000000000001,127.4
2018-12-20,219.70000000000002,823.8999999999999,1160.4999999999998,216.69999999999996
2018-12-21,325.1000000000001,755.7,1253.8,325.5
2018-12-22,329.6000000000001,1089.2,1594.5999999999997,286.8
2018-12-23,430.40000000000003,1028.5999999999997,1687.9999999999995,191.7
2018-12-24,3873.7,1917.7,7856.800000000001,713.5999999999999
2018-12-25,3508.2000000000003,1797.7999999999997,7177.2,835.2000000000002
2018-12-26,576.0,1109.6,1992.8999999999999,417.00000000000006
2018-12-27,5069.2,1885.9,9658.7,939.9
2018-12-28,2276.5000000000005,1381.6000000000001,4871.7,689.2
2018-12-29,690.0999999999999,1096.9,2154.8999999999996,318.59999999999997
2018-12-30,395.29999999999995,928.9000000000001,1534.9000000000003,244.7
2018-12-31,507.8999999999999,951.2,1730.0,194.60000000000002
2019-01-01,335.29999999999995,799.0999999999999,1312.9,237.39999999999998
2019-01-02,1000.1999999999999,1309.5000000000002,2842.8,342.6
2019-01-03,1337.3000000000002,1605.5000000000002,3656.1000000000004,473.9000000000001
2019-01-04,1770.1,1690.0000000000002,4404.8,762.0
2019-01-05,799.0999999999999,1347.9,2573.3999999999996,569.7
2019-01-06,731.9999999999999,1350.6,2472.8,527.3999999999999
2019-01-07,372.70000000000005,1019.4,1590.8,334.3
2019-01-08,927.4296296296295,1139.9888888888886,2561.4555555555553,438.0000000000001
2019-01-09,854.7703703703703,1228.911111111111,2539.5444444444447,318.7
2019-01-10,1770.0000000000002,1699.9,4414.399999999999,717.9
2019-01-11,1333.6000000000001,1496.5999999999997,3541.3999999999996,538.3
2019-01-12,421.29999999999995,953.5999999999999,1599.6000000000001,193.20000000000002
2019-01-13,341.49999999999994,659.8000000000002,1183.0,177.2
2019-01-14,900.9000000000001,1394.3,2775.7000000000003,376.00000000000006
2019-01-15,427.90000000000003,1231.6999999999998,1887.6000000000001,251.40000000000003
2019-01-16,232.20000000000002,879.6999999999999,1235.6000000000001,177.85
2019-01-17,1069.8000000000002,1459.3999999999999,3099.7,383.99999999999994
2019-01-18,2570.1,1701.6999999999998,5642.2,558.7
2019-01-19,726.5,1320.3999999999999,2433.9000000000005,543.0999999999999
2019-01-20,2223.7999999999997,1683.9999999999995,5094.400000000001,899.5999999999999
2019-01-21,2555.0000000000005,1608.5,5526.4,945.3999999999999
2019-01-22,1220.9,1601.9,3473.8,319.1
2019-01-23,2841.6000000000004,1878.5000000000002,6235.8,547.1
2019-01-24,3384.9500000000003,2106.0499999999993,7295.999999999999,890.9499999999999
2019-01-25,827.3,1382.6000000000001,2651.1000000000004,423.80000000000007
2019-01-26,120.4,639.2999999999997,823.4999999999999,161.80000000000004
2019-01-27,279.20000000000005,554.1999999999999,982.4000000000001,236.20000000000002
2019-01-28,1271.7,1470.9,3421.0,410.6
2019-01-29,781.9,1576.6000000000004,2775.9,366.70000000000005
2019-01-30,2442.8999999999996,1950.8999999999996,5696.599999999999,443.6
2019-01-31,4300.900000000001,2009.3,8603.5,775.0999999999998
2019-02-01,391.59999999999997,817.5,1417.4,299.29999999999995
2019-02-02,533.8,824.9000000000001,1643.3999999999999,358.09999999999997
2019-02-03,463.3,1050.4,1760.8000000000004,310.50000000000006
2019-02-04,788.5,995.0000000000001,2203.9,283.9
2019-02-05,1161.1999999999996,1172.3999999999999,2952.8,302.40000000000003
2019-02-06,254.7,985.6999999999999,1376.5,248.10000000000002
2019-02-07,226.1,675.5999999999999,1022.3000000000002,179.79999999999998
2019-02-08,57.3,366.0999999999999,453.40000000000003,173.99999999999997
2019-02-09,136.3,433.09999999999997,642.1999999999999,250.30000000000004
2019-02-10,293.3,751.3000000000001,1200.8000000000002,135.9
2019-02-11,1900.8000000000002,1756.6,4671.099999999999,445.29999999999995
2019-02-12,927.0000000000001,1416.4000000000003,2837.6,413.9
2019-02-13,228.40000000000003,929.4999999999999,1279.4999999999998,423.0
2019-02-14,4062.3,2075.1,8304.1,979.6
2019-02-15,4090.7000000000003,1995.3,8267.3,1046.7
2019-02-16,1176.3000000000002,1251.2,3054.7000000000007,723.9
2019-02-17,751.1999999999999,973.2000000000002,2125.2000000000003,685.7
2019-02-18,90.6,769.2,907.8,305.1
2019-02-19,367.4000000000001,994.3999999999997,1557.3,329.9
2019-02-20,87.10000000000002,505.20000000000005,638.8,303.09999999999997
2019-02-21,240.7,970.0999999999998,1338.6999999999998,453.09999999999985
2019-02-22,993.2000000000002,1458.5000000000005,2982.0000000000005,822.3000000000001
2019-02-23,1524.8999999999999,1471.7,3809.7999999999997,946.6999999999999
2019-02-24,2961.7,1827.4,6368.5,1176.6
2019-02-25,3616.2,2197.3,7741.700000000001,1229.7
2019-02-26,3733.9,2401.5000000000005,8126.500000000001,1284.3999999999996
2019-02-27,4277.6,2478.0000000000005,9036.7,1513.5
2019-02-28,1227.3999999999996,1434.3999999999999,3316.2,777.1
2019-03-01,865.6999999999999,1181.5,2509.2000000000003,688.9
2019-03-02,132.9,502.6,705.9999999999999,271.50000000000006
2019-03-03,38.900000000000006,276.80000000000007,336.79999999999995,185.6
2019-03-04,317.29999999999995,758.2,1244.4999999999998,163.4
2019-03-05,143.1,664.3,883.4999999999999,192.2
2019-03-06,55.70000000000001,448.29999999999995,534.1,230.50000000000006
2019-03-07,300.3,706.9000000000001,1167.3999999999999,172.4
2019-03-08,271.5,815.5999999999998,1231.8999999999999,198.60000000000002
2019-03-09,221.20000000000005,678.5999999999998,1017.7999999999998,344.40000000000003
2019-03-10,220.89999999999998,650.4,989.3000000000002,232.99999999999997
2019-03-11,426.2,807.2,1460.2,286.00000000000006
2019-03-12,206.29999999999998,657.9,974.2000000000002,173.0
2019-03-13,361.0,701.2,1254.5,298.6000000000001
2019-03-14,311.0,775.1,1252.0000000000002,229.1
2019-03-15,332.75,684.4,1194.7,160.5
2019-03-16,83.19999999999999,336.59999999999997,464.40000000000003,174.69999999999996
2019-03-17,308.8,789.2999999999998,1263.1,136.70000000000002
2019-03-18,769.0,1364.0,2543.3000000000006,319.99999999999994
2019-03-19,393.7,1178.5999999999997,1782.0000000000002,397.7
2019-03-20,200.0,873.6999999999999,1179.9,289.85
2019-03-21,979.0999999999999,1066.1,2567.100000000001,378.15000000000003
2019-03-22,138.2,722.6000000000001,934.2999999999998,304.3
2019-03-23,614.6,1188.9,2131.2000000000003,474.0999999999999
2019-03-24,892.3999999999999,1299.5000000000002,2667.7000000000003,464.3000000000001
2019-03-25,872.7,1199.4,2537.7,412.30000000000007
2019-03-26,1954.0,1868.6999999999998,4865.1,655.0
2019-03-27,1798.9999999999998,1875.0,4633.299999999999,429.3272727272727
2019-03-28,1050.0,1732.3,3342.5000000000005,679.3227272727271
2019-03-29,2249.0,1810.1000000000001,5258.4,1222.177777777778
2019-03-30,1718.3000000000002,1680.4000000000003,4315.4,1188.2365079365081
2019-03-31,164.99999999999997,489.2,741.6,434.20238095238085
2019-04-01,576.65,1076.55,1960.9500000000003,473.4
2019-04-02,1248.0,1629.0999999999997,3542.2999999999993,754.333333333333
2019-04-03,1644.4999999999998,1760.5,4282.1,537.0500000000001
2019-04-04,494.99999999999994,1068.3999999999996,1827.5000000000002,366.8
2019-04-05,322.40000000000003,937.4,1431.5999999999997,478.00000000000006
2019-04-06,279.4,707.1999999999999,1135.2999999999997,426.6
2019-04-07,444.49999999999994,777.4,1458.9000000000003,1258.3
2019-04-08,1749.9,1646.9999999999998,4330.400000000001,1455.1999999999998
2019-04-09,498.90000000000003,886.5,1651.7,1155.7500000000002
2019-04-10,320.59999999999997,622.7,1113.5,536.7
2019-04-11,493.90000000000003,991.8999999999999,1749.3000000000002,494.7
2019-04-12,693.4,1160.4,2223.3999999999996,559.3
2019-04-13,559.6999999999999,1064.5,1922.3999999999996,529.7
2019-04-14,471.9,1094.1000000000001,1817.3999999999996,697.1999999999999
2019-04-15,883.0000000000001,1265.3000000000004,2618.9000000000005,1141.0000000000002
2019-04-16,1391.3500000000004,1667.7999999999997,3801.0,1550.4999999999998
2019-04-17,1010.5,1421.5000000000002,2970.7999999999997,1559.8999999999999
2019-04-18,786.9999999999998,1273.3999999999999,2479.8,1525.3
2019-04-19,637.9,1388.1,2366.0999999999995,1046.8000000000002
2019-04-20,571.7,1307.4,2184.0,1015.7
2019-04-21,598.5000000000001,1507.6000000000004,2425.6,1167.3999999999999
2019-04-22,422.20000000000005,1614.0999999999997,2261.3,1481.1000000000001
2019-04-23,972.8,1753.3000000000002,3244.7000000000003,1098.0000000000002
2019-04-24,459.0000000000001,956.3000000000001,1659.9999999999998,784.8000000000004
2019-04-25,48.49999999999999,428.80000000000007,503.2,201.15000000000003
2019-04-26,338.7,475.7,995.1000000000001,324.4
2019-04-27,252.89999999999998,468.00000000000006,855.4,270.79999999999995
2019-04-28,448.59999999999997,740.0999999999999,1427.9000000000003,320.4
2019-04-29,837.7000000000002,1277.8999999999999,2562.2,562.8
2019-04-30,969.1,1415.2000000000003,2900.7999999999997,704.5
2019-05-01,1295.1000000000004,1509.2000000000003,3495.1000000000004,752.8000000000002
2019-05-02,941.9999999999999,1298.0,2742.3999999999996,432.50000000000006
2019-05-03,1109.75,1177.25,2879.45,392.19999999999993
2019-05-04,344.8,582.5,1110.6,294.7
2019-05-05,336.70000000000005,869.4,1385.7,383.5
2019-05-06,368.79999999999995,892.6000000000001,1458.4,274.09999999999997
2019-05-07,182.99999999999991,729.5999999999998,1010.0999999999999,403.2
2019-05-08,279.00000000000006,875.3999999999999,1303.1,329.3
2019-05-09,935.7,1203.1,2637.6000000000004,442.1
2019-05-10,596.8000000000001,1019.8000000000001,1934.6000000000001,420.9000000000001
2019-05-11,637.8000000000001,1024.8000000000002,2002.8,480.3
2019-05-12,638.2,953.8999999999999,1932.7,322.59999999999997
2019-05-13,975.0000000000001,1130.0,2624.6999999999994,368.5000000000001
2019-05-14,717.4000000000003,1039.1,2139.2000000000007,358.8
2019-05-15,594.9,1117.1,2029.1999999999998,576.1999999999999
2019-05-16,480.40000000000003,813.4999999999999,1549.8000000000002,436.1500000000001
2019-05-17,456.90000000000003,845.6999999999999,1546.0,434.3
2019-05-18,1034.9,1324.4,2911.2999999999997,502.1000000000001
2019-05-19,727.8,1004.6999999999999,2121.0,529.0
2019-05-20,947.4000000000002,1360.4,2812.9000000000005,498.1
2019-05-21,784.0,1288.9,2491.1000000000004,379.4000000000001
2019-05-22,642.85,1079.1499999999999,2064.4,323.99999999999994
2019-05-23,228.69999999999996,969.2499999999999,1319.5,314.85
2019-05-24,826.0,1291.8999999999999,2558.7000000000003,409.5000000000001
2019-05-25,586.9000000000002,1016.1999999999999,1916.3000000000002,288.2
2019-05-26,244.39999999999998,512.0,886.6999999999999,223.49999999999994
2019-05-27,331.79999999999995,690.3000000000002,1198.5,236.80000000000007
2019-05-28,816.5,1057.0,2309.0000000000005,246.3
2019-05-29,212.70000000000002,628.3000000000001,954.2999999999998,269.75
2019-05-30,220.80000000000004,505.4,843.9000000000001,240.55
2019-05-31,116.99999999999999,442.8,622.3000000000001,173.35000000000002
2019-06-01,106.59999999999997,530.4,694.4000000000002,223.09999999999997
2019-06-02,213.8,619.3999999999999,947.6999999999999,262.40000000000003
2019-06-03,150.90000000000003,427.4,658.5999999999999,254.79999999999998
2019-06-04,470.3500000000001,909.25,1631.0500000000002,326.20000000000005
2019-06-05,176.6,485.79999999999995,756.4000000000001,215.10000000000002
2019-06-06,126.7,564.1000000000001,758.4000000000002,215.1
2019-06-07,416.50000000000006,941.6,1580.65,294.3
2019-06-08,189.29999999999998,486.6000000000001,777.0,164.39999999999998
2019-06-09,277.3,692.1,1117.4999999999998,237.69999999999996
2019-06-10,710.7,856.9999999999999,1946.3999999999996,223.0
2019-06-11,437.80000000000007,621.7,1292.8,204.79999999999998
2019-06-12,776.1,1062.8500000000001,2252.35,245.89999999999998
2019-06-13,83.19999999999999,420.1,548.3000000000001,156.60000000000002
2019-06-14,37.4,283.90000000000003,340.8,135.4
2019-06-15,42.90000000000001,289.1000000000001,355.1,145.70000000000002
2019-06-16,87.9,238.2,373.2,164.89999999999998
2019-06-17,50.2,330.20000000000005,407.1,186.9
2019-06-18,588.1,1129.6000000000001,2031.6999999999996,348.59999999999997
2019-06-19,971.4000000000001,1244.4999999999998,2733.7999999999993,536.4000000000001
2019-06-20,338.0,724.3,1243.3999999999999,223.59999999999997
2019-06-21,746.0000000000001,1191.7,2335.9000000000005,344.79999999999995
2019-06-22,714.2,990.0000000000001,2084.8,349.20000000000005
2019-06-23,241.00000000000003,750.3,1119.8,550.5
2019-06-24,436.2500000000001,1038.25,1707.45,838.85
2019-06-25,739.0000000000001,1037.2999999999997,2170.6,1182.3040816326532
2019-06-26,266.20000000000005,463.09999999999997,871.3,677.9999999999997
2019-06-27,300.8,473.2,934.6,240.59591836734705
2019-06-28,372.09999999999997,649.9999999999999,1220.6999999999998,416.9000000000001
2019-06-29,292.7,828.9,1276.9,622.0000000000002
2019-06-30,264.90000000000003,538.9999999999999,945.1,357.4
2019-07-01,572.9,821.8999999999999,1700.6,226.79999999999998
2019-07-02,711.5999999999999,865.9000000000001,1956.8000000000002,326.80000000000007
2019-07-03,669.3,961.9999999999999,1988.8000000000002,348.40000000000003
2019-07-04,1121.8999999999999,1506.7,3227.1000000000004,400.79999999999995
2019-07-05,671.3999999999999,1164.9,2194.5,387.69999999999993
2019-07-06,624.0999999999999,823.5000000000002,1779.6,281.6
2019-07-07,288.09999999999997,627.1,1069.1,277.29999999999995
2019-07-08,613.5000000000001,1129.8,2070.4999999999995,343.79999999999995
2019-07-09,495.2999999999999,1070.1999999999998,1829.6000000000001,366.99999999999994
2019-07-10,224.79999999999998,773.1000000000001,1117.8,325.6500000000001
2019-07-11,574.6999999999999,1042.6000000000001,1924.3,323.1
2019-07-12,694.9,956.3000000000002,2021.9999999999998,251.39999999999998
2019-07-13,467.50000000000006,634.7,1351.8999999999999,269.29999999999995
2019-07-14,370.79999999999995,580.2,1149.1999999999998,217.79999999999995
2019-07-15,688.8000000000001,774.4,1830.2,237.39999999999998
2019-07-16,444.29999999999995,1031.0,1711.9000000000005,388.9500000000001
2019-07-17,119.5,678.2,861.5,422.69999999999993
2019-07-18,330.5,690.7999999999998,1198.0,375.19999999999993
2019-07-19,104.60000000000002,480.50000000000006,641.0999999999999,269.91875
2019-07-20,181.39999999999998,388.70000000000005,667.0,306.18125
2019-07-21,122.9,386.70000000000005,575.0000000000001,224.5
2019-07-22,109.9,372.8999999999999,541.3,141.36818181818182
2019-07-23,867.4,1128.0,2457.9999999999995,115.8409090909091
2019-07-24,392.3,1011.8,1613.0,90.31363636363638
2019-07-25,757.8,1482.8999999999999,2644.8,64.78636363636365
2019-07-26,487.70000000000005,978.8000000000002,1726.8000000000002,39.25909090909093
2019-07-27,655.1999999999999,890.0,1894.8999999999999,13.731818181818193
2019-07-28,531.8000000000002,759.1,1574.4,-11.79545454545454
2019-07-29,106.00000000000001,565.5999999999999,728.6,179.6954545454545
2019-07-30,71.2,377.5999999999999,486.7000000000001,281.05
2019-07-31,237.79999999999998,531.6,896.1,300.7
2019-08-01,487.09999999999997,834.8999999999999,1582.0,412.6
2019-08-02,556.8999999999999,921.6,1775.3000000000004,534.9399999999999
2019-08-03,449.0,892.0,1580.3999999999996,455.76000000000005
2019-08-04,194.3,657.5999999999997,955.5999999999999,477.70909090909095
2019-08-05,157.8,460.50000000000006,702.3000000000001,431.89090909090913
2019-08-06,47.70000000000001,222.90000000000006,295.6,324.4652173913043
2019-08-07,195.4,472.8,772.6,208.6347826086957
2019-08-08,176.60000000000002,530.5,801.3999999999999,329.3777777777778
2019-08-09,118.39999999999999,422.50000000000006,604.0,458.5555555555556
2019-08-10,51.89999999999999,162.79999999999998,242.59999999999997,490.51666666666665
2019-08-11,203.1,424.2,735.5000000000001,335.15
2019-08-12,871.8000000000001,1128.2,2464.7999999999997,375.15000000000003
2019-08-13,458.79999999999995,956.0999999999999,1659.6999999999998,262.15000000000003
2019-08-14,60.6,437.9,531.0,254.3967741935485
2019-08-15,417.2,702.7,1342.3000000000002,297.7032258064516
2019-08-16,421.60000000000014,481.3999999999999,1127.8999999999996,296.61923076923074
2019-08-17,122.80000000000001,341.4,529.2,359.5807692307692
2019-08-18,95.39999999999999,370.7,516.4000000000001,256.09999999999997
2019-08-19,177.50000000000003,470.8999999999999,743.2,298.65000000000003
2019-08-20,420.00000000000006,1072.6000000000001,1717.2,390.8999999999999
2019-08-21,143.7,666.1999999999998,886.4000000000002,374.3999999999999
2019-08-22,149.70000000000002,627.5,857.3,378.9
2019-08-23,735.8999999999999,1213.1000000000001,2341.4000000000005,537.5571428571427
2019-08-24,978.0000000000001,1440.1,2939.5000000000005,842.9928571428571
2019-08-25,405.6,1322.6999999999998,1944.7999999999995,1042.3999999999999
2019-08-26,725.3000000000001,1462.4999999999998,2574.5000000000005,807.5000000000001
2019-08-27,937.8000000000002,1536.1999999999994,2974.0999999999995,1215.2139534883722
2019-08-28,99.80000000000001,473.6,626.4000000000001,721.7302325581397
2019-08-29,338.1000000000001,632.2,1151.2,316.0558139534884
2019-08-30,76.8,370.74999999999994,488.1499999999999,338.9000000000001
2019-08-31,249.3,608.9,991.5999999999998,267.05
2019-09-01,631.5999999999999,996.0000000000002,1964.1000000000001,274.15
2019-09-02,352.00000000000006,824.3,1363.4999999999998,348.2
2019-09-03,197.19999999999996,536.1999999999999,838.6,427.00000000000006
2019-09-04,336.29999999999995,520.0,1035.6,256.70000000000005
2019-09-05,774.6499999999999,1089.0,2276.5,352.6
2019-09-06,549.4,942.8,1785.1999999999998,395.40000000000003
2019-09-07,467.6,708.8999999999997,1425.6000000000001,287.20000000000005
2019-09-08,1027.9,1146.1,2722.4,403.40000000000003
2019-09-09,310.4,853.3000000000001,1329.4,317.4000000000001
2019-09-10,1390.9,1325.5000000000002,3458.3999999999996,492.0000000000001
2019-09-11,177.8,486.2499999999999,759.0000000000001,371.2347826086957
2019-09-12,207.80000000000004,499.1000000000001,818.0000000000003,469.304347826087
2019-09-13,577.5999999999998,843.4,1729.0,454.56086956521733
2019-09-14,1468.3,1507.3000000000002,3758.5999999999995,545.9
2019-09-15,528.3,1211.4999999999998,2021.7000000000003,391.6
2019-09-16,788.6,817.5999999999999,2026.4,403.70000000000005
2019-09-17,784.8999999999999,996.6999999999999,2200.2000000000003,408.99999999999994
2019-09-18,1133.4,1280.6000000000001,3018.8,529.2499999999999
2019-09-19,1697.95,1468.2500000000002,4071.5500000000006,600.6000000000001
2019-09-20,1346.4,1408.0999999999997,3472.8,649.2
2019-09-21,778.5,1615.5,2809.6000000000004,732.1
2019-09-22,349.49999999999994,901.9,1437.6,630.0931034482758
2019-09-23,93.99999999999999,388.29999999999995,531.8000000000001,332.09061748195666
2019-09-24,93.10000000000001,438.10000000000014,581.1,209.94418604651167
2019-09-25,302.70000000000005,570.2,1034.2,171.17209302325583
2019-09-26,125.39999999999999,406.00000000000006,598.1,236.9
2019-09-27,108.7,421.1,587.6999999999999,333.5999999999999
2019-09-28,112.5,384.9,556.9,221.20000000000002
2019-09-29,188.3,333.40000000000003,622.0,179.30000000000007
2019-09-30,325.5,607.8000000000001,1106.3,257.80000000000007
2019-10-01,289.20000000000005,553.6,996.5,264.0
2019-10-02,1236.2999999999997,1117.7000000000003,3013.5,359.6
2019-10-03,2129.399999999999,1158.5000000000002,4423.9,563.8000000000001
2019-10-04,802.8,902.6000000000001,2133.4,481.29999999999995
2019-10-05,523.3000000000001,943.9,1746.4999999999998,427.0
2019-10-06,377.80000000000007,746.5,1325.6,323.5
2019-10-07,602.1999999999999,810.3,1733.2000000000005,294.0
2019-10-08,224.64999999999998,733.3000000000001,1077.0,406.8
2019-10-09,317.2,762.2000000000002,1248.6,267.75
2019-10-10,292.8999999999999,561.9999999999998,1011.3000000000001,334.0000000000001
2019-10-11,113.4,376.40000000000003,550.4,188.3
2019-10-12,178.2,907.7000000000002,1180.8000000000002,211.5
2019-10-13,157.4,656.6999999999999,898.3,212.69999999999996
2019-10-14,1426.5,1290.5,3477.7999999999993,466.09999999999997
2019-10-15,282.59999999999997,746.8,1180.3999999999999,317.4
2019-10-16,1041.8999999999999,1082.4,2679.4,454.50000000000006
2019-10-17,681.5000000000001,1157.0,2202.2999999999997,417.7
2019-10-18,139.29999999999998,530.3000000000001,744.1,290.0
2019-10-19,591.5,891.4,1798.7999999999997,376.49999999999994
2019-10-20,1102.4999999999998,904.5,2595.2999999999993,511.7
2019-10-21,617.9000000000001,782.9000000000001,1730.6999999999998,365.00000000000006
2019-10-22,2686.3,1391.2999999999997,5510.299999999999,726.4
2019-10-23,3025.433333333332,1389.341666666667,6028.624999999999,911.1999999999998
2019-10-24,1428.4666666666665,1301.4083333333333,3492.1250000000005,772.2
2019-10-25,133.50000000000003,524.8,729.7000000000002,310.35
2019-10-26,211.1,479.79999999999995,803.4,304.4
2019-10-27,1055.5,1215.9999999999998,2834.5,458.3
2019-10-28,1678.2,1292.4,3865.4000000000005,580.4000000000001
2019-10-29,692.8386075949367,1042.4981012658227,2105.7696202531647,353.20000000000005
2019-10-30,857.7189873417722,1228.853164556962,2546.0506329113923,436.4
2019-10-31,842.772151898734,1192.7620253164555,2486.9924050632912,905.9
2019-11-01,827.8253164556962,1156.6708860759495,2427.93417721519,411.5999999999999
2019-11-02,812.8784810126581,1120.579746835443,2368.875949367089,239.6
2019-11-03,797.9316455696202,1084.4886075949366,2309.817721518987,429.09999999999997
2019-11-04,782.9848101265823,1048.3974683544302,2250.759493670886,506.2
2019-11-05,987.1,842.9000000000001,2356.4,445.90000000000003
2019-11-06,978.1999999999998,1246.8999999999999,2746.4,714.9999999999999
2019-11-07,666.5,1035.2,2057.2000000000003,321.8
2019-11-08,2568.2000000000003,1255.3,5192.75,605.8999999999999
2019-11-09,989.1999999999999,1178.0,2694.5,482.3999999999999
2019-11-10,1960.6999999999998,1075.2,4081.4,716.5
2019-11-11,594.6000000000003,987.3999999999997,1899.0,363.7
2019-11-12,380.6,885.5,1468.7999999999997,250.80000000000007
2019-11-13,622.5000000000001,1091.8000000000002,2045.9000000000003,338.09999999999997
2019-11-14,827.9000000000001,1290.8999999999999,2560.5999999999995,311.3
2019-11-15,443.50000000000006,704.1,1384.1,357.4
2019-11-16,1590.5,1301.0000000000002,3739.7,652.5
2019-11-17,3147.1000000000004,1518.8,6344.5,904.6999999999999
2019-11-18,1281.8,1288.2000000000003,3253.6,367.59999999999997
2019-11-19,5706.600000000001,2393.9999999999995,11144.049999999997,1006.6
2019-11-20,2900.3,1651.6999999999998,6098.899999999999,705.1
2019-11-21,963.5000000000001,1173.8,2651.1,732.2
2019-11-22,485.00000000000006,1191.4,1935.7000000000005,339.5
2019-11-23,720.4,1113.6999999999998,2217.8,508.20000000000005
2019-11-24,895.1999999999997,982.0,2354.7999999999997,521.9999999999999
2019-11-25,310.4999999999999,1010.8000000000003,1486.5000000000005,258.95
2019-11-26,114.2,762.6,937.5,237.8
2019-11-27,614.5,1255.1,2197.5,291.4
2019-11-28,832.1999999999999,916.0999999999999,2192.4,333.19999999999993
2019-11-29,2859.5000000000005,1471.9000000000003,5856.7,687.8000000000001
2019-11-30,1810.7999999999995,1438.1,4214.700000000001,510.40000000000003
2019-12-01,284.40000000000003,646.9999999999999,1083.1000000000001,218.89999999999998
2019-12-02,1771.1999999999998,1584.6999999999998,4300.6,620.0
2019-12-03,1704.0000000000002,1648.2,4260.6,654.8000000000001
2019-12-04,6632.1,2285.5,12454.599999999999,1153.8
2019-12-05,1884.3999999999999,1168.6,4057.7000000000003,642.1999999999998
2019-12-06,219.5,620.1999999999999,956.5000000000001,125.99999999999999
2019-12-07,167.3,699.6,955.9,265.1
2019-12-08,105.69999999999997,383.90000000000003,546.1999999999999,284.4
2019-12-09,957.2,981.1,2448.6,430.6500000000001
2019-12-10,511.7000000000001,695.3,1480.3000000000002,355.7
2019-12-11,310.80000000000007,941.3000000000001,1417.7,282.5
2019-12-12,141.4,955.2,1172.4,220.5
2019-12-13,481.65,787.6999999999999,1525.95,323.0
2019-12-14,154.40000000000003,604.0000000000001,840.4999999999999,344.7
2019-12-15,71.19999999999999,374.19999999999993,483.7,249.29999999999995
2019-12-16,955.8,1136.2,2601.7999999999997,385.00000000000006
2019-12-17,1051.8000000000002,1483.8,3096.499999999999,389.69999999999993
2019-12-18,2064.9999999999995,1221.7999999999997,4388.099999999999,498.90000000000003
2019-12-19,57.9,528.9,617.7,363.09999999999997
2019-12-20,544.0,1052.1,1886.3999999999999,195.89999999999998
2019-12-21,89.80000000000001,610.4000000000001,748.0,214.7
2019-12-22,216.39999999999998,713.0999999999999,1045.0,228.70000000000002
2019-12-23,236.40000000000003,785.6,1148.3,344.09999999999997
2019-12-24,194.10000000000005,722.4,1020.3,339.5
2019-12-25,1838.2,1133.7999999999997,3951.7999999999997,605.5
2019-12-26,788.4000000000002,869.8,2079.2000000000003,384.80000000000007
2019-12-27,1727.4500000000003,1135.6,3784.35,639.1999999999999
2019-12-28,780.5999999999999,743.3,1940.3,515.8000000000001
2019-12-29,76.60000000000001,484.6,602.4,421.80000000000007
2019-12-30,654.5,833.6999999999999,1836.8000000000002,602.2
2019-12-31,720.3999999999999,1025.7,2129.9,685.3
2020-01-01,951.3,1159.1999999999998,2617.6999999999994,1198.0
2020-01-02,50.6,468.0,545.3999999999999,246.29999999999995
2020-01-03,368.30000000000007,807.1,1372.0999999999997,296.8
2020-01-04,234.10000000000002,901.9999999999999,1260.6999999999998,308.40000000000003
2020-01-05,68.3,543.1999999999999,647.8000000000001,177.99999999999997
2020-01-06,87.9,502.09999999999997,636.8,296.8
2020-01-07,96.69999999999999,514.5,662.6999999999999,393.0999999999999
2020-01-08,337.5,905.4999999999998,1423.2999999999997,607.4
2020-01-09,85.00000000000001,413.6000000000001,543.8,189.89999999999998
2020-01-10,565.0000000000001,1020.6500000000001,1886.6499999999994,313.5
2020-01-11,42.800000000000004,269.0,334.1000000000001,315.00000000000006
2020-01-12,137.39999999999998,469.7,680.0000000000001,158.5
2020-01-13,49.900000000000006,365.20000000000005,441.99999999999994,238.90000000000003
2020-01-14,46.800000000000004,310.3,381.79999999999995,225.20000000000005
2020-01-15,138.79999999999998,665.0999999999999,878.0999999999999,240.0
2020-01-16,49.1,548.8,624.1000000000001,327.4
2020-01-17,189.30000000000004,745.1,1035.5,194.1
2020-01-18,973.3000000000001,1360.3,2852.7999999999997,479.1
2020-01-19,1753.8,1466.3,4155.7,666.9
2020-01-20,3661.4999999999995,1938.4,7552.200000000001,1083.3999999999999
2020-01-21,4360.9,2007.0999999999997,8694.0,963.2000000000002
2020-01-22,1769.6999999999998,1414.8,4128.3,790.7999999999998
2020-01-23,1990.8,1534.2,4586.6,661.5000000000001
2020-01-24,1043.0500000000002,1266.4499999999998,2866.0000000000005,538.0
2020-01-25,121.5,787.0,973.7000000000003,665.8
2020-01-26,110.3,502.1,671.0999999999999,497.0
2020-01-27,104.30000000000001,695.4,855.0999999999999,184.0
2020-01-28,287.7,832.3000000000002,1273.1,210.1
2020-01-29,268.20000000000005,856.4999999999999,1267.5,417.20000000000005
2020-01-30,149.90000000000003,654.1,884.8000000000001,198.00000000000003
2020-01-31,90.1,424.5,562.8,80.5
2020-02-01,160.49999999999997,510.49999999999994,756.6,394.29999999999995
2020-02-02,168.5,564.1999999999999,822.4000000000001,417.5
2020-02-03,321.0000000000001,725.1999999999999,1217.0,436.20000000000005
2020-02-04,649.2,954.7,1950.3,400.84999999999997
2020-02-05,2233.8,1701.4,5126.900000000001,916.4000000000001
2020-02-06,2812.0,1934.5000000000002,6245.6,1006.4999999999998
2020-02-07,1480.7000000000003,1194.5,3465.5,926.3999999999999
2020-02-08,77.80000000000001,491.40000000000003,611.1999999999999,397.9000000000001
2020-02-09,50.800000000000004,197.6,275.5,253.69999999999996
2020-02-10,261.09999999999997,530.4000000000001,930.7999999999998,264.1
2020-02-11,290.40000000000003,572.6,1017.4000000000001,358.0
2020-02-12,245.49999999999997,786.5,1163.2,284.1
2020-02-13,289.40000000000003,705.0999999999999,1148.6,211.6
2020-02-14,849.4,814.4000000000001,2117.0999999999995,473.1000000000001
2020-02-15,24.099999999999998,184.70000000000002,221.39999999999998,104.3
2020-02-16,54.300000000000004,274.6,358.2,73.4
2020-02-17,173.8,486.7,753.1999999999999,335.1
2020-02-18,157.29999999999998,587.1,828.5,245.1
2020-02-19,186.99999999999997,674.6999999999998,961.3,274.4
2020-02-20,192.80000000000004,508.90000000000003,804.8000000000001,139.89999999999998
2020-02-21,118.35000000000001,502.94999999999993,684.6999999999999,405.99999999999994
2020-02-22,149.1,364.29999999999995,592.7,389.5
2020-02-23,316.3,681.6,1166.5,179.8
2020-02-24,157.2,518.7,759.9,123.9
2020-02-25,249.29999999999998,669.8999999999999,1051.9,202.3
2020-02-26,432.0,885.7,1547.7000000000003,297.85
2020-02-27,635.6999999999999,1133.4,2108.3,292.79999999999995
2020-02-28,215.60000000000008,883.1999999999999,1213.8,240.19999999999996
2020-02-29,139.5,416.19999999999993,629.8000000000001,347.8
2020-03-01,99.39999999999999,413.59999999999997,566.1,243.50000000000003
2020-03-02,671.4999999999998,1088.5,2118.4,295.34999999999997
2020-03-03,414.8000000000001,1044.4,1680.7,353.50000000000006
2020-03-04,716.5000000000001,1258.3999999999996,2357.1000000000004,397.19999999999993
2020-03-05,264.2,571.8000000000001,976.8,309.79999999999995
2020-03-06,1913.0000000000002,1586.0000000000002,4518.7,679.2
2020-03-07,522.7000000000002,842.9,1644.0000000000002,565.5000000000001
2020-03-08,93.99999999999999,496.2,640.8,366.2474048442906
2020-03-09,263.49999999999994,668.4000000000002,1072.6000000000001,412.06505190311424
2020-03-10,209.39999999999998,449.8,770.9000000000001,404.2920415224912
2020-03-11,121.4,438.09999999999997,624.2,396.5190311418686
2020-03-12,208.59999999999997,466.9999999999999,786.8000000000001,388.7460207612456
2020-03-13,381.0999999999999,781.6999999999999,1366.1,380.9730103806229
2020-03-14,44.2,348.70000000000005,416.3,373.19999999999993
2020-03-15,150.3,516.7,747.0999999999999,365.42698961937725
2020-03-16,559.3000000000001,1047.0,1904.4000000000003,357.65397923875423
2020-03-17,110.9,492.59999999999997,663.2,349.8809688581316
2020-03-18,113.69999999999999,481.1,655.1999999999999,342.10795847750853
2020-03-19,348.20000000000005,659.9,1194.1999999999998,334.3349480968859
2020-03-20,187.3,381.6,668.7,316.8525951557093
2020-03-21,152.39999999999998,388.0999999999999,621.0,373.90000000000003
2020-03-22,104.60000000000001,366.40000000000003,526.5000000000001,396.2
2020-03-23,871.8999999999999,1283.0,2619.8,582.1
2020-03-24,824.0999999999999,1279.6,2543.500000000001,608.9
2020-03-25,1112.5999999999997,1166.9,2872.8,664.0999999999998
2020-03-26,262.2,697.0000000000001,1099.1000000000004,779.4
2020-03-27,176.79999999999998,468.2,739.3000000000001,801.9499999999999
2020-03-28,58.399999999999984,199.1,288.5,451.6000000000001
2020-03-29,46.2,147.19999999999996,219.0,260.4
2020-03-30,237.99999999999991,431.49999999999994,796.5999999999999,243.20000000000002
2020-03-31,228.49999999999994,620.3999999999999,970.8999999999999,326.1
2020-04-01,751.0999999999999,1182.3999999999999,2333.8000000000006,398.7
2020-04-02,262.00000000000006,653.1000000000001,1054.9,236.09999999999994
2020-04-03,647.9000000000001,984.3000000000001,1977.6999999999996,414.5
2020-04-04,931.5000000000002,860.1000000000001,2288.3999999999996,474.8999999999999
2020-04-05,145.79999999999998,571.8999999999999,795.3000000000002,404.3
2020-04-06,138.3,561.5999999999999,774.0,294.7
2020-04-07,718.1999999999997,969.1,2070.5,553.4999999999999
2020-04-08,384.50000000000006,1038.3,1628.15,1127.3
2020-04-09,452.90000000000003,947.0000000000001,1641.7,1087.8999999999999
2020-04-10,193.29999999999998,755.6,1052.1000000000001,859.5000000000001
2020-04-11,591.0,1152.8999999999999,2059.2,840.1999999999999
2020-04-12,181.4,713.8999999999999,991.5000000000001,589.4000000000002
2020-04-13,55.800000000000004,155.90000000000003,241.59999999999997,327.30000000000007
2020-04-14,245.29999999999998,672.4000000000001,1048.2,324.70000000000005
2020-04-15,641.5000000000002,1105.6000000000004,2089.1,717.5999999999999
2020-04-16,545.9999999999998,1138.9,1976.5999999999997,1092.85
2020-04-17,166.40000000000003,444.2,699.4,375.90000000000003
2020-04-18,206.59999999999997,579.8000000000001,896.5999999999999,533.9000000000001
2020-04-19,115.30000000000001,343.1000000000001,519.7,420.10000000000014
2020-04-20,146.10000000000002,365.09999999999997,589.1999999999999,447.8999999999999
2020-04-21,124.99999999999999,368.2,560.1,536.2
2020-04-22,209.0,561.5,881.7,601.85
2020-04-23,320.6,800.6999999999999,1292.5,685.9
2020-04-24,359.7,813.1,1364.1000000000001,642.4
2020-04-25,128.2,521.8000000000001,718.3000000000001,386.6000000000001
2020-04-26,293.1000000000001,713.1999999999997,1162.6999999999998,458.6
2020-04-27,324.3,860.6,1358.1999999999998,565.9
2020-04-28,185.20000000000002,497.49999999999994,781.1999999999999,174.20000000000002
2020-04-29,75.69999999999999,361.2999999999999,477.7000000000001,208.90000000000003
2020-04-30,58.7,315.70000000000005,406.1,178.79999999999998
2020-05-01,233.0,590.2,947.8999999999999,195.79999999999998
2020-05-02,485.7,864.9,1609.3000000000002,277.6
2020-05-03,335.69999999999993,810.7,1324.6999999999998,351.69999999999993
2020-05-04,259.75,638.1000000000001,1036.7,357.9000000000001
2020-05-05,167.39999999999995,452.0,708.4999999999999,258.3
2020-05-06,238.20000000000002,671.3,1036.5,424.7
2020-05-07,418.69999999999993,790.8000000000001,1432.8000000000002,515.7
2020-05-08,287.79999999999995,1189.7,1630.3999999999999,563.5
2020-05-09,346.6,1015.8000000000002,1547.4000000000003,777.0
2020-05-10,53.7,316.30000000000007,398.59999999999997,425.7
2020-05-11,126.3,281.5,475.09999999999997,216.6
2020-05-12,574.7,922.4999999999999,1803.3999999999996,269.6
2020-05-13,209.2,473.1,794.0000000000001,215.5
2020-05-14,249.8,525.5,908.7,180.79999999999998
2020-05-15,715.6000000000001,1074.0000000000002,2171.0000000000005,383.8999999999999
2020-05-16,525.5,1010.4,1816.2000000000003,330.3
2020-05-17,318.0000000000001,656.9000000000002,1144.4999999999998,338.2999999999998
2020-05-18,171.75000000000003,541.4999999999999,804.6999999999999,215.49024390243906
2020-05-19,304.9,756.3000000000001,1223.6,157.609756097561
2020-05-20,341.80000000000007,720.5,1244.8,108.4390243902439
2020-05-21,533.9499999999999,924.7499999999999,1743.0000000000002,118.36097560975612
2020-05-22,106.9,321.6,486.0999999999999,364.99999999999994
2020-05-23,130.9,240.20000000000002,440.59999999999997,326.55
2020-05-24,369.3,623.3,1190.0,374.50000000000006
2020-05-25,288.20000000000005,786.0,1227.3999999999996,361.1
2020-05-26,580.5999999999998,1037.3,1927.0,412.90000000000003
2020-05-27,400.7999999999999,895.2,1509.8999999999999,374.80000000000007
2020-05-28,252.69999999999996,537.6,924.6,273.3
2020-05-29,320.1,692.1000000000001,1181.7999999999997,290.2
2020-05-30,188.10000000000002,537.2,825.3,371.50000000000006
2020-05-31,102.0,371.8,528.3,287.40000000000003
2020-06-01,262.59999999999997,645.1999999999998,1048.1,322.40000000000003
2020-06-02,541.1999999999999,1084.0,1913.8,407.6
2020-06-03,458.2,834.0,1536.3000000000002,386.69999999999993
2020-06-04,363.0,616.3,1172.5,204.89999999999998
2020-06-05,386.0999999999999,603.5000000000001,1196.2,189.00000000000006
2020-06-06,276.79999999999995,502.3,926.4000000000001,184.90000000000003
2020-06-07,258.20000000000005,498.99999999999994,895.0,179.40000000000003
2020-06-08,317.8,533.8000000000001,1020.9000000000002,248.70000000000002
2020-06-09,542.3000000000001,872.5999999999999,1703.8999999999999,336.4
2020-06-10,87.9,469.8999999999999,605.0,310.30000000000007
2020-06-11,214.9,485.69999999999993,815.3000000000001,334.6
2020-06-12,265.6,713.7499999999998,1121.1499999999999,556.2
2020-06-13,284.80000000000007,712.4999999999999,1149.1000000000001,377.2
2020-06-14,59.79999999999999,364.19999999999993,456.19999999999993,342.9000000000001
2020-06-15,221.9,689.5,1029.9,304.15
2020-06-16,115.70000000000002,507.2,684.6,259.75000000000006
2020-06-17,798.9000000000001,1066.2,2291.1,413.6999999999999
2020-06-18,216.09999999999997,482.79999999999995,814.6,175.3
2020-06-19,48.1,250.1,323.40000000000003,215.6
2020-06-20,27.1,230.20000000000005,271.59999999999997,206.90000000000003
2020-06-21,125.20000000000002,300.6000000000001,492.7,229.1
2020-06-22,67.1,294.4,397.5,332.99999999999994
2020-06-23,149.1,532.2,760.8999999999999,390.903076923077
2020-06-24,334.49999999999994,1137.6999999999998,1650.7000000000003,397.86461538461543
2020-06-25,279.00000000000006,1152.8999999999999,1580.3999999999994,454.2323076923077
2020-06-26,188.29999999999995,682.1999999999997,970.7,498.1
2020-06-27,31.799999999999997,143.6,191.9,213.29999999999998
2020-06-28,91.7,216.5,356.7,175.49999999999994
2020-06-29,167.79999999999998,328.49999999999994,585.9000000000001,273.1
2020-06-30,110.80000000000001,328.0,497.29999999999995,161.70000000000005
2020-07-01,124.30000000000001,308.2999999999999,498.7999999999999,164.0
2020-07-02,336.30000000000007,555.3000000000001,1071.1999999999998,197.39999999999995
2020-07-03,130.0,301.9999999999999,501.45,233.89999999999998
2020-07-04,63.6,169.0,266.29999999999995,134.8
2020-07-05,152.39999999999998,227.3,461.09999999999997,244.0
2020-07-06,438.59999999999997,661.1,1333.5,290.1
2020-07-07,290.2,669.3000000000002,1114.2,286.00000000000006
2020-07-08,254.1,406.29999999999995,795.5000000000001,149.30000000000004
2020-07-09,197.10000000000005,337.09999999999997,638.9000000000001,145.9
2020-07-10,666.6999999999999,808.1999999999999,1830.2,251.39999999999998
2020-07-11,622.3999999999999,827.1999999999999,1781.8999999999999,301.2
2020-07-12,472.09999999999997,759.4000000000001,1483.1000000000001,357.3
2020-07-13,349.1,689.5999999999999,1224.9,259.1
2020-07-14,685.6,793.1999999999999,1844.3,311.99999999999994
2020-07-15,530.5,679.1000000000001,1493.2000000000003,243.60000000000005
2020-07-16,651.8000000000001,719.3999999999999,1718.6999999999998,261.70000000000005
2020-07-17,604.0,750.6999999999999,1677.3000000000002,343.7
2020-07-18,342.3,571.5,1096.5,281.45
2020-07-19,285.1,478.70000000000005,915.9999999999998,198.79999999999998
2020-07-20,511.30000000000007,715.2,1499.2,295.90000000000003
2020-07-21,676.1,950.4000000000001,1986.8,346.1000000000001
2020-07-22,88.95000000000002,472.34999999999997,608.6999999999999,348.1
2020-07-23,114.19999999999999,471.2,646.4,307.75
2020-07-24,218.70000000000002,383.5999999999999,719.1999999999999,208.10000000000005
2020-07-25,52.49999999999999,246.5,327.00000000000006,146.99999999999997
2020-07-26,101.10000000000001,267.4,422.70000000000005,227.25
2020-07-27,83.49999999999999,253.10000000000005,381.40000000000003,195.59999999999997
2020-07-28,440.59999999999985,625.1999999999999,1300.3,231.10000000000002
2020-07-29,485.0,904.2999999999997,1648.3999999999999,289.40000000000003
2020-07-30,251.49999999999997,828.3999999999999,1214.3000000000002,317.4
2020-07-31,361.19999999999993,1016.6999999999999,1570.5000000000002,523.3904761904761
2020-08-01,280.7,489.40000000000003,920.8000000000001,247.90952380952385
2020-08-02,272.0,509.6,926.9000000000001,206.1
2020-08-03,525.1,795.0000000000001,1599.7000000000003,282.90000000000003
2020-08-04,611.6999999999999,557.7,1495.2,296.4
2020-08-05,26.3,173.99999999999997,215.29999999999998,184.60000000000002
2020-08-06,113.79999999999998,498.20000000000005,672.8999999999999,150.03141361256544
2020-08-07,1060.7,1486.6000000000004,3113.2000000000003,157.25026178010467
2020-08-08,338.79999999999995,872.4,1392.1000000000001,156.3455497382199
2020-08-09,101.89999999999999,550.0999999999999,706.3,155.44083769633505
2020-08-10,207.7,926.5999999999999,1245.3,154.53612565445027
2020-08-11,386.84999999999997,1533.6499999999999,2126.5,153.63141361256544
2020-08-12,277.90000000000003,1413.1,1838.8,152.7267015706806
2020-08-13,229.0,715.2,1066.1,151.8219895287958
2020-08-14,467.2,787.5000000000001,1503.1999999999998,440.3157068062827
2020-08-15,315.20000000000005,605.4999999999999,1089.3,517.5
2020-08-16,299.29999999999995,785.1000000000001,1243.6000000000001,737.9
2020-08-17,574.9,798.6,1680.0,342.00000000000006
2020-08-18,60.099999999999994,284.4,376.4,178.70000000000002
2020-08-19,252.49999999999994,583.9,971.3999999999999,224.49999999999997
2020-08-20,48.7,347.4,421.6,389.1
2020-08-21,36.8,181.79999999999995,238.79999999999995,347.7
2020-08-22,89.39999999999999,284.20000000000005,421.0,254.3
2020-08-23,180.70000000000002,378.7,655.7000000000002,228.89999999999998
2020-08-24,213.40000000000003,478.9000000000001,805.9,215.64999999999995
2020-08-25,46.10000000000001,228.20000000000002,298.70000000000005,182.49999999999997
2020-08-26,344.0,640.5999999999999,1168.1999999999998,253.00000000000003
2020-08-27,266.3,666.3,1074.9999999999998,274.59999999999997
2020-08-28,365.1,568.9999999999999,1128.9999999999998,190.29999999999998
2020-08-29,253.20000000000007,412.8,801.2000000000002,213.80000000000004
2020-08-30,257.7,465.70000000000005,861.3000000000001,256.3
2020-08-31,949.9,1052.8,2508.7999999999997,314.79999999999995
2020-09-01,1278.5999999999997,1397.3000000000002,3357.6000000000004,436.7
2020-09-02,618.9000000000002,810.9999999999999,1759.6999999999998,378.19999999999993
2020-09-03,122.9,352.40000000000003,540.5,213.10000000000005
2020-09-04,277.7,621.0,1046.9,296.0
2020-09-05,487.09999999999997,796.2000000000002,1543.0000000000002,307.20000000000005
2020-09-06,837.0,1030.4,2313.4000000000005,370.3
2020-09-07,703.3,732.6999999999999,1810.9,284.8
2020-09-08,249.39999999999995,448.0,830.4,209.35
2020-09-09,512.8,737.2,1523.9999999999995,270.0
2020-09-10,1144.4,1300.9999999999998,3055.6,424.4
2020-09-11,701.6999999999999,881.4000000000002,1957.6000000000004,339.1000000000001
2020-09-12,204.4,537.9999999999999,851.3000000000001,253.19999999999996
2020-09-13,117.70000000000002,410.20000000000005,590.3,264.4
2020-09-14,1332.1,1279.9,3321.7999999999997,534.8000000000002
2020-09-15,593.9000000000001,1712.2999999999997,2622.5,902.55
2020-09-16,262.9,722.4999999999999,1125.7999999999997,600.8000000000001
2020-09-17,242.39999999999998,468.99999999999994,840.3,322.40000000000003
2020-09-18,314.6,546.0,1028.3,316.80000000000007
2020-09-19,153.6,429.2,664.6,358.20000000000005
2020-09-20,108.80000000000001,400.4,567.4999999999999,385.49999999999994
2020-09-21,1149.6999999999998,1324.3999999999999,3087.3999999999996,592.7
2020-09-22,970.1999999999999,892.8,2380.3999999999996,545.9000000000001
2020-09-23,96.70000000000002,437.70000000000005,585.9,213.3
2020-09-24,151.5,555.4000000000001,788.4000000000001,153.7
2020-09-25,442.80000000000007,609.5999999999998,1288.8999999999999,215.3
2020-09-26,304.59999999999997,448.3,915.5999999999998,198.65000000000003
2020-09-27,180.0,357.59999999999997,633.5,190.10000000000002
2020-09-28,764.1,1021.3,2192.8,367.9
2020-09-29,1000.8000000000001,875.7,2410.4000000000005,500.19999999999993
2020-09-30,74.7,449.99999999999994,564.4000000000002,201.8
2020-10-01,302.5999999999999,772.1,1236.3000000000002,206.00000000000006
2020-10-02,282.35,675.4500000000002,1108.65,179.1
2020-10-03,90.4,437.69999999999993,576.5999999999999,233.75
2020-10-04,89.19999999999999,339.6000000000001,476.6,69.60000000000001
2020-10-05,304.80000000000007,651.5,1118.3000000000002,231.9
2020-10-06,277.19999999999993,536.9999999999999,961.8,149.20000000000002
2020-10-07,337.1,689.2,1206.6999999999998,232.79999999999998
2020-10-08,566.2,652.1,1520.7,209.2
2020-10-09,902.5999999999999,1018.7,2402.3,280.25
2020-10-10,413.6,734.5,1368.6,210.70000000000005
2020-10-11,702.6000000000001,758.6999999999999,1836.1999999999998,227.60000000000002
2020-10-12,531.7,774.8,1590.3000000000002,251.3
2020-10-13,767.1999999999997,754.5000000000001,1930.9,247.20000000000002
2020-10-14,369.70000000000005,613.2,1179.9999999999998,291.15000000000003
2020-10-15,457.55000000000007,629.65,1331.3500000000004,216.95
2020-10-16,694.1,873.0,1937.9,284.85
2020-10-17,605.2,947.6999999999998,1875.4999999999998,252.29999999999998
2020-10-18,753.1000000000001,990.5,2144.9,400.1
2020-10-19,191.89999999999998,719.4,1013.8999999999999,358.1
2020-10-20,35.70000000000001,424.2,478.7,345.00000000000006
2020-10-21,554.0999999999999,833.6000000000003,1683.1999999999996,244.5
2020-10-22,346.5,666.0,1197.3,265.15000000000003
2020-10-23,109.1,582.1,749.9,249.1
2020-10-24,144.0,408.2,628.4999999999997,160.3
2020-10-25,26.6,345.90000000000003,387.0,133.2
2020-10-26,224.0999999999999,764.9,1108.7,233.89999999999998
2020-10-27,160.20000000000002,701.3000000000001,946.9000000000001,208.39999999999998
2020-10-28,110.00000000000003,524.4000000000001,692.9999999999999,222.9
2020-10-29,80.09999999999998,447.50000000000006,570.1000000000001,201.45000000000002
2020-10-30,45.9,336.6,407.09999999999997,148.99999999999997
2020-10-31,61.0,335.8,429.49999999999994,251.90000000000003
2020-11-01,30.2,212.89999999999998,259.4,223.49999999999997
2020-11-02,142.7,347.5,566.3000000000001,196.64999999999995
2020-11-03,424.6,973.2,1624.2,270.0
2020-11-04,3093.0000000000005,1613.5,6356.799999999999,677.6999999999999
2020-11-05,4254.400000000001,1609.3999999999999,8132.2,1671.0000000000002
2020-11-06,2518.7999999999993,1481.0,5342.8,1335.1
2020-11-07,1849.7000000000003,1253.2,4089.9,966.8
2020-11-08,823.0,865.9,2127.4999999999995,909.3999999999999
2020-11-09,1150.9,1135.1,2899.7,494.49999999999994
2020-11-10,710.8999999999999,916.6999999999999,2006.5999999999997,367.29999999999995
2020-11-11,530.3999999999999,680.3,1493.5,270.4
2020-11-12,112.49999999999999,625.3000000000001,797.2500000000001,205.20000000000002
2020-11-13,167.89999999999998,783.8999999999999,1041.0,248.10000000000005
2020-11-14,25.700000000000003,408.3,447.7000000000001,282.40000000000003
2020-11-15,41.6,255.6,319.00000000000006,152.50000000000003
2020-11-16,191.89999999999998,527.8000000000001,822.1,194.39999999999998
2020-11-17,62.4,301.40000000000003,397.2999999999999,188.00000000000006
2020-11-18,90.30000000000001,331.40000000000003,469.7,262.2
2020-11-19,809.7,958.1,2199.1000000000004,402.3
2020-11-20,406.2,879.6,1502.6,278.0
2020-11-21,103.80000000000003,417.1,576.8000000000001,158.10000000000002
2020-11-22,1214.0000000000002,1089.7,2950.8,321.3
2020-11-23,2042.1000000000004,1208.6,4339.799999999999,450.9
2020-11-24,40.4,545.0,607.3,211.6
2020-11-25,468.3,936.3000000000001,1654.2999999999997,371.50000000000006
2020-11-26,2422.8,1568.1000000000004,5283.199999999999,604.9000000000001
2020-11-27,2577.8,1348.9999999999998,5301.499999999999,641.9000000000002
2020-11-28,880.7999999999998,1303.2,2653.7,912.6
2020-11-29,551.8000000000001,1113.6,1959.8000000000002,722.9
2020-11-30,702.4888888888888,803.0999999999999,1880.2999999999997,319.755319148936
2020-12-01,930.2111111111112,1129.1000000000001,2554.6,266.01702127659576
2020-12-02,1270.6,1417.1999999999998,3365.2,228.02553191489346
2020-12-03,296.4,1141.8,1595.8,190.0340425531915
2020-12-04,303.7,860.6000000000001,1326.4,202.768085106383
2020-12-05,746.1000000000001,1265.8,2409.3,298.70000000000005
2020-12-06,762.3,910.8000000000002,2079.3999999999996,345.5
2020-12-07,1531.6999999999998,1225.6,3573.9999999999995,438.3
2020-12-08,1851.6000000000001,1297.1999999999998,4135.900000000001,600.3000000000001
2020-12-09,488.4,1166.4,1915.2999999999997,369.90000000000003
2020-12-10,383.19999999999993,939.7000000000002,1527.3999999999999,393.70000000000005
2020-12-11,1081.3000000000002,1251.5,2909.7000000000003,352.40000000000003
2020-12-12,640.0,981.4999999999999,1962.1000000000001,306.7499999999999
2020-12-13,477.8000000000002,798.9,1531.5,211.39999999999998
2020-12-14,98.10000000000001,432.1,582.4,204.4
2020-12-15,121.39999999999999,574.9,760.7000000000002,214.4000000000001
2020-12-16,112.69999999999999,657.4,830.3000000000001,213.1
2020-12-17,151.00000000000003,491.19999999999993,722.8,199.30000000000004
2020-12-18,59.400000000000006,277.1,368.59999999999997,161.7
2020-12-19,62.900000000000006,263.19999999999993,359.90000000000003,206.7
2020-12-20,73.40000000000002,281.70000000000005,394.5,166.70000000000002
2020-12-21,115.89999999999999,406.0,584.0000000000001,111.89999999999999
2020-12-22,1203.5,961.5,2806.7,374.40000000000003
2020-12-23,177.19999999999993,540.4,812.5,155.3
2020-12-24,250.8,367.0,751.4999999999999,136.9
2020-12-25,234.10000000000002,565.4,924.4,230.0
2020-12-26,89.69999999999999,292.1,429.29999999999995,125.54999999999998
2020-12-27,404.80000000000007,557.3000000000001,1177.5,202.40000000000003
2020-12-28,1190.9999999999998,1124.4,2950.500000000001,471.30000000000007
2020-12-29,640.7,842.0999999999999,1824.3000000000002,378.3
2020-12-30,1655.1,1243.5000000000005,3780.8999999999996,536.7
2020-12-31,949.4,1030.7,2486.5000000000005,494.30000000000007
2021-01-01,481.7,727.6,1465.6999999999998,608.1
2021-01-02,635.0,773.0999999999999,1746.6999999999998,252.89999999999998
2021-01-03,189.99999999999997,385.8,677.0999999999999,215.20000000000005
2021-01-04,175.1,329.8,597.9,141.4
2021-01-05,262.59999999999997,386.59999999999997,789.8000000000002,136.89999999999998
2021-01-06,541.6,634.9999999999999,1465.6000000000001,207.4
2021-01-07,972.2500000000001,1090.2000000000003,2581.0,514.8000000000001
2021-01-08,1087.2,1039.6999999999998,2707.2000000000003,648.8999999999999
2021-01-09,1681.3,1197.8,3775.3999999999987,622.7
2021-01-10,275.49999999999994,805.5999999999999,1227.2999999999997,455.4
2021-01-11,215.5,666.4999999999999,997.3000000000001,214.3
2021-01-12,840.7999999999998,1098.2,2387.5,255.1
2021-01-13,1120.7,1233.6000000000001,2951.7000000000003,492.8999999999999
2021-01-14,502.7,924.9000000000002,1695.5999999999995,148.89999999999998
2021-01-15,2493.5000000000005,1332.0000000000002,5155.4,661.5
2021-01-16,282.00000000000006,763.2,1195.8000000000002,248.8
2021-01-17,259.2,725.9000000000001,1123.2,260.09999999999997
2021-01-18,315.1,794.8,1278.1999999999998,246.20000000000005
2021-01-19,129.39999999999998,353.20000000000005,551.1999999999999,90.6
2021-01-20,32.9,252.69999999999996,303.0,170.1
2021-01-21,148.20000000000002,601.25,828.9,151.7
2021-01-22,376.00000000000006,990.3999999999997,1566.9999999999998,275.3
2021-01-23,568.5,1052.3999999999999,1924.2,307.9
2021-01-24,724.6999999999998,1289.3999999999999,2400.9,405.9
2021-01-25,547.7,1082.3,1921.8999999999999,324.6
2021-01-26,755.1000000000001,1032.1,2190.2,310.8
2021-01-27,697.2,1126.0,2195.5,348.9
2021-01-28,329.7,726.2,1231.8999999999996,197.3
2021-01-29,315.2,771.0000000000002,1254.1999999999998,218.60000000000002
2021-01-30,166.99999999999997,519.6,775.5999999999999,202.99999999999997
2021-01-31,257.4,629.4,1023.6000000000001,311.09999999999997
2021-02-01,678.8,850.9000000000001,1892.3999999999996,448.0
2021-02-02,265.7,661.4,1069.2000000000003,361.40000000000003
2021-02-03,332.9000000000001,879.2999999999998,1390.1,281.2
2021-02-04,1173.2000000000003,1146.9999999999998,2945.7999999999993,378.99999999999994
2021-02-05,118.90000000000002,679.5999999999999,861.8,206.19999999999996
2021-02-06,520.4000000000001,739.3999999999999,1537.3,309.2
2021-02-07,69.0,194.0,300.3,259.8
2021-02-08,171.99999999999997,369.8,632.9999999999999,180.60000000000002
2021-02-09,179.5,459.6000000000001,735.2,168.09999999999997
2021-02-10,297.6499999999999,605.0,1061.2,227.44999999999996
2021-02-11,424.4,891.6,1542.4,438.2
2021-02-12,267.3,681.3,1091.2,457.6
2021-02-13,121.0,511.8,697.2,367.1
2021-02-14,32.9,444.6,495.3999999999999,342.8999999999999
2021-02-15,144.49999999999997,599.8000000000002,821.8000000000003,264.8
2021-02-16,100.5,457.09999999999997,610.6999999999999,249.29999999999995
2021-02-17,27.8,260.2,302.7,207.90000000000003
2021-02-18,84.8,429.09999999999997,559.3,194.90000000000003
2021-02-19,29.7,400.8,446.7,222.70000000000002
2021-02-20,28.699999999999992,326.59999999999997,370.1000000000001,529.8000000000001
2021-02-21,259.5,683.5,1081.3999999999999,508.7
2021-02-22,1323.5999999999997,1170.8000000000002,3199.7,719.8
2021-02-23,43.300000000000004,353.00000000000006,419.80000000000007,242.80000000000004
2021-02-24,33.300000000000004,293.0,344.00000000000006,259.8
2021-02-25,508.49999999999994,878.0999999999999,1657.0,337.15
2021-02-26,1634.6000000000001,1371.4,3877.6,577.8
2021-02-27,1444.5000000000007,1235.6000000000001,3450.1999999999994,718.5999999999999
2021-02-28,294.09999999999997,671.0000000000001,1122.0,581.9000000000002
2021-03-01,273.6,550.2,970.0,703.7000000000002
2021-03-02,673.7000000000002,766.9999999999999,1799.8,1054.7
2021-03-03,1028.6,1014.5999999999999,2592.0,994.4
2021-03-04,367.80000000000007,630.9,1194.5000000000002,396.0
2021-03-05,252.4,546.6000000000001,933.8000000000001,210.2
2021-03-06,272.4,688.0000000000001,1106.4,268.6
2021-03-07,996.5,1108.9999999999998,2637.2000000000003,625.4
2021-03-08,969.2,1384.9999999999998,2870.8000000000006,916.5999999999998
2021-03-09,424.09999999999997,829.3499999999999,1479.8,457.80000000000007
2021-03-10,34.50000000000001,282.3,335.0,327.6000000000001
2021-03-11,172.1,379.8,643.4999999999999,227.89999999999998
2021-03-12,117.89999999999999,398.3999999999999,579.4,178.4
2021-03-13,200.0,460.7,767.7,144.40000000000003
2021-03-14,200.1,426.20000000000005,733.0,166.40000000000003
2021-03-15,523.7000000000002,957.7,1760.4,321.59999999999997
2021-03-16,348.50000000000006,675.3,1210.1,300.6
2021-03-17,586.9000000000001,816.1000000000001,1715.6,377.4
2021-03-18,528.0000000000001,793.4999999999999,1603.1999999999998,361.69999999999993
2021-03-19,223.6,456.59999999999997,799.4,172.2
2021-03-20,564.3000000000001,937.9999999999999,1803.5000000000002,349.3
2021-03-21,567.4,688.3,1558.0,333.90000000000003
2021-03-22,1086.8,1337.8,3004.399999999999,579.9
2021-03-23,636.2999999999998,805.8000000000001,1781.1999999999996,555.9999999999999
2021-03-24,132.85,644.2499999999998,848.0,598.2499999999999
2021-03-25,104.49999999999999,485.29999999999995,645.0999999999999,323.6
2021-03-26,94.59999999999998,390.4,535.0,252.55000000000004
2021-03-27,151.1,375.20000000000005,606.7,290.3
2021-03-28,35.7,207.5,262.3,334.8
2021-03-29,101.8,504.30000000000007,660.3000000000001,404.4
2021-03-30,1745.7999999999997,1661.3,4338.3,932.4999999999998
2021-03-31,2054.2999999999997,1934.1000000000004,5083.9,1070.1
2021-04-01,305.20000000000005,553.6999999999998,1021.8000000000003,584.6
2021-04-02,118.0,294.7999999999999,475.49999999999994,209.90000000000003
2021-04-03,131.3,334.6,535.5000000000002,338.05000000000007
2021-04-04,249.99999999999997,747.1,1130.4,457.0
2021-04-05,182.7,389.6,669.3000000000001,242.60000000000002
2021-04-06,423.59999999999997,672.0999999999998,1321.5,225.4
2021-04-07,482.0000000000001,872.5999999999999,1611.4,271.30000000000007
2021-04-08,104.59999999999998,560.2,720.6999999999999,229.1
2021-04-09,219.50000000000003,599.8,936.2,247.75
2021-04-10,158.6,446.29999999999995,689.8000000000001,236.20000000000005
2021-04-11,293.40000000000003,651.1,1101.3,227.80000000000004
2021-04-12,833.3000000000001,1274.8999999999999,2552.4999999999995,390.90000000000003
2021-04-13,1498.3999999999999,1415.1000000000001,3712.4000000000005,534.8499999999999
2021-04-14,586.8000000000002,969.9000000000002,1869.3,420.09999999999997
2021-04-15,348.5999999999999,704.2,1239.1999999999998,227.00000000000003
2021-04-16,598.2000000000002,1032.0,1948.5,359.80000000000007
2021-04-17,378.4,874.3000000000002,1454.2999999999997,276.35
2021-04-18,520.8,1014.8000000000002,1812.9,335.2
2021-04-19,754.5000000000001,1229.5000000000002,2386.6,607.9000000000001
2021-04-20,870.3000000000001,1350.1000000000001,2685.0,960.1500000000001
2021-04-21,522.7,885.8999999999999,1687.6999999999998,889.9000000000002
2021-04-22,288.49999999999994,650.8999999999999,1093.5000000000002,306.1000000000001
2021-04-23,504.30000000000007,845.5999999999998,1618.6000000000006,348.40000000000003
2021-04-24,370.5,730.6000000000001,1298.3000000000004,386.79999999999995
2021-04-25,102.6,254.00000000000003,411.90000000000003,248.74999999999997
2021-04-26,214.10000000000002,500.99999999999994,830.0,246.54999999999998
2021-04-27,717.7,1295.6999999999996,2395.9999999999995,711.7999999999998
2021-04-28,275.90000000000003,648.8,1072.2,525.9499999999998
2021-04-29,484.5,810.8999999999999,1553.9,305.0
2021-04-30,624.4000000000001,1000.4,1958.2,413.9000000000001
2021-05-01,367.3,784.1,1347.1000000000001,389.8999999999999
2021-05-02,341.7000000000001,812.5999999999999,1336.3,428.3500000000001
2021-05-03,44.4,261.4,329.99999999999994,275.3
2021-05-04,310.7,475.99999999999994,952.5,179.0
2021-05-05,437.5,710.0,1380.8,186.60000000000002
2021-05-06,482.1999999999999,892.6,1631.9000000000003,242.20000000000002
2021-05-07,389.7,685.5,1283.4,240.80000000000004
2021-05-08,67.49999999999999,346.00000000000006,449.80000000000007,263.00000000000006
2021-05-09,59.599999999999994,256.30000000000007,348.0,213.99999999999997
2021-05-10,44.300000000000004,208.89999999999998,277.3999999999999,222.59999999999997
2021-05-11,457.1000000000001,645.0000000000001,1346.1999999999996,261.0499999999999
2021-05-12,87.6,413.29999999999995,547.75,254.30000000000004
2021-05-13,321.90000000000003,853.3,1346.7999999999997,320.7
2021-05-14,437.2,897.4,1567.8999999999999,374.90000000000003
2021-05-15,318.59999999999997,739.6000000000001,1228.2,313.19999999999993
2021-05-16,91.9,399.5000000000001,539.9,186.8
2021-05-17,477.1,826.9000000000001,1558.6000000000001,266.69999999999993
2021-05-18,248.30000000000004,656.5000000000002,1037.3,246.24999999999997
2021-05-19,400.50000000000006,806.8000000000002,1420.7000000000003,206.15
2021-05-20,78.10000000000001,406.2,525.9999999999999,227.65000000000003
2021-05-21,59.9,228.70000000000002,320.29999999999995,163.5
2021-05-22,426.29999999999995,763.5,1417.1,149.70000000000002
2021-05-23,46.699999999999996,293.6,365.40000000000003,135.49999999999997
2021-05-24,168.50000000000003,474.70000000000005,732.9000000000001,123.05000000000003
2021-05-25,411.10000000000014,654.4,1284.8999999999999,163.45000000000002
2021-05-26,474.55000000000007,890.8,1618.0499999999997,263.94999999999993
2021-05-27,466.80000000000007,1006.0999999999998,1722.0,419.95
2021-05-28,495.40000000000003,1196.3000000000004,1955.6999999999998,541.95
2021-05-29,212.39999999999998,707.4,1032.9,418.45000000000005
2021-05-30,120.1,440.90000000000003,624.9999999999999,378.2
2021-05-31,152.09999999999997,597.3000000000001,830.6,483.35
2021-06-01,296.6,940.5999999999999,1395.0,489.5999999999999
2021-06-02,310.40000000000003,1175.0000000000002,1650.9000000000003,560.2
2021-06-03,171.30000000000004,667.1,929.3,394.05
2021-06-04,546.4000000000001,748.1,1585.6999999999998,269.8
2021-06-05,426.6,870.1,1524.4999999999998,380.9
2021-06-06,149.00000000000003,593.4,822.2,248.61250000000013
2021-06-07,48.1,388.09999999999997,461.05,207.88750000000002
2021-06-08,280.70000000000005,692.9000000000002,1123.3999999999999,360.00000000000006
2021-06-09,190.0,626.1999999999999,917.9,324.8
2021-06-10,129.9,419.80000000000007,619.3,205.14999999999995
2021-06-11,198.85,401.2999999999999,706.0499999999998,129.93333333333334
2021-06-12,442.4,775.2,1453.3999999999999,315.2882882882883
2021-06-13,238.40000000000003,641.6999999999998,1007.2000000000002,305.9675675675676
2021-06-14,230.99999999999997,729.9000000000001,1083.8999999999999,228.12972972972975
2021-06-15,241.20000000000002,684.6000000000001,1054.4,150.29189189189194
2021-06-16,186.1,698.1000000000001,983.4000000000001,72.45405405405407
2021-06-17,403.2,661.8999999999999,1279.8999999999996,-5.383783783783775
2021-06-18,219.2,374.3999999999999,710.4,6.318918918918915
2021-06-19,306.79999999999995,448.9000000000001,919.2000000000002,159.70000000000005
2021-06-20,197.49999999999997,330.3,633.3999999999999,176.20000000000005
2021-06-21,194.69999999999996,342.90000000000003,641.3999999999999,153.35
2021-06-22,206.5,374.09999999999997,690.6,153.79999999999998
2021-06-23,503.00000000000006,805.0,1576.3,278.6
2021-06-24,886.1000000000001,914.5999999999999,2273.1999999999994,384.30625
2021-06-25,393.79999999999995,587.85,1191.7,197.04375000000002
2021-06-26,276.8,500.3,924.7000000000002,266.45
2021-06-27,117.10000000000001,286.30000000000007,465.3999999999999,376.59999999999997
2021-06-28,359.0,421.50000000000006,972.2,314.15
2021-06-29,390.1999999999999,430.3,1028.6,314.49999999999994
2021-06-30,24.2,26.9,64.1,16.4
