MeasurementDateGMT,Newham - Cam Road: Nitric Oxide (ug/m3),Newham - Cam Road: Nitrogen Dioxide (ug/m3),Newham - Cam Road: Oxides of Nitrogen (ug/m3),Newham - Cam Road: PM10 Particulate (ug/m3)
2018-01-01,108.69999999999999,470.70000000000005,637.8,256.0
2018-01-02,309.99999999999994,769.1000000000001,1244.2999999999997,385.0
2018-01-03,112.80000000000001,462.6,635.2,536.0
2018-01-04,225.99999999999997,723.0,1069.3999999999999,274.0
2018-01-05,419.3999999999999,982.4000000000001,1625.3999999999999,283.0
2018-01-06,1301.6,1170.6000000000001,3166.5,510.0
2018-01-07,161.10000000000002,366.7,614.2,281.0
2018-01-08,186.50000000000003,448.1000000000001,734.5000000000001,409.5
2018-01-09,784.6,763.1999999999998,1965.8999999999999,808.0
2018-01-10,1235.7,1267.0000000000005,3161.9999999999995,506.0
2018-01-11,1226.4,963.5000000000001,2844.0,672.0
2018-01-12,474.40000000000003,814.3,1541.6999999999998,597.0
2018-01-13,76.00000000000001,426.09999999999997,542.4,591.0
2018-01-14,361.49999999999994,719.4000000000001,1274.0,652.0
2018-01-15,162.00000000000003,585.6999999999998,834.1,241.0
2018-01-16,145.10000000000002,629.3,851.7000000000002,262.0
2018-01-17,180.29999999999998,550.0,826.3999999999999,431.0
2018-01-18,145.20000000000002,516.3000000000001,738.7,262.0
2018-01-19,268.5,954.8000000000001,1366.7000000000003,337.0
2018-01-20,309.6,937.3,1412.2,235.0
2018-01-21,378.59999999999997,929.6999999999999,1510.6000000000004,353.0
2018-01-22,334.8,901.9000000000001,1415.6999999999998,361.0
2018-01-23,180.8,588.9,866.5000000000001,195.6
2018-01-24,112.69999999999999,442.99999999999994,616.0,170.4
2018-01-25,250.10000000000002,730.1,1113.5,365.0
2018-01-26,670.9,1139.8000000000002,2168.0,544.0
2018-01-27,296.9,772.4999999999999,1227.4999999999998,350.0
2018-01-28,76.60000000000001,406.99999999999994,524.4,154.0
2018-01-29,222.00000000000003,678.0999999999999,1018.1999999999999,222.0
2018-01-30,927.5000000000002,1227.1,2649.0,429.0
2018-01-31,160.1,604.2,849.6000000000001,220.0
2018-02-01,199.8,596.6,902.7999999999998,379.0
2018-02-02,453.3,809.1999999999998,1504.1999999999998,409.0
2018-02-03,481.4,1130.7,1868.6999999999998,366.0
2018-02-04,302.5,560.6999999999999,1024.8999999999999,283.0
2018-02-05,331.50000000000006,646.9999999999999,1155.2999999999997,378.0
2018-02-06,615.7,961.0999999999997,1904.9999999999998,615.0
2018-02-07,771.5999999999999,1164.3999999999999,2347.6,583.0
2018-02-08,533.3999999999999,1064.6,1882.4999999999998,473.0
2018-02-09,180.20000000000002,619.6999999999999,895.6,315.0
2018-02-10,212.79999999999995,766.1000000000001,1092.1,228.0
2018-02-11,75.39999999999999,291.19999999999993,406.9,165.0
2018-02-12,321.7,870.0,1363.2,323.0
2018-02-13,253.6,644.6,1033.6000000000001,239.0
2018-02-14,517.5,774.2,1567.6999999999998,324.0
2018-02-15,233.00000000000006,784.0,1140.8999999999999,384.0
2018-02-16,543.6999999999999,1192.0,2026.1999999999998,467.0
2018-02-17,717.8000000000001,1227.8,2328.3,657.0
2018-02-18,529.5,965.0,1777.1000000000001,565.0
2018-02-19,565.1999999999999,886.9,1753.2,407.0
2018-02-20,386.3,682.4999999999998,1274.6,283.0
2018-02-21,513.1999999999999,855.4000000000001,1642.2,1058.0
2018-02-22,234.20000000000002,719.5,1078.9,679.0
2018-02-23,333.15,802.0,1312.8999999999999,580.0
2018-02-24,148.7,550.7,778.6999999999999,671.0
2018-02-25,131.7,394.5,596.9,372.0
2018-02-26,253.3,547.5999999999999,935.9000000000001,310.0
2018-02-27,475.49999999999994,960.0999999999999,1689.6,381.0
2018-02-28,298.00000000000006,734.0999999999999,1190.4999999999995,498.0
2018-03-01,140.0,474.00000000000006,688.9,934.0
2018-03-02,208.8,688.0,1008.5999999999999,1105.0
2018-03-03,242.29999999999995,849.7999999999998,1220.8999999999999,1738.0
2018-03-04,391.90000000000003,901.7000000000002,1502.6,568.0
2018-03-05,182.5,669.8000000000001,949.5000000000001,364.0
2018-03-06,474.1,1058.6000000000001,1785.7,364.0
2018-03-07,667.3,1243.3,2266.5,482.0
2018-03-08,154.0,599.8,836.0,267.0
2018-03-09,598.6999999999999,1113.1000000000001,2031.4,894.8588235294119
2018-03-10,214.8,622.4000000000001,951.9999999999999,1133.858823529412
2018-03-11,428.1999999999998,1000.8000000000002,1657.1999999999994,1022.0470588235293
2018-03-12,404.30000000000007,886.8500000000001,1506.8499999999997,910.2352941176471
2018-03-13,337.20000000000005,881.5999999999999,1398.6999999999998,798.4235294117648
2018-03-14,151.49999999999994,551.0000000000001,783.6,686.6117647058824
2018-03-15,209.99999999999997,803.2000000000002,1124.6999999999998,574.8
2018-03-16,346.79999999999995,842.1999999999999,1374.1,513.6647058823529
2018-03-17,190.29999999999995,472.3999999999999,764.3000000000001,454.0
2018-03-18,140.0,391.09999999999997,605.7,661.0
2018-03-19,93.44983498349835,272.02904290429046,423.5201986754967,555.747572815534
2018-03-20,54.190099009900976,150.14257425742574,230.5907284768212,550.3023578363385
2018-03-21,53.23960396039603,144.62970297029702,223.72450331125827,548.7045769764215
2018-03-22,52.28910891089108,139.1168316831683,216.85827814569538,547.1067961165049
2018-03-23,51.33861386138613,133.6039603960396,209.99205298013248,545.5090152565881
2018-03-24,50.38811881188118,128.0910891089109,203.12582781456953,543.9112343966714
2018-03-25,49.43762376237623,122.57821782178219,196.25960264900664,542.3134535367545
2018-03-26,48.487128712871275,117.06534653465346,189.3933774834437,540.7156726768376
2018-03-27,47.53663366336633,111.55247524752477,182.5271523178808,539.117891816921
2018-03-28,46.58613861386139,106.03960396039604,175.66092715231787,537.5201109570042
2018-03-29,45.63564356435643,100.52673267326733,168.79470198675497,535.9223300970874
2018-03-30,44.685148514851484,95.01386138613863,161.92847682119205,534.3245492371707
2018-03-31,43.73465346534654,89.5009900990099,155.06225165562913,532.7267683772538
2018-04-01,129.8016501650165,426.7095709570957,625.7119205298013,531.128987517337
2018-04-02,179.1,437.6,711.9,529.5312066574203
2018-04-03,198.7,559.4,863.8,527.9334257975034
2018-04-04,138.1,460.0,671.8000000000002,526.3356449375866
2018-04-05,191.6,490.5999999999999,784.5000000000001,524.73786407767
2018-04-06,222.70000000000002,680.6999999999999,1022.3,523.1400832177532
2018-04-07,266.4,867.5999999999998,1276.8,521.5423023578364
2018-04-08,253.64999999999998,809.8,1198.0999999999997,519.9445214979196
2018-04-09,271.5,689.2999999999998,1106.2,518.3467406380028
2018-04-10,380.3999999999999,824.7,1408.3999999999999,516.748959778086
2018-04-11,538.1999999999999,832.5,1657.8000000000002,515.1511789181692
2018-04-12,495.7,743.0,1503.3999999999999,513.5533980582525
2018-04-13,338.19999999999993,778.9000000000001,1297.7,511.9556171983357
2018-04-14,285.3,844.6,1281.9999999999998,510.3578363384189
2018-04-15,142.5,900.9999999999999,1119.0,508.7600554785021
2018-04-16,173.1,519.9000000000001,785.1999999999999,507.16227461858534
2018-04-17,137.3,517.7,727.4999999999997,505.5644937586685
2018-04-18,207.10000000000002,812.6,1129.9999999999998,503.9667128987517
2018-04-19,442.99999999999983,1280.3,1959.5999999999997,502.36893203883506
2018-04-20,299.29999999999995,1042.7,1501.0999999999997,500.77115117891816
2018-04-21,193.4,926.3,1222.6,499.1733703190014
2018-04-22,124.6,550.3,741.5999999999999,497.57558945908465
2018-04-23,130.89999999999998,441.0,641.7999999999998,495.9778085991679
2018-04-24,131.09999999999997,363.5999999999999,564.6999999999999,494.38002773925103
2018-04-25,125.99999999999999,358.59999999999997,552.1999999999999,492.7822468793342
2018-04-26,119.8,462.59999999999997,646.7999999999998,491.18446601941747
2018-04-27,226.2,755.2000000000002,1102.3,489.5866851595008
2018-04-28,238.6,714.6999999999999,1080.7000000000003,487.98890429958385
2018-04-29,189.3,500.5,790.8000000000002,486.3911234396672
2018-04-30,220.2,667.2999999999998,1004.6,484.7933425797504
2018-05-01,228.89999999999998,658.5,1009.7999999999998,483.1955617198335
2018-05-02,156.7,621.1,861.2999999999998,481.5977808599168
2018-05-03,398.29999999999995,986.6,1597.1,480.0
2018-05-04,271.59999999999997,907.1000000000003,1323.3000000000002,478.4022191400832
2018-05-05,208.89999999999995,784.0000000000002,1104.5,476.80443828016655
2018-05-06,127.10000000000001,757.5999999999999,952.4,475.20665742024966
2018-05-07,131.10000000000002,923.3000000000001,1124.5,473.6088765603329
2018-05-08,349.00000000000006,1031.9999999999998,1567.3999999999999,472.01109570041615
2018-05-09,178.79999999999998,516.4,790.1,470.41331484049925
2018-05-10,169.3,535.3,795.1000000000001,468.81553398058253
2018-05-11,196.59999999999997,573.4,874.9,467.2177531206658
2018-05-12,162.50000000000003,664.5,913.4,465.61997226074897
2018-05-13,246.79999999999998,705.7000000000002,1084.35,464.0221914008322
2018-05-14,270.59999999999997,646.2749999999999,1060.75,462.4244105409154
2018-05-15,207.2,733.2749999999999,1050.35,460.8266296809987
2018-05-16,246.30000000000004,612.4,990.5999999999999,459.2288488210819
2018-05-17,183.9,453.90000000000003,735.9999999999999,457.631067961165
2018-05-18,220.19999999999996,636.6999999999999,974.6,495.2163661581137
2018-05-19,177.00000000000003,662.0999999999999,933.7,557.0
2018-05-20,97.9,475.4,625.6000000000001,854.0
2018-05-21,205.69999999999996,836.2999999999998,1152.0999999999997,698.0
2018-05-22,169.79999999999998,538.5999999999999,799.3,719.0
2018-05-23,166.80000000000004,504.5999999999999,760.5999999999999,650.0
2018-05-24,236.79999999999998,715.1,1078.6000000000001,676.0
2018-05-25,321.1,940.6,1432.8999999999996,664.0
2018-05-26,85.89999999999999,445.50000000000006,576.9,867.0
2018-05-27,102.89999999999999,641.3,799.4,1091.0
2018-05-28,124.5,512.8,703.6,1106.0
2018-05-29,186.8,573.4,860.1,493.5
2018-05-30,287.1,750.1999999999999,1189.9,523.0
2018-05-31,153.3,649.1,884.5,735.0
2018-06-01,161.60000000000002,692.7000000000002,940.9,556.0
2018-06-02,82.5,489.1000000000001,615.6,280.0
2018-06-03,99.4,500.99999999999994,653.7,1026.0
2018-06-04,168.00000000000006,558.0,815.3999999999999,354.0
2018-06-05,160.5,472.6000000000001,718.6,380.0
2018-06-06,169.09999999999997,440.00000000000006,699.0000000000001,776.0
2018-06-07,172.09999999999997,482.95,747.0000000000002,498.0
2018-06-08,163.3,410.3,660.5000000000002,453.0
2018-06-09,104.90000000000002,345.9000000000001,506.79999999999995,400.0
2018-06-10,85.29999999999998,254.9,385.5,411.0
2018-06-11,158.8,345.29999999999995,589.4,337.0
2018-06-12,214.09999999999997,546.2,874.4000000000001,323.0
2018-06-13,242.60000000000002,634.0999999999999,1006.4999999999999,365.0
2018-06-14,122.80000000000001,431.3,620.0999999999999,494.0
2018-06-15,133.89999999999998,595.9000000000001,801.0000000000003,407.0
2018-06-16,70.99999999999999,308.2,416.9000000000001,289.0
2018-06-17,61.1,209.29999999999998,302.7,224.0
2018-06-18,93.10000000000001,298.1,440.29999999999995,291.0
2018-06-19,156.64999999999998,299.85,539.9,206.0
2018-06-20,180.10000000000005,284.9,560.9,254.0
2018-06-21,169.69999999999996,394.5,654.6,390.0
2018-06-22,195.10000000000002,487.1999999999999,786.4,383.0
2018-06-23,152.10000000000002,588.6,822.0000000000001,393.0
2018-06-24,98.19999999999999,477.09999999999985,628.1,465.0
2018-06-25,131.6,826.5000000000001,1028.1,479.0
2018-06-26,165.0,589.6999999999999,842.9000000000002,458.0
2018-06-27,148.50000000000003,380.09999999999997,608.0000000000002,443.0
2018-06-28,133.5,421.6,626.7,487.0
2018-06-29,155.70000000000002,465.90000000000003,704.8000000000001,412.0
2018-06-30,80.79999999999998,307.5,431.8000000000001,374.0
2018-07-01,87.10000000000001,490.2,623.6999999999999,488.0
2018-07-02,124.55000000000003,452.15000000000003,643.1,398.0
2018-07-03,98.69999999999999,311.50000000000006,462.70000000000005,358.0
2018-07-04,138.8,574.7,788.1000000000001,505.0
2018-07-05,164.1,913.2,1164.9999999999998,628.0
2018-07-06,174.1,919.6000000000004,1186.8000000000004,698.0
2018-07-07,100.69999999999999,685.6,839.5000000000001,713.0
2018-07-08,80.4,492.09999999999997,615.4999999999999,412.0
2018-07-09,172.10000000000002,674.0,937.8999999999999,442.0
2018-07-10,186.0,393.8,679.0,344.0
2018-07-11,180.2,452.50000000000006,729.0,379.0
2018-07-12,168.29999999999995,561.4,819.6,445.0
2018-07-13,145.1,457.2999999999999,679.6,397.0
2018-07-14,72.49999999999999,450.6,561.9000000000001,384.0
2018-07-15,111.9,643.1,814.6,339.0
2018-07-16,107.7,624.4,789.5,395.0
2018-07-17,107.7,402.49999999999994,567.4,300.0
2018-07-18,213.8,737.0,1063.9,384.0
2018-07-19,225.2,829.0000000000001,1173.9999999999998,443.0
2018-07-20,224.5,876.4999999999999,1221.0,415.0
2018-07-21,95.5,708.5,854.6999999999999,486.0
2018-07-22,96.00000000000001,668.9,816.6,324.0
2018-07-23,148.70000000000002,636.5,864.0999999999999,572.0
2018-07-24,137.8,581.7,792.7,381.0
2018-07-25,178.70000000000005,694.7,968.3,500.0
2018-07-26,179.09999999999997,841.2000000000002,1115.7,691.0
2018-07-27,174.29999999999998,848.8,1115.7000000000003,531.5
2018-07-28,92.39999999999998,209.09999999999997,350.6,407.0
2018-07-29,151.9,244.70000000000002,477.90000000000003,211.0
2018-07-30,227.20000000000005,335.19999999999993,683.3,217.0
2018-07-31,145.80000000000004,421.0000000000001,644.6999999999998,261.0
2018-08-01,176.00000000000003,530.9,800.8000000000001,297.0
2018-08-02,264.3,854.4999999999999,1259.3,421.0
2018-08-03,237.39999999999998,930.8,1295.0,417.1578947368421
2018-08-04,145.79999999999998,437.9,661.4000000000001,467.3684210526315
2018-08-05,94.30000000000001,417.09999999999997,561.2999999999998,479.49473684210534
2018-08-06,243.10000000000005,968.4,1341.3999999999999,491.62105263157895
2018-08-07,190.30000000000004,914.6999999999999,1206.6,457.3578947368421
2018-08-08,119.0,397.9,580.4000000000001,272.0
2018-08-09,299.1,762.8,1221.6,294.0
2018-08-10,173.4,533.3000000000001,799.3000000000001,202.0
2018-08-11,184.69999999999996,491.8,775.1,207.0
2018-08-12,136.6,358.7,567.9,187.0
2018-08-13,156.8,460.4000000000001,700.8000000000001,267.0
2018-08-14,116.00000000000001,385.20000000000005,562.8000000000001,276.0
2018-08-15,116.10000000000001,369.29999999999995,547.3,286.0
2018-08-16,189.20000000000002,487.8999999999999,778.5000000000001,269.0
2018-08-17,231.50000000000003,520.7,875.4999999999998,309.0
2018-08-18,102.00000000000001,346.09999999999997,502.7999999999999,260.0
2018-08-19,85.0,230.7,361.20000000000005,257.0
2018-08-20,178.80000000000004,464.00000000000006,738.2,180.0
2018-08-21,186.39999999999995,566.2,852.3000000000001,209.0
2018-08-22,196.29999999999998,591.8999999999999,893.0000000000001,285.0
2018-08-23,139.29999999999998,368.2,581.5000000000001,237.0
2018-08-24,114.10000000000002,336.79999999999995,511.6000000000001,264.0
2018-08-25,259.7,499.2,897.7,237.0
2018-08-26,468.2,604.6999999999999,1322.6999999999994,256.0
2018-08-27,82.00000000000001,276.70000000000005,402.9,182.0
2018-08-28,335.0,780.3000000000001,1293.9,248.0
2018-08-29,428.7999999999999,910.1,1566.8,359.0
2018-08-30,370.5,735.2,1303.6,406.0
2018-08-31,340.29999999999995,802.4000000000002,1324.4,422.0
2018-09-01,388.6000000000001,894.6000000000001,1490.0000000000002,448.0
2018-09-02,192.20000000000002,825.2,1119.7,500.0
2018-09-03,447.19999999999993,1152.4,1838.0000000000002,552.0
2018-09-04,228.8,764.6,1116.1000000000001,433.0
2018-09-05,268.7,777.9,1190.2000000000003,358.0
2018-09-06,247.20000000000005,642.3,1021.0,385.0
2018-09-07,129.7,500.0999999999999,698.6999999999999,291.0
2018-09-08,112.9,546.0000000000001,718.9000000000001,217.0
2018-09-09,69.6,354.3,461.0,230.0
2018-09-10,119.89999999999999,434.99999999999994,618.6000000000001,309.0
2018-09-11,109.50000000000001,354.90000000000003,523.1999999999999,283.0
2018-09-12,547.9,852.8999999999999,1693.2,261.0
2018-09-13,1097.0,988.0,2669.7000000000003,395.0
2018-09-14,201.39999999999998,766.9000000000001,1075.6,283.0
2018-09-15,133.19999999999996,523.0999999999999,727.1999999999999,306.0
2018-09-16,98.10000000000001,413.90000000000003,564.5,269.0
2018-09-17,166.50000000000003,662.1,916.9999999999998,300.0
2018-09-18,90.40000000000002,344.4000000000001,483.3,350.0
2018-09-19,81.7,305.4,431.20000000000005,451.0
2018-09-20,87.1,303.79999999999995,437.3999999999999,399.0
2018-09-21,93.7,355.40000000000003,498.8999999999999,280.0
2018-09-22,145.4,592.1,814.9999999999999,225.0
2018-09-23,161.29999999999998,411.90000000000003,659.3,192.0
2018-09-24,466.7,517.4,1233.3999999999999,367.0
2018-09-25,935.8000000000002,713.8000000000002,2148.4000000000005,513.0
2018-09-26,446.2,1006.8000000000001,1691.0,454.0
2018-09-27,369.99999999999994,961.9000000000001,1529.4999999999995,477.0
2018-09-28,215.89999999999995,517.3000000000001,848.6999999999999,353.0
2018-09-29,623.0999999999999,1175.4999999999998,2130.7,501.0
2018-09-30,214.20000000000005,738.3,1066.8000000000002,354.0
2018-10-01,203.49999999999997,586.3,898.5,301.0
2018-10-02,121.20000000000002,446.29999999999995,632.0000000000001,268.0
2018-10-03,616.4000000000001,816.8000000000002,1762.1,326.0
2018-10-04,354.59999999999997,698.8000000000001,1242.3,320.0
2018-10-05,847.1,1287.9,2586.6,593.0
2018-10-06,294.5,772.3,1223.3000000000002,273.0
2018-10-07,312.6,763.1,1242.9000000000003,300.0
2018-10-08,242.10000000000008,815.8000000000001,1186.5999999999995,256.0
2018-10-09,643.8000000000001,1183.4,2170.1,437.0
2018-10-10,568.5,1263.9,2135.7000000000003,914.0
2018-10-11,227.20000000000005,642.0000000000001,990.1999999999999,394.0
2018-10-12,128.1,351.8999999999999,548.4000000000001,361.0
2018-10-13,100.60000000000001,340.80000000000007,494.90000000000003,273.0
2018-10-14,159.60000000000002,503.6,748.1,157.0
2018-10-15,464.29999999999995,839.1999999999999,1551.4,284.0
2018-10-16,391.7,693.4999999999999,1294.3,434.0
2018-10-17,675.5,1075.6,2111.8,348.0
2018-10-18,358.90000000000003,816.4999999999999,1366.5,344.0
2018-10-19,1582.6000000000001,1438.5999999999997,3865.3,608.0
2018-10-20,2506.1000000000004,1528.3999999999996,5371.200000000001,794.0
2018-10-21,319.19999999999993,884.9999999999999,1374.8,425.0
2018-10-22,447.50000000000006,900.2999999999998,1586.6,394.0
2018-10-23,273.1000000000001,787.0,1205.4,419.0
2018-10-24,258.8,747.9999999999998,1144.8000000000004,407.0
2018-10-25,266.8,767.5000000000001,1176.5,408.0
2018-10-26,136.50000000000003,603.9000000000001,813.4,237.0
2018-10-27,202.49999999999997,519.0,829.6999999999999,174.0
2018-10-28,256.0,571.8,964.0000000000001,160.0
2018-10-29,403.4,778.7,1397.3,230.0
2018-10-30,227.8,651.8,1001.0,298.0
2018-10-31,1062.3000000000002,1119.3000000000002,2748.4000000000005,398.0
2018-11-01,814.6999999999999,1117.0,2365.9000000000005,327.0
2018-11-02,1084.4,1336.6,2999.4,505.0
2018-11-03,639.1999999999999,1109.8999999999999,2089.9000000000005,483.0
2018-11-04,382.40000000000003,801.6,1388.0000000000002,546.0
2018-11-05,1483.5,1020.0,3294.7,1092.0
2018-11-06,1161.4000000000003,918.7,2699.2999999999993,607.0
2018-11-07,305.0,599.3,1066.9,251.0
2018-11-08,391.49999999999994,858.0,1458.5000000000005,422.0
2018-11-09,442.69999999999993,771.8000000000001,1450.6,352.0
2018-11-10,339.4,782.9999999999999,1303.6000000000001,294.0
2018-11-11,276.90000000000003,624.5,1049.3999999999999,276.0
2018-11-12,348.40000000000015,825.1999999999999,1359.5000000000002,305.0
2018-11-13,224.6,753.0999999999999,1097.5,367.0
2018-11-14,629.4,977.5,1942.8000000000002,450.0
2018-11-15,696.9000000000002,842.7,1910.6,541.0
2018-11-16,428.70000000000005,675.6,1332.7000000000003,292.0
2018-11-17,462.99999999999994,875.5999999999999,1585.5,583.0
2018-11-18,344.29999999999995,749.1999999999999,1277.3999999999996,483.0
2018-11-19,272.3,561.1999999999999,978.5999999999999,230.0
2018-11-20,375.7,717.5,1293.4,327.0
2018-11-21,919.9999999999999,947.8000000000001,2359.0,592.0
2018-11-22,2260.8,1284.3,4750.700000000001,1119.0
2018-11-23,1018.7,1118.5,2680.6,854.0
2018-11-24,622.8999999999999,1056.2,2011.3,589.0
2018-11-25,436.70000000000005,732.3,1402.1000000000001,466.0
2018-11-26,569.2999999999998,924.7,1797.6,379.0
2018-11-27,514.6999999999999,882.4,1671.5,331.0
2018-11-28,209.1,634.4,954.6999999999999,247.0
2018-11-29,120.79999999999998,417.9,603.3000000000001,276.0
2018-11-30,168.2,716.5999999999999,974.5999999999997,365.0
2018-12-01,153.6,614.6,850.0,188.0
2018-12-02,75.60000000000002,336.20000000000005,451.99999999999994,95.0
2018-12-03,129.39999999999998,565.8000000000001,764.3000000000001,314.0
2018-12-04,1163.5000000000002,1338.3999999999999,3122.1000000000004,487.5
2018-12-05,492.79999999999995,921.8000000000001,1677.1000000000001,257.0
2018-12-06,143.00000000000003,620.5999999999998,839.9,208.0
2018-12-07,93.7,422.1,565.5,190.0
2018-12-08,65.3,377.09999999999997,477.20000000000005,329.0
2018-12-09,71.39999999999999,331.40000000000003,440.40000000000003,194.0
2018-12-10,463.47777777777776,960.7666666666669,1671.6703703703704,351.0
2018-12-11,1079.2222222222222,1292.1333333333334,2946.9296296296297,880.0
2018-12-12,196.5,854.1999999999998,1155.0999999999997,472.0
2018-12-13,667.8,1090.6000000000001,2114.6,522.0
2018-12-14,873.1,1096.7,2435.8,707.0
2018-12-15,114.2,538.5,713.6,405.0
2018-12-16,355.09999999999997,875.0999999999999,1419.6000000000001,290.0
2018-12-17,312.0999999999999,940.4000000000001,1418.7,373.0
2018-12-18,214.19999999999996,566.3000000000001,894.8000000000001,327.0
2018-12-19,261.5,821.1999999999999,1222.1999999999998,207.0
2018-12-20,176.59999999999997,728.4,999.1,302.0
2018-12-21,96.59999999999997,533.1999999999998,681.3,391.0
2018-12-22,93.5,640.5000000000001,784.2000000000002,341.0
2018-12-23,168.6,701.6999999999999,959.9000000000001,186.0
2018-12-24,1472.6,1241.0,3498.7,584.0
2018-12-25,1588.8999999999999,1148.1000000000001,3584.1999999999994,572.0
2018-12-26,426.70000000000005,929.8,1584.0000000000002,384.0
2018-12-27,3768.7999999999997,1534.8000000000002,7313.2,1049.0
2018-12-28,1651.2,1131.4,3662.7999999999997,687.0
2018-12-29,138.7,698.9,911.8,292.0
2018-12-30,157.20000000000005,663.2999999999998,904.1,229.0
2018-12-31,63.99999999999999,353.3999999999999,451.30000000000007,150.0
2019-01-01,107.59999999999997,438.9,603.6,300.0
2019-01-02,390.6,1010.8000000000001,1609.8,405.0
2019-01-03,387.6,1128.3000000000002,1722.6000000000001,451.0
2019-01-04,397.79999999999995,1068.3999999999999,1678.6999999999998,703.0
2019-01-05,142.60000000000002,753.8999999999999,971.7999999999998,489.0
2019-01-06,133.0,793.0,996.8000000000001,491.0
2019-01-07,126.19999999999999,735.7,929.0000000000001,410.0
2019-01-08,166.10000000000002,612.7,867.3000000000001,504.0
2019-01-09,255.6,818.8000000000001,1211.1,371.0
2019-01-10,660.5999999999999,1168.7,2181.3999999999996,730.0
2019-01-11,370.0,1030.9,1597.7,471.0
2019-01-12,79.10000000000001,557.3000000000001,678.4,188.0
2019-01-13,44.0,263.1,330.50000000000006,167.0
2019-01-14,148.0,631.3999999999999,858.6,397.0
2019-01-15,168.70000000000002,869.7,1128.1,253.0
2019-01-16,124.10000000000002,609.0,799.0,177.0
2019-01-17,187.7,762.0999999999999,1050.3999999999999,311.0
2019-01-18,838.6499999999999,1200.95,2486.95,529.0
2019-01-19,165.5,645.8,899.7000000000002,464.0
2019-01-20,778.5000000000001,1152.2999999999997,2345.9,774.0
2019-01-21,1746.2000000000003,1299.6,3976.2999999999997,909.0
2019-01-22,365.49999999999994,1018.3000000000001,1578.9999999999998,261.0
2019-01-23,719.4,1170.8000000000002,2273.6,429.0
2019-01-24,1621.1999999999998,1634.2000000000005,4120.5,700.0
2019-01-25,636.5,1158.0,2134.1,415.0
2019-01-26,74.9,470.6,585.5999999999999,170.0
2019-01-27,52.39999999999999,239.8,320.00000000000006,255.0
2019-01-28,314.6,839.7,1322.8,387.0
2019-01-29,494.59999999999997,1184.4,1942.8999999999999,387.0
2019-01-30,590.6,1165.3999999999999,2071.3,409.0
2019-01-31,2134.1999999999994,1400.1999999999998,4672.8,595.0
2019-02-01,433.00000000000006,914.2,1578.3,296.0
2019-02-02,200.2,643.2999999999998,950.1999999999999,361.0
2019-02-03,284.3,812.1999999999999,1248.1,350.0
2019-02-04,615.5,873.1000000000001,1816.9999999999998,255.0
2019-02-05,556.3,953.0,1805.8999999999999,217.0
2019-02-06,342.3,914.2999999999998,1439.0000000000002,246.0
2019-02-07,84.6,464.79999999999995,594.4999999999999,262.0
2019-02-08,78.60000000000001,356.40000000000003,477.19999999999993,210.0
2019-02-09,63.60000000000001,316.70000000000005,414.0,308.0
2019-02-10,105.30000000000003,511.00000000000006,672.0,123.0
2019-02-11,310.4,990.4000000000001,1466.6,345.0
2019-02-12,250.6,1027.5,1412.2,402.0
2019-02-13,297.70000000000005,892.2000000000002,1348.2,483.0
2019-02-14,1726.0999999999997,1584.8000000000002,4231.199999999999,823.0
2019-02-15,1578.0000000000007,1615.6,4035.2999999999997,947.0
2019-02-16,221.7,904.3000000000002,1244.6999999999998,667.0
2019-02-17,265.9,835.8000000000001,1243.5,686.0
2019-02-18,177.4,805.5000000000001,1077.6,374.0
2019-02-19,145.70000000000002,686.5000000000001,910.1999999999998,417.0
2019-02-20,130.49999999999997,609.3000000000001,809.1000000000001,390.0
2019-02-21,141.6,765.4999999999999,982.7,510.0
2019-02-22,695.4,1220.1000000000001,2286.5,766.0
2019-02-23,702.0000000000001,1092.4,2168.4,774.0
2019-02-24,1067.2,1444.8,3081.4000000000005,995.0
2019-02-25,1633.8999999999999,1787.6000000000001,4292.700000000001,1146.0
2019-02-26,2122.1,2111.3,5364.900000000001,1305.0
2019-02-27,1849.4,2006.6000000000001,4842.2,1399.0
2019-02-28,187.49999999999997,1011.7000000000002,1299.1000000000001,649.0
2019-03-01,282.5,903.6999999999999,1337.3000000000002,645.0
2019-03-02,96.29999999999998,478.5,626.6,339.0
2019-03-03,37.5,268.40000000000003,326.2,213.0
2019-03-04,96.69999999999997,488.20000000000005,636.2,217.0
2019-03-05,145.70000000000002,591.0999999999999,814.3000000000001,266.0
2019-03-06,143.6,477.1,697.1,336.0
2019-03-07,80.25,419.75000000000006,542.45,307.0
2019-03-08,174.39999999999995,696.8000000000002,964.4,257.0
2019-03-09,64.7,397.0999999999999,496.59999999999997,441.0
2019-03-10,59.4,358.70000000000005,449.90000000000003,230.0
2019-03-11,86.49999999999999,399.30000000000007,531.7999999999998,311.0
2019-03-12,85.0,455.20000000000005,585.5,196.0
2019-03-13,70.8,340.90000000000003,450.1,375.0
2019-03-14,63.8,400.29999999999995,498.29999999999995,285.0
2019-03-15,62.7,336.0,431.79999999999995,133.0
2019-03-16,43.99999999999999,226.5,293.70000000000005,225.0
2019-03-17,60.7,352.5,445.40000000000003,128.0
2019-03-18,187.2,823.3999999999999,1110.2000000000003,314.0
2019-03-19,254.20000000000002,982.1999999999999,1372.2,350.0
2019-03-20,151.1,690.7,922.5999999999999,276.0
2019-03-21,349.90000000000003,856.9999999999999,1393.3000000000002,325.0
2019-03-22,182.2,688.5999999999999,968.1,308.0
2019-03-23,274.0,893.7,1313.4999999999998,465.0
2019-03-24,112.3,607.1999999999999,778.8999999999999,428.0
2019-03-25,210.50000000000003,681.9000000000001,1004.2000000000002,455.0
2019-03-26,530.0999999999999,1342.3,2155.2,657.0
2019-03-27,325.9,1090.1,1589.9,512.0
2019-03-28,315.9,1188.5000000000002,1672.7,575.0
2019-03-29,943.9999999999998,1424.6999999999998,2871.599999999999,1036.0
2019-03-30,849.5,1364.8000000000002,2667.500000000001,1140.0
2019-03-31,129.8,463.5,662.2999999999998,669.0
2019-04-01,234.2,619.9,978.9999999999999,504.0
2019-04-02,185.1,944.9000000000001,1228.5,588.0
2019-04-03,281.4,982.1999999999998,1413.6999999999998,325.0
2019-04-04,163.29999999999998,565.0000000000001,815.9,274.0
2019-04-05,113.50000000000001,483.4,657.9,389.0
2019-04-06,185.7,600.9,885.5,376.0
2019-04-07,236.60000000000002,651.6999999999999,1014.0000000000001,954.0
2019-04-08,387.50000000000006,1076.4,1670.7999999999997,1041.0
2019-04-09,308.34999999999997,794.65,1267.15,840.0
2019-04-10,201.5,539.8,848.8000000000002,451.0
2019-04-11,216.2,650.5999999999999,982.2000000000002,392.0
2019-04-12,221.50000000000003,676.9,1017.2,382.0
2019-04-13,191.90000000000003,667.7,961.7,359.0
2019-04-14,144.4,540.1,761.2,481.0
2019-04-15,272.70000000000005,828.7000000000003,1246.9,862.0
2019-04-16,465.49999999999994,1262.5000000000002,1976.3000000000002,1144.0
2019-04-17,333.1,982.5999999999998,1493.1,1273.0
2019-04-18,291.9000000000001,952.5999999999999,1400.3000000000004,1111.0
2019-04-19,194.69999999999996,1053.7000000000003,1352.2000000000003,868.0
2019-04-20,140.29999999999998,892.5999999999999,1107.8,810.0
2019-04-21,95.70000000000002,849.6,996.3000000000001,913.0
2019-04-22,109.10000000000002,1050.2000000000003,1217.8000000000002,1184.0
2019-04-23,239.90000000000003,1125.4999999999998,1493.3000000000002,910.0
2019-04-24,287.2,934.4999999999999,1374.8999999999999,818.0
2019-04-25,114.39999999999999,428.49999999999994,604.4,250.0
2019-04-26,148.50000000000003,534.0000000000001,761.4,320.0
2019-04-27,38.60000000000001,222.59999999999997,281.2,346.0
2019-04-28,128.1,496.8,693.1,279.0
2019-04-29,253.1,845.9,1234.1,433.0
2019-04-30,204.89999999999998,854.5,1168.6999999999998,501.0
2019-05-01,226.89999999999998,864.8000000000001,1212.8999999999999,523.0
2019-05-02,128.89999999999998,611.1999999999999,808.3,362.0
2019-05-03,290.0,876.8000000000001,1321.8000000000002,311.0
2019-05-04,175.79999999999998,518.1,787.1999999999998,331.0
2019-05-05,103.90000000000002,473.7,633.5000000000001,408.0
2019-05-06,62.9,358.59999999999997,454.9,217.0
2019-05-07,148.2,613.3,840.1,377.0
2019-05-08,125.7,631.3,824.2,320.0
2019-05-09,358.90000000000003,923.7999999999998,1474.1000000000001,436.0
2019-05-10,181.79999999999998,752.5,1031.2,311.0
2019-05-11,196.7,867.3999999999999,1168.9,399.0
2019-05-12,171.2,651.1000000000001,913.5999999999998,281.0
2019-05-13,156.0,592.0000000000001,831.3,285.0
2019-05-14,163.39999999999998,512.9,763.4000000000002,302.0
2019-05-15,177.39999999999998,654.0000000000001,926.4000000000002,543.0
2019-05-16,194.60000000000002,605.0,903.0999999999999,457.0
2019-05-17,280.2,807.7,1237.1,450.0
2019-05-18,177.70000000000002,812.6,1085.6000000000001,418.0
2019-05-19,231.50000000000003,800.1999999999999,1155.3999999999999,470.0
2019-05-20,179.30000000000004,817.3000000000001,1092.0,449.0
2019-05-21,148.99999999999997,709.7,938.0,385.0
2019-05-22,123.6,669.0999999999998,857.7000000000002,280.0
2019-05-23,112.90000000000002,662.1999999999999,835.2,282.0
2019-05-24,129.2,660.6,858.4999999999998,436.0
2019-05-25,59.600000000000016,313.6,405.09999999999997,205.0
2019-05-26,70.60000000000001,311.6,420.0,204.0
2019-05-27,58.70000000000001,270.3,359.99999999999994,242.0
2019-05-28,158.9333333333333,418.6733333333333,662.1133333333333,250.5
2019-05-29,160.46666666666673,519.1266666666667,765.1866666666666,284.0
2019-05-30,125.19999999999999,387.6000000000001,579.6,302.0
2019-05-31,143.10000000000002,404.7,624.1999999999999,173.0
2019-06-01,149.10000000000002,530.5,759.0999999999999,221.0
2019-06-02,70.7,381.4,490.20000000000005,291.0
2019-06-03,102.9,372.20000000000005,529.8000000000001,376.0
2019-06-04,239.1,736.4,1103.1999999999998,387.0
2019-06-05,136.9,473.3,683.2,258.0
2019-06-06,187.79999999999998,530.0999999999999,817.8000000000001,252.0
2019-06-07,156.55,620.3999999999999,860.4499999999999,308.0
2019-06-08,69.10000000000001,266.4,372.3,233.0
2019-06-09,78.30000000000001,405.90000000000003,526.0,208.0
2019-06-10,216.39999999999998,693.4000000000001,1025.3,213.0
2019-06-11,206.39999999999998,517.7,834.0,207.0
2019-06-12,234.49999999999997,786.8999999999999,1146.6,190.0
2019-06-13,122.49999999999999,473.79999999999995,661.3000000000002,202.0
2019-06-14,124.10000000000001,415.59999999999997,605.7,228.0
2019-06-15,86.30000000000001,393.9,526.1,201.0
2019-06-16,70.8,272.40000000000003,381.00000000000006,187.0
2019-06-17,118.5,425.90000000000003,607.2999999999998,247.0
2019-06-18,273.0,879.5999999999999,1298.8000000000002,341.0
2019-06-19,180.7,774.9000000000001,1051.5,406.0
2019-06-20,100.29999999999998,473.3,627.0,257.0
2019-06-21,115.3,508.0,685.3999999999999,288.0
2019-06-22,94.1,459.00000000000006,603.3,294.0
2019-06-23,104.49999999999997,488.99999999999994,649.1000000000001,552.0
2019-06-24,265.2,921.5000000000001,1327.4,657.0
2019-06-25,209.2,752.2000000000002,1073.0,459.0
2019-06-26,142.40000000000003,383.09999999999985,600.8000000000001,308.0
2019-06-27,136.1,276.2,484.8,366.0
2019-06-28,118.60000000000002,301.09999999999997,482.8,578.0
2019-06-29,299.6000000000001,802.5999999999999,1262.1,685.0
2019-06-30,51.5,248.2,327.7,365.0
2019-07-01,94.0,300.99999999999994,445.59999999999997,312.0
2019-07-02,190.00000000000003,508.70000000000016,799.8999999999999,360.0
2019-07-03,163.65,498.9999999999999,749.6500000000001,393.0
2019-07-04,162.3,653.4,902.4,408.0
2019-07-05,108.2,648.0999999999999,814.3000000000001,523.0
2019-07-06,152.30000000000004,456.7,690.5,310.0
2019-07-07,133.1,358.5,562.6999999999999,327.0
2019-07-08,195.79999999999998,612.5,912.4,428.0
2019-07-09,187.00000000000003,594.6,881.3999999999999,471.0
2019-07-10,119.29999999999998,386.1,568.9999999999999,488.0
2019-07-11,70.9,269.2,377.90000000000003,351.0
2019-07-12,70.5,149.4,257.6,362.0
2019-07-13,91.49999999999999,221.40000000000003,360.8999999999999,302.0
2019-07-14,94.89999999999999,211.89999999999998,357.50000000000006,272.0
2019-07-15,143.3,296.29999999999995,516.2,307.0
2019-07-16,81.7,369.30000000000007,494.9,439.0
2019-07-17,87.30000000000001,395.6,529.7,457.0
2019-07-18,95.69999999999997,268.0,414.6,390.0
2019-07-19,130.3,279.40000000000003,479.40000000000003,318.0
2019-07-20,57.099999999999994,134.60000000000002,222.39999999999998,257.0
2019-07-21,68.2,181.6,286.0,251.0
2019-07-22,100.80000000000001,310.09999999999997,464.2,358.0
2019-07-23,170.79999999999995,550.7,812.7999999999998,646.0
2019-07-24,90.89999999999999,614.1,753.4999999999999,622.0
2019-07-25,196.5,917.8,1219.2999999999997,820.0
2019-07-26,135.70000000000002,569.6,777.5999999999999,571.0
2019-07-27,51.60000000000001,296.9000000000001,376.09999999999997,266.0
2019-07-28,38.900000000000006,237.00000000000003,296.50000000000006,306.0
2019-07-29,107.39999999999999,426.40000000000003,590.9000000000001,374.0
2019-07-30,89.29999999999997,321.5,458.59999999999997,420.0
2019-07-31,80.6,314.20000000000005,438.3,336.0
2019-08-01,100.3,454.5,608.5,397.0
2019-08-02,122.60000000000001,501.5999999999999,689.0,525.0
2019-08-03,91.8,436.1,576.9,434.0
2019-08-04,106.39999999999998,489.1,652.5000000000002,452.0
2019-08-05,101.70000000000002,355.09999999999997,510.79999999999995,378.5
2019-08-06,75.1,267.19999999999993,382.30000000000007,391.0
2019-08-07,85.39999999999999,350.59999999999997,481.2999999999999,332.0
2019-08-08,99.49999999999999,378.70000000000005,531.7,327.0
2019-08-09,74.09999999999998,316.1000000000001,429.9,401.0
2019-08-10,39.6,169.29999999999995,230.20000000000002,517.0
2019-08-11,50.400000000000006,224.6,301.90000000000003,407.0
2019-08-12,160.9,631.3,878.0000000000001,313.0
2019-08-13,72.89999999999999,407.69999999999993,519.2,258.0
2019-08-14,149.79999999999998,505.6,735.3,204.0
2019-08-15,68.00000000000001,332.2,436.70000000000005,302.0
2019-08-16,117.60000000000004,416.2,597.0,239.0
2019-08-17,40.900000000000006,218.0,280.7,262.0
2019-08-18,39.900000000000006,251.49999999999997,312.5,295.0
2019-08-19,89.59999999999998,377.70000000000005,514.9,323.0
2019-08-20,79.8,507.0,629.4,381.0
2019-08-21,115.89999999999998,603.5,781.0,377.0
2019-08-22,93.59999999999998,509.19999999999993,652.1,376.0
2019-08-23,232.59999999999997,915.3,1271.3000000000002,591.0
2019-08-24,144.9,1000.3,1222.3000000000002,916.0
2019-08-25,75.30000000000001,881.6999999999999,997.4,975.0
2019-08-26,108.3,1106.4,1272.2,865.0
2019-08-27,195.49999999999994,1143.0,1443.1,929.0
2019-08-28,92.10000000000001,465.2,606.6999999999999,328.0
2019-08-29,93.79999999999998,422.90000000000003,566.5,305.0
2019-08-30,106.60000000000002,474.90000000000003,638.4,355.0
2019-08-31,74.89999999999999,493.99999999999983,608.7,325.0
2019-09-01,65.30000000000001,326.79999999999995,426.8,269.0
2019-09-02,128.8,596.9,794.3,456.0
2019-09-03,76.0,455.9000000000001,572.3,368.5
2019-09-04,70.80000000000003,307.19999999999993,415.9,267.0
2019-09-05,145.89999999999998,580.8000000000001,803.9,367.0
2019-09-06,189.40000000000006,782.2,1072.2000000000003,438.0
2019-09-07,143.89999999999998,532.4999999999999,753.0999999999999,344.0
2019-09-08,146.8,671.1,896.3,394.0
2019-09-09,262.6,946.0000000000001,1348.8,431.0
2019-09-10,518.8,937.1999999999997,1733.0000000000002,523.0
2019-09-11,147.80000000000004,503.00000000000006,729.3000000000002,349.0
2019-09-12,132.49999999999997,460.79999999999995,663.9,383.5
2019-09-13,187.6,581.8,869.7,401.0
2019-09-14,291.20000000000005,1043.7,1489.9999999999995,514.0
2019-09-15,104.60000000000002,785.8,946.3,403.0
2019-09-16,269.00000000000006,718.9,1131.1000000000001,414.0
2019-09-17,192.5,655.0,949.6,434.0
2019-09-18,314.20000000000005,931.1000000000001,1413.2000000000003,507.0
2019-09-19,569.9000000000001,1100.6000000000001,1974.7000000000005,647.0
2019-09-20,352.2000000000001,949.9999999999998,1490.1000000000001,703.0
2019-09-21,192.8,990.1000000000001,1285.9999999999998,727.5
2019-09-22,170.2,798.5999999999999,1058.9999999999998,472.0
2019-09-23,147.79999999999998,441.4,668.0999999999999,340.0
2019-09-24,185.0,538.9,822.6000000000001,286.0
2019-09-25,149.89999999999998,499.0,728.6999999999999,315.0
2019-09-26,136.9,531.1,741.2000000000002,374.0
2019-09-27,126.59999999999997,475.39999999999986,669.1000000000001,401.0
2019-09-28,81.0,359.09999999999997,483.70000000000005,326.0
2019-09-29,63.0,259.0,355.9999999999999,226.0
2019-09-30,283.79999999999995,651.5999999999999,1087.0000000000002,318.0
2019-10-01,212.2,655.4000000000001,980.7,307.0
2019-10-02,228.0,758.1,1107.6,326.0
2019-10-03,1122.75,1187.15,2908.95,456.0
2019-10-04,281.2,811.3000000000001,1243.2000000000003,482.0
2019-10-05,164.7,666.9000000000002,919.9,364.0
2019-10-06,51.0,334.29999999999995,412.3999999999999,254.0
2019-10-07,301.79999999999995,725.2000000000002,1187.3999999999999,280.0
2019-10-08,119.2,480.7000000000001,662.9,434.0
2019-10-09,112.60000000000001,471.4,644.1999999999999,265.0
2019-10-10,119.70000000000002,436.0,620.1999999999999,386.0
2019-10-11,78.90000000000002,404.8,526.1999999999999,232.0
2019-10-12,191.29999999999998,729.0,1022.3000000000001,184.0
2019-10-13,93.60000000000001,484.6000000000001,628.7,218.0
2019-10-14,430.1000000000001,855.0000000000001,1514.3999999999999,362.0
2019-10-15,221.60000000000002,651.0999999999998,990.8,293.0
2019-10-16,271.6,760.7999999999998,1177.3,348.0
2019-10-17,283.40000000000003,781.9999999999999,1216.9999999999998,315.0
2019-10-18,103.89999999999999,461.20000000000005,619.9,336.0
2019-10-19,170.6,683.3000000000001,944.7000000000002,295.0
2019-10-20,294.49999999999994,731.6000000000001,1182.3999999999999,371.0
2019-10-21,191.1,641.8999999999999,934.6,302.0
2019-10-22,904.3,1063.2,2449.7000000000003,545.0
2019-10-23,1495.8999999999999,1188.5,3482.2,768.0
2019-10-24,737.6999999999999,953.0999999999999,2084.7000000000003,603.0
2019-10-25,264.70000000000005,588.2999999999998,994.0000000000001,271.0
2019-10-26,73.5,382.0,494.40000000000003,302.0
2019-10-27,183.49999999999997,699.8,981.5,322.0
2019-10-28,509.00000000000006,979.6000000000001,1760.7,410.0
2019-10-29,256.90000000000003,806.2,1200.3,298.0
2019-10-30,286.8,871.0999999999999,1310.8999999999999,521.0
2019-10-31,643.4000000000001,970.4000000000001,1956.6000000000001,847.0
2019-11-01,451.1,775.6,1467.4000000000005,358.0
2019-11-02,74.00000000000001,297.1,410.2,268.0
2019-11-03,151.89999999999998,617.5000000000001,850.3000000000001,327.0
2019-11-04,823.3,964.5999999999999,2226.7000000000003,432.0
2019-11-05,379.5999999999999,781.6,1364.1000000000004,431.0
2019-11-06,383.1,924.3,1512.4999999999998,620.0
2019-11-07,205.39999999999998,813.6,1128.5000000000002,257.0
2019-11-08,1430.0,1033.8,3226.6,546.0
2019-11-09,311.8,839.1,1317.2,431.0
2019-11-10,653.9,929.4,1932.0,505.5
2019-11-11,149.3,625.6000000000001,854.4,305.0
2019-11-12,120.79999999999998,631.1999999999999,816.1,156.5
2019-11-13,314.6,847.6000000000001,1330.4,150.4210526315789
2019-11-14,395.59999999999997,959.0,1565.5,155.4736842105263
2019-11-15,317.0999999999999,764.8000000000002,1251.1,160.52631578947373
2019-11-16,613.1,988.4000000000001,1929.2,165.57894736842104
2019-11-17,1981.1,1312.1,4349.7,170.63157894736847
2019-11-18,1281.2124999999999,1050.2708333333333,3015.416666666667,175.68421052631578
2019-11-19,3761.4374999999995,1855.4791666666667,7622.883333333335,180.73684210526312
2019-11-20,642.7000000000002,1062.45,2047.85,185.78947368421055
2019-11-21,379.0,889.6999999999999,1470.5000000000002,190.84210526315783
2019-11-22,243.60000000000002,840.7,1214.3999999999999,195.8947368421053
2019-11-23,501.90000000000003,886.6,1655.5,200.9473684210526
2019-11-24,819.0,831.3000000000001,2087.0000000000005,205.99999999999997
2019-11-25,266.9,756.8,1166.3,211.05263157894737
2019-11-26,158.80000000000004,658.9000000000002,902.3000000000002,279.42105263157896
2019-11-27,226.10000000000002,879.1,1226.2,184.67741935483872
2019-11-28,256.1,734.8000000000001,1127.4,297.32258064516134
2019-11-29,865.4000000000001,1244.7,2571.5,495.86764705882354
2019-11-30,1290.5000000000005,1338.5000000000002,3316.699999999999,701.1176470588238
2019-12-01,272.9,805.4000000000001,1223.5999999999997,624.8823529411764
2019-12-02,964.6,1397.3000000000004,2875.6999999999994,548.6470588235295
2019-12-03,884.0000000000002,1525.2,2880.8000000000006,472.41176470588243
2019-12-04,3129.8,1801.5999999999997,6600.199999999998,396.1764705882353
2019-12-05,1038.1000000000001,1078.0000000000002,2669.7999999999997,306.8970588235294
2019-12-06,62.0,515.4,610.1,155.0
2019-12-07,75.0,569.9000000000001,685.1,301.0
2019-12-08,29.200000000000003,274.40000000000003,319.39999999999986,303.0
2019-12-09,266.8,731.2,1140.7,383.0
2019-12-10,205.00000000000006,724.7,1039.3,364.0
2019-12-11,241.20000000000002,927.4000000000001,1296.6,317.0
2019-12-12,228.39999999999995,896.0999999999999,1246.4,229.0
2019-12-13,86.60000000000002,502.3,634.7,326.0
2019-12-14,68.3,472.5999999999999,577.6,394.0
2019-12-15,65.3,357.1000000000001,457.2,331.0
2019-12-16,686.0,1190.1999999999998,2242.6,417.0
2019-12-17,368.7,1173.1999999999998,1738.0999999999997,272.0
2019-12-18,772.3999999999997,1130.0000000000002,2314.7,398.0
2019-12-19,175.7,518.0,787.5000000000001,419.0
2019-12-20,266.49999999999994,868.0000000000001,1276.9999999999998,165.0
2019-12-21,117.3,451.29999999999995,631.1000000000001,236.0
2019-12-22,76.5,528.6,645.4999999999999,273.0
2019-12-23,153.79999999999998,674.3,909.9,368.0
2019-12-24,89.30000000000001,509.0,645.9,369.0
2019-12-25,719.5,826.5999999999999,1929.6,545.0
2019-12-26,223.80000000000004,651.1,994.2,395.0
2019-12-27,922.7,941.4000000000001,2356.3999999999996,530.0
2019-12-28,546.4,768.6,1606.3,494.0
2019-12-29,176.6,691.5999999999999,961.9999999999999,440.0
2019-12-30,578.1,984.5,1870.8999999999999,618.0
2019-12-31,681.0000000000001,1010.2,2054.7000000000007,809.0
2020-01-01,809.2,1145.9,2386.9,1375.0
2020-01-02,136.6,567.4999999999998,777.5000000000001,289.0
2020-01-03,102.0,634.9999999999999,791.5,301.0
2020-01-04,92.09999999999998,824.2000000000002,964.9000000000001,356.0
2020-01-05,59.1,575.2,665.8999999999999,182.0
2020-01-06,160.80666666666667,491.4333333333333,738.2333333333332,360.0
2020-01-07,168.09333333333333,827.8166666666666,1085.6666666666667,450.0
2020-01-08,223.40000000000003,797.4,1140.2,541.0
2020-01-09,106.69999999999999,502.29999999999995,666.2999999999998,191.0
2020-01-10,152.70000000000002,791.6999999999999,1026.2,233.0
2020-01-11,56.900000000000006,395.90000000000003,482.9,335.0
2020-01-12,74.8,436.4,550.9,131.0
2020-01-13,98.89999999999999,449.59999999999997,601.0,247.0
2020-01-14,79.65,392.25000000000006,514.6499999999999,250.0
2020-01-15,156.9,718.9000000000001,959.7000000000002,240.0
2020-01-16,154.59999999999997,562.5999999999999,799.7,334.0
2020-01-17,114.79999999999998,600.6999999999999,776.7999999999998,190.0
2020-01-18,198.1,917.0000000000001,1220.5999999999997,369.0
2020-01-19,691.4,1261.0000000000002,2321.4,520.0
2020-01-20,2493.5,1890.2999999999997,5713.599999999999,970.0
2020-01-21,2490.9,1880.4999999999998,5699.500000000001,980.0
2020-01-22,1253.9000000000003,1391.5000000000002,3314.2,743.0
2020-01-23,683.5000000000001,1155.4999999999998,2203.2,389.0
2020-01-24,628.2,1223.2,2186.7000000000003,395.0
2020-01-25,138.2,711.7,923.5000000000002,535.0
2020-01-26,95.90000000000002,498.2999999999999,645.2,447.0
2020-01-27,146.3,738.3999999999999,962.6000000000003,189.0
2020-01-28,99.2,574.3,726.2999999999998,220.0
2020-01-29,120.39999999999999,625.4,809.2,406.0
2020-01-30,146.7,570.5999999999999,795.6999999999998,207.0
2020-01-31,82.1,389.90000000000003,516.0999999999999,82.5
2020-02-01,51.9,305.4,385.1,377.0
2020-02-02,49.70000000000001,344.4000000000001,420.7,397.0
2020-02-03,85.4,441.90000000000003,573.3000000000001,434.0
2020-02-04,109.1,494.7,661.6,325.0
2020-02-05,729.2000000000003,1226.7000000000003,2344.7999999999997,724.0
2020-02-06,1775.9999999999995,1491.6999999999998,4215.299999999999,848.0
2020-02-07,551.6999999999999,911.5000000000002,1758.1000000000001,760.0
2020-02-08,74.8,395.5,510.1,394.0
2020-02-09,33.5,172.39999999999998,224.0,255.0
2020-02-10,60.59999999999999,319.3,412.0,285.0
2020-02-11,68.10000000000001,345.49999999999994,450.3999999999999,338.0
2020-02-12,110.30000000000001,523.3,692.3999999999997,301.0
2020-02-13,96.70000000000002,465.20000000000005,613.5,99.56589147286826
2020-02-14,309.92857142857144,658.4428571428572,1133.7714285714287,165.76744186046514
2020-02-15,48.87142857142856,227.60714285714283,301.8785714285714,237.2093023255814
2020-02-16,40.9,242.99999999999997,306.2,308.6511627906976
2020-02-17,75.20000000000002,374.1000000000001,489.6,380.09302325581393
2020-02-18,76.1,440.7000000000001,557.4,332.7131782945736
2020-02-19,120.7,550.5000000000001,734.9,321.0
2020-02-20,74.70000000000002,388.40000000000003,502.69999999999993,198.0
2020-02-21,83.6,381.20000000000005,509.7,500.0
2020-02-22,43.60000000000001,225.5,292.2,438.0
2020-02-23,79.39999999999999,328.40000000000003,449.8,152.0
2020-02-24,92.50000000000001,389.00000000000006,530.6,150.0
2020-02-25,80.60000000000001,434.29999999999995,557.2,230.0
2020-02-26,109.39999999999999,512.1,679.3,271.0
2020-02-27,200.60000000000002,694.0,1001.3000000000001,309.0
2020-02-28,167.0,676.6999999999997,932.9,327.0
2020-02-29,59.800000000000004,273.2000000000001,364.79999999999995,441.0
2020-03-01,56.3,273.90000000000003,360.09999999999997,308.0
2020-03-02,159.1,611.1999999999998,855.4,250.0
2020-03-03,150.39999999999998,713.0,944.0999999999999,380.0
2020-03-04,367.09999999999997,1006.4,1569.7,430.0
2020-03-05,217.00000000000003,605.1999999999999,937.9,319.0
2020-03-06,424.79999999999995,857.5999999999999,1509.3,519.0
2020-03-07,225.2,722.1,1067.3,521.0
2020-03-08,60.5,330.40000000000003,423.0,256.0
2020-03-09,105.19999999999999,467.70000000000005,629.1999999999999,281.0
2020-03-10,123.79999999999998,389.59999999999997,579.2,116.0
2020-03-11,107.09999999999998,450.20000000000005,614.7,217.0
2020-03-12,75.80000000000003,388.09999999999997,504.2,389.0
2020-03-13,122.30000000000001,552.1,739.8000000000001,404.0
2020-03-14,123.19999999999999,476.5,665.3,272.0
2020-03-15,82.60000000000001,449.0,576.0,220.0
2020-03-16,169.70000000000002,690.6,950.2999999999998,370.0
2020-03-17,135.0,551.9,759.0999999999999,393.0
2020-03-18,143.1,503.5000000000001,722.7999999999998,375.0
2020-03-19,339.0,686.4999999999999,1206.5,469.0
2020-03-20,140.74999999999997,424.5500000000001,640.3000000000002,341.0
2020-03-21,122.39999999999999,411.5,599.5,402.0
2020-03-22,101.00000000000001,409.6,564.6,443.0
2020-03-23,265.6,842.8000000000001,1250.3,569.0
2020-03-24,267.79999999999995,873.3000000000002,1284.1000000000001,547.0
2020-03-25,377.79999999999995,950.2,1529.4999999999998,732.0
2020-03-26,173.30000000000004,682.8,948.3000000000001,916.0
2020-03-27,96.3,437.9,585.7,905.0
2020-03-28,49.50000000000001,245.49999999999994,321.20000000000005,549.0
2020-03-29,41.4,174.2,237.9,380.0
2020-03-30,104.0,387.1,546.3,303.0
2020-03-31,103.39999999999999,398.4000000000001,556.8000000000001,454.0
2020-04-01,145.70000000000002,709.9000000000001,933.6000000000003,570.0
2020-04-02,56.6,469.59999999999997,555.8,294.0
2020-04-03,154.40000000000003,672.9,909.7,481.0
2020-04-04,243.6,857.0,1230.3000000000002,535.0
2020-04-05,76.09999999999998,585.4,701.7000000000002,485.0
2020-04-06,116.50000000000001,666.4,844.9000000000001,351.0
2020-04-07,234.50000000000003,1205.4999999999998,1565.6,662.0
2020-04-08,178.8,1373.3999999999999,1647.6999999999998,1254.0
2020-04-09,208.8,1295.2000000000005,1615.6999999999998,1283.0
2020-04-10,132.49999999999997,1076.8000000000002,1280.1,1091.0
2020-04-11,231.1,1522.1999999999998,1876.8999999999999,807.0
2020-04-12,66.60000000000001,500.69999999999993,602.8000000000001,612.0
2020-04-13,47.300000000000004,198.79999999999998,271.4,492.0
2020-04-14,53.800000000000004,384.9,467.0,435.0
2020-04-15,106.6,769.6999999999999,933.0,745.25
2020-04-16,140.4,992.0999999999999,1207.3999999999999,746.5
2020-04-17,94.80000000000003,603.1,748.3,579.25
2020-04-18,155.9,838.8000000000002,1077.8999999999999,631.0
2020-04-19,141.79999999999998,741.7,958.5999999999999,540.0
2020-04-20,97.40000000000002,491.79999999999995,641.5999999999999,658.0
2020-04-21,94.80000000000001,548.8000000000001,694.6,889.0
2020-04-22,120.29999999999998,609.3,794.2,789.0
2020-04-23,140.9,806.7999999999998,1022.8999999999997,877.0
2020-04-24,122.10000000000001,659.8000000000001,847.3,744.0
2020-04-25,70.5,418.9,527.4000000000001,456.5
2020-04-26,83.5,536.3,664.4,485.0
2020-04-27,152.60000000000002,680.1,914.2000000000002,608.0
2020-04-28,174.4,556.2,823.5999999999999,233.0
2020-04-29,199.1,480.3,785.6,351.5
2020-04-30,163.79999999999998,411.59999999999997,663.2,370.00000000000006
2020-05-01,131.8,398.4,600.2,337.0
2020-05-02,106.30000000000001,365.2,528.3,270.7686567164179
2020-05-03,191.69999999999996,558.4,851.8,400.65671641791045
2020-05-04,171.70000000000002,463.20000000000005,726.3,426.44776119402985
2020-05-05,91.00000000000001,314.1,453.6,403.6268656716418
2020-05-06,130.89999999999998,470.69999999999993,671.1999999999998,473.0
2020-05-07,212.20000000000002,659.5,984.9000000000002,548.0
2020-05-08,168.79999999999998,743.6,1002.3999999999999,603.0
2020-05-09,152.7,629.6999999999999,864.1,809.0
2020-05-10,151.70000000000002,351.7,584.8000000000001,578.0
2020-05-11,127.59999999999998,262.0,457.69999999999993,344.0
2020-05-12,199.79999999999998,513.9,820.2,282.0
2020-05-13,186.70000000000002,362.9,649.2,307.0
2020-05-14,194.3,360.1500000000001,657.85,238.0
2020-05-15,257.40000000000003,592.7,987.1999999999998,364.0
2020-05-16,173.99999999999997,416.7,683.6,262.0
2020-05-17,185.10000000000002,423.0,706.9999999999999,296.0
2020-05-18,150.00000000000003,295.09999999999997,524.8999999999999,297.0
2020-05-19,146.29999999999998,341.6000000000001,566.1999999999998,253.0
2020-05-20,207.3,511.8,830.0,294.0
2020-05-21,185.20000000000002,532.2,816.6999999999999,443.0
2020-05-22,96.39999999999998,196.8,344.70000000000005,604.0
2020-05-23,121.4,121.10000000000001,306.69999999999993,504.0
2020-05-24,101.70000000000002,250.4,406.59999999999997,367.0
2020-05-25,129.20000000000002,330.79999999999995,528.5999999999999,366.0
2020-05-26,159.4,484.8999999999999,729.1999999999999,369.0
2020-05-27,191.80000000000004,477.59999999999997,771.3999999999999,409.0
2020-05-28,173.0,212.80000000000004,478.40000000000003,320.0
2020-05-29,192.20000000000002,362.5,656.5999999999997,400.0
2020-05-30,146.10000000000002,285.99999999999994,510.2999999999999,440.0
2020-05-31,118.40000000000003,236.00000000000006,417.59999999999997,373.0
2020-06-01,167.3,311.9,568.6,355.0
2020-06-02,167.09999999999997,444.20000000000005,700.6999999999999,405.0
2020-06-03,211.20000000000002,530.5,854.4,505.0
2020-06-04,234.09999999999997,297.90000000000003,656.8999999999997,224.0
2020-06-05,220.79999999999998,274.8,613.5000000000001,219.0
2020-06-06,286.0,367.40000000000003,805.9000000000002,216.0
2020-06-07,473.09999999999997,415.99999999999994,1140.7,215.0
2020-06-08,534.5000000000001,520.5,1340.1,347.0
2020-06-09,348.9,441.9,977.1999999999999,319.0
2020-06-10,457.8,574.2,1276.0,342.0
2020-06-11,405.35,482.20000000000005,1103.05,418.0
2020-06-12,397.5,580.1,1189.8000000000004,566.0
2020-06-13,303.9000000000001,430.4,896.3000000000001,370.0
2020-06-14,219.0,351.80000000000007,687.6,377.0
2020-06-15,208.4,347.70000000000005,540.4499999999999,255.0
2020-06-16,133.59999999999997,484.40000000000003,689.5,299.0
2020-06-17,170.5,671.0,932.4000000000002,369.0
2020-06-18,294.6,574.6000000000001,1026.3999999999999,203.0
2020-06-19,230.5,445.5,798.5999999999999,279.0
2020-06-20,162.59999999999997,381.2,630.7,248.0
2020-06-21,170.29999999999995,313.0,574.3999999999999,269.0
2020-06-22,178.60000000000005,436.8,710.6999999999999,433.0
2020-06-23,172.20000000000002,607.1999999999998,871.2999999999998,462.0
2020-06-24,124.10000000000001,800.1999999999999,990.2499999999999,718.0
2020-06-25,91.15000000000002,673.6000000000001,814.45,702.0
2020-06-26,94.4,676.1999999999999,820.9,552.0
2020-06-27,47.75000000000001,210.75,283.7999999999999,328.0
2020-06-28,37.300000000000004,193.3,250.59999999999997,289.0
2020-06-29,53.05714285714286,272.02142857142854,353.11428571428576,417.0
2020-06-30,97.04285714285713,413.8285714285715,561.9857142857144,324.0
2020-07-01,85.89999999999998,341.4,473.3000000000001,236.0
2020-07-02,99.22222222222224,366.38888888888886,518.9222222222222,256.0
2020-07-03,66.8777777777778,245.5111111111111,349.1777777777778,299.0
2020-07-04,48.10000000000001,154.90000000000003,228.6,174.0
2020-07-05,19.999999999999996,73.50000000000001,104.19999999999999,306.0
2020-07-06,45.9,226.79999999999998,297.2,291.0
2020-07-07,89.39999999999999,431.20000000000005,567.8000000000001,310.0
2020-07-08,122.90000000000005,327.0,515.1,178.0
2020-07-09,114.19999999999999,241.60000000000002,416.50000000000006,232.0
2020-07-10,60.3,263.6,355.9,269.0
2020-07-11,78.7,372.70000000000005,493.2,316.0
2020-07-12,124.29999999999998,480.09999999999997,670.8,390.0
2020-07-13,62.20000000000002,384.2,479.8,280.0
2020-07-14,113.8,372.9,547.1999999999999,306.0
2020-07-15,74.30000000000001,327.70000000000005,441.9,274.0
2020-07-16,85.29999999999998,330.49999999999994,461.30000000000007,302.0
2020-07-17,81.89999999999999,399.0999999999999,524.9,456.0
2020-07-18,43.3,226.60000000000005,292.99999999999994,356.0
2020-07-19,88.30000000000003,316.50000000000006,452.1,280.0
2020-07-20,120.70000000000002,414.79999999999995,600.5,331.0
2020-07-21,125.49999999999997,543.6999999999999,736.2,396.0
2020-07-22,66.6,438.05,540.25,413.0
2020-07-23,50.99999999999999,383.69999999999993,462.49999999999994,411.0
2020-07-24,68.60000000000001,304.30000000000007,409.5,299.0
2020-07-25,54.5,239.69999999999996,323.59999999999997,222.0
2020-07-26,42.1,184.2,248.6,332.0
2020-07-27,94.00000000000003,270.1000000000001,414.0,351.0
2020-07-28,48.99999999999999,206.70000000000002,281.90000000000003,286.0
2020-07-29,83.99999999999997,433.1,561.7,321.0
2020-07-30,128.0,600.6999999999999,797.0,392.0
2020-07-31,92.4,668.0,809.6000000000001,854.0
2020-08-01,39.1,198.8,259.2,333.0
2020-08-02,28.300000000000004,170.59999999999997,214.5,287.0
2020-08-03,102.2,349.59999999999997,506.0,298.0
2020-08-04,133.89999999999998,448.59999999999997,653.9000000000002,380.0
2020-08-05,52.50000000000001,250.40000000000003,330.99999999999994,346.0
2020-08-06,131.09999999999997,531.1,732.1,374.0
2020-08-07,228.8,1169.3,1520.0,763.0
2020-08-08,134.8,893.9000000000001,1100.9,816.0
2020-08-09,38.900000000000006,297.4,356.90000000000003,780.0
2020-08-10,68.49999999999999,530.1999999999999,634.9999999999999,947.0
2020-08-11,80.99999999999999,821.1,945.6999999999998,1061.0
2020-08-12,67.4,823.6999999999998,927.2999999999997,1330.0
2020-08-13,73.10000000000001,497.09999999999997,609.2,763.0
2020-08-14,114.89999999999999,512.8,688.8,527.0
2020-08-15,120.4,559.5000000000001,743.5000000000001,530.8260869565217
2020-08-16,96.79999999999998,625.6000000000001,774.2,553.5652173913044
2020-08-17,92.69999999999999,561.6999999999998,703.6,478.4347826086957
2020-08-18,75.3,276.3,391.8,354.17391304347825
2020-08-19,205.9,493.09999999999997,808.6,306.0
2020-08-20,66.9,315.20000000000005,417.1,569.0
2020-08-21,43.0,181.1,246.79999999999998,549.0
2020-08-22,38.49999999999999,217.7,277.0,404.0
2020-08-23,35.400000000000006,208.00000000000003,262.40000000000003,293.0
2020-08-24,79.8,390.4,512.8999999999999,308.0
2020-08-25,104.38711656441717,319.20368098159514,478.2852760736196,355.0
2020-08-26,199.361963190184,435.72515337423323,739.8993865030675,310.0
2020-08-27,279.9312883435582,560.8196319018405,988.3214723926382,393.0
2020-08-28,360.50061349693243,685.9141104294478,1236.7435582822086,288.0
2020-08-29,441.0699386503067,811.008588957055,1485.1656441717796,339.0
2020-08-30,521.6392638036809,936.1030674846626,1733.5877300613495,408.0
2020-08-31,602.208588957055,1061.1975460122699,1982.0098159509207,398.0
2020-09-01,486.20122699386496,996.1282208588956,1740.9871165644172,481.0
2020-09-02,99.8,758.1999999999999,911.1,430.0
2020-09-03,68.9020920502092,406.552580195258,512.9546722454672,310.0
2020-09-04,28.88284518828452,336.5221757322176,382.205020920502,429.0
2020-09-05,29.003347280334726,333.7907949790795,379.59414225941424,360.0
2020-09-06,29.12384937238494,331.0594142259415,376.9832635983264,365.0
2020-09-07,29.244351464435148,328.32803347280344,374.3723849372385,371.0
2020-09-08,29.364853556485357,325.5966527196653,371.76150627615067,295.0
2020-09-09,29.485355648535567,322.86527196652725,369.1506276150628,359.0
2020-09-10,29.605857740585776,320.1338912133891,366.53974895397494,481.0
2020-09-11,29.726359832635985,317.40251046025105,363.92887029288704,491.0
2020-09-12,29.84686192468619,314.671129707113,361.31799163179915,371.0
2020-09-13,29.9673640167364,311.93974895397486,358.70711297071136,331.0
2020-09-14,30.08786610878661,309.20836820083673,356.09623430962347,682.0
2020-09-15,30.20836820083682,306.47698744769866,353.4853556485355,1169.0
2020-09-16,30.328870292887032,303.7456066945606,350.8744769874477,768.0
2020-09-17,30.449372384937238,301.0142259414226,348.26359832635984,544.0
2020-09-18,30.56987447698744,298.28284518828457,345.652719665272,578.0
2020-09-19,30.690376569037657,295.55146443514656,343.04184100418405,601.0
2020-09-20,30.810878661087866,292.82008368200843,340.43096234309627,647.0
2020-09-21,30.93138075313808,290.0887029288703,337.8200836820084,645.0
2020-09-22,31.05188284518829,287.35732217573224,335.20920502092054,779.0
2020-09-23,31.17238493723849,284.62594142259417,332.59832635983264,312.0
2020-09-24,31.292887029288703,281.89456066945604,329.9874476987448,258.0
2020-09-25,31.413389121338913,279.163179916318,327.37656903765685,319.0
2020-09-26,31.533891213389122,276.4317991631799,324.76569037656907,306.0
2020-09-27,31.654393305439328,273.70041841004183,322.1548117154812,328.0
2020-09-28,31.77489539748954,270.96903765690377,319.54393305439334,390.0
2020-09-29,31.895397489539747,268.23765690376564,316.9330543933054,364.0
2020-09-30,32.01589958158995,265.50627615062757,314.3221757322176,337.0
2020-10-01,32.136401673640165,262.77489539748956,311.7112970711297,273.0
2020-10-02,32.25690376569038,260.0435146443515,309.1004184100419,307.0
2020-10-03,32.37740585774059,257.3121338912134,306.48953974895403,264.0
2020-10-04,32.49790794979079,254.58075313807532,303.87866108786613,137.0
2020-10-05,32.61841004184101,251.84937238493725,301.2677824267783,313.0
2020-10-06,32.73891213389122,249.11799163179916,298.6569037656904,256.0
2020-10-07,32.85941422594142,246.3866108786611,296.0460251046025,341.0
2020-10-08,32.97991631799163,243.65523012552302,293.43514644351467,259.0
2020-10-09,33.10041841004184,240.92384937238495,290.82426778242683,323.0
2020-10-10,33.22092050209205,238.19246861924688,288.21338912133893,249.0
2020-10-11,33.341422594142266,235.4610878661088,285.6025104602511,243.0
2020-10-12,33.46192468619247,232.72970711297071,282.9916317991632,329.0
2020-10-13,33.58242677824268,229.99832635983262,280.3807531380753,311.0
2020-10-14,33.70292887029289,227.26694560669458,277.76987447698747,364.0
2020-10-15,33.823430962343096,224.53556485355648,275.15899581589963,427.0
2020-10-16,33.943933054393305,221.80418410041844,272.5481171548118,370.5
2020-10-17,34.064435146443515,219.07280334728034,269.9372384937239,377.0
2020-10-18,34.18493723849373,216.34142259414227,267.32635983263594,472.0
2020-10-19,34.30543933054394,213.6100418410042,264.71548117154816,486.0
2020-10-20,34.42594142259414,210.8786610878661,262.10460251046027,543.0
2020-10-21,34.54644351464435,208.14728033472804,259.49372384937243,329.0
2020-10-22,34.66694560669456,205.41589958158997,256.8828451882846,402.0
2020-10-23,34.78744769874478,202.6845188284519,254.2719665271967,404.0
2020-10-24,34.90794979079498,199.95313807531383,251.66108786610877,306.0
2020-10-25,35.02845188284518,197.22175732217576,249.05020920502093,286.0
2020-10-26,35.1489539748954,194.49037656903766,246.4393305439331,361.0
2020-10-27,35.26945606694561,191.7589958158996,243.82845188284523,339.0
2020-10-28,35.38995815899582,189.02761506276153,241.21757322175733,536.4918032786886
2020-10-29,35.51046025104603,186.29623430962343,238.6066945606695,537.2459016393443
2020-10-30,35.63096234309623,183.5648535564854,235.99581589958157,452.26229508196724
2020-10-31,35.751464435146445,180.83347280334732,233.38493723849373,367.27868852459017
2020-11-01,35.871966527196655,178.1020920502092,230.7740585774059,282.29508196721315
2020-11-02,42.88096234309624,219.331520223152,284.01248256624825,267.4262295081967
2020-11-03,100.90000000000002,528.1,682.4,417.0
2020-11-04,852.4000000000001,1067.3,2374.8,664.0
2020-11-05,2931.8,1523.8999999999999,6019.300000000001,1694.0
2020-11-06,1319.3999999999999,1138.6000000000001,3162.3,1306.0
2020-11-07,871.8,957.2999999999998,2293.9,1084.0
2020-11-08,553.0999999999999,728.7000000000002,1576.7,944.0
2020-11-09,610.8999999999999,828.2,1765.2,557.0
2020-11-10,242.25000000000003,915.15,1286.8000000000002,432.0
2020-11-11,213.1,653.5999999999999,980.4000000000001,363.0
2020-11-12,87.69999999999999,504.6000000000001,639.3,385.0
2020-11-13,135.8,820.8999999999999,1029.6000000000001,444.0
2020-11-14,61.8,415.90000000000003,510.50000000000006,410.0
2020-11-15,31.900000000000002,286.6,335.2,296.0
2020-11-16,76.29999999999998,509.8,626.7,392.0
2020-11-17,50.2,428.80000000000007,506.0000000000001,383.0
2020-11-18,64.8,421.2,520.6,436.0
2020-11-19,124.6,686.1,877.3000000000001,341.0
2020-11-20,194.89999999999998,967.5,1266.1000000000001,354.0
2020-11-21,36.7,345.30000000000007,401.49999999999994,297.0
2020-11-22,111.80000000000001,635.8000000000001,807.5,331.0
2020-11-23,1026.1000000000001,1228.2999999999997,2802.0999999999995,625.0
2020-11-24,130.6,577.3,777.5999999999999,369.0
2020-11-25,149.4,727.5000000000001,956.6,483.0
2020-11-26,836.0000000000001,1247.3000000000002,2529.4,697.0
2020-11-27,1255.9,1192.9000000000003,3118.6000000000004,709.0
2020-11-28,623.1,1178.8000000000002,2134.1,1077.0
2020-11-29,267.2,976.1,1386.2,792.0
2020-11-30,230.1,746.3000000000002,1098.7,474.0
2020-12-01,190.00000000000003,789.2,1080.7000000000003,400.0
2020-12-02,652.2000000000002,1292.8999999999999,2292.8,599.0
2020-12-03,310.8,1042.0,1519.0,297.0
2020-12-04,196.50000000000003,861.4999999999998,1162.6999999999998,333.0
2020-12-05,263.8,806.4000000000001,1211.0000000000002,431.0
2020-12-06,387.79999999999995,951.1,1546.2,443.0
2020-12-07,557.2,1104.8999999999999,1958.9,504.0
2020-12-08,1006.5999999999999,1306.1,2849.4000000000005,632.0
2020-12-09,276.0,1022.5999999999999,1445.7000000000003,466.0
2020-12-10,115.60000000000002,671.5,849.0,485.0
2020-12-11,544.2,1217.1000000000001,2051.5,421.0
2020-12-12,96.5,672.8,820.4,380.0
2020-12-13,85.20000000000002,588.9000000000002,719.4000000000001,290.0
2020-12-14,71.29999999999998,516.6,626.1,360.0
2020-12-15,137.75,758.6499999999999,969.6,394.0
2020-12-16,181.9,707.5999999999999,986.3,380.0
2020-12-17,95.49999999999999,549.6999999999999,696.6,343.0
2020-12-18,64.8,332.5,431.6,281.0
2020-12-19,50.4,336.29999999999995,413.3,352.0
2020-12-20,39.399999999999984,404.3,464.7,295.0
2020-12-21,71.0,396.3,505.49999999999994,208.0
2020-12-22,528.2,845.4000000000002,1655.2,354.0
2020-12-23,141.99999999999997,639.0,856.7999999999998,259.0
2020-12-24,106.19999999999999,451.8,614.9,251.0
2020-12-25,44.3,447.7,515.6999999999999,298.0
2020-12-26,21.2,278.5,310.9,238.5
2020-12-27,111.39999999999998,461.29999999999995,631.9,305.0
2020-12-28,252.4,924.9999999999999,1312.0000000000002,412.0
2020-12-29,110.4,606.8999999999999,776.6,391.9657534246575
2020-12-30,351.0,1035.6999999999998,1574.0000000000002,305.5068493150685
2020-12-31,215.30000000000004,838.1000000000001,1168.3000000000002,277.8904109589041
2021-01-01,150.8,634.0,864.9,250.27397260273972
2021-01-02,200.60000000000002,662.4,970.0000000000001,222.65753424657538
2021-01-03,172.7,471.79999999999995,736.5999999999999,195.041095890411
2021-01-04,126.10000000000001,298.79999999999995,491.0,226.16438356164383
2021-01-05,180.00000000000003,376.7,652.5,274.0
2021-01-06,353.4,622.1000000000001,1163.7,332.0
2021-01-07,411.07037037037037,910.662962962963,1541.0,509.0
2021-01-08,479.4296296296297,935.8370370370368,1671.1000000000001,577.0
2021-01-09,850.8,968.1,2273.1,581.0
2021-01-10,188.20000000000002,787.5999999999999,1076.2,446.0
2021-01-11,66.4,464.4,566.3,231.0
2021-01-12,183.8,760.3,1042.0,224.0
2021-01-13,642.7,1101.0,2086.2999999999997,419.0
2021-01-14,188.9,678.2,967.9,161.0
2021-01-15,941.2499999999998,1088.2,2531.05,575.0
2021-01-16,148.10000000000002,590.5,817.4999999999998,268.0
2021-01-17,62.9,380.6,477.20000000000005,335.0
2021-01-18,100.89999999999996,598.3999999999999,753.1,301.0
2021-01-19,44.300000000000004,252.09999999999997,320.0,151.0
2021-01-20,49.20000000000001,259.3,334.80000000000007,251.0
2021-01-21,70.10000000000002,445.29999999999995,552.8000000000001,258.0
2021-01-22,221.40000000000003,818.0000000000001,1157.9999999999998,353.0
2021-01-23,236.09999999999997,769.9,1131.6000000000001,296.0
2021-01-24,232.00000000000006,1048.8000000000002,1404.4999999999998,349.0
2021-01-25,209.60000000000002,923.9000000000002,1245.3999999999999,356.0
2021-01-26,283.59999999999997,920.5999999999998,1355.8,282.0
2021-01-27,379.8,999.3999999999997,1581.8,329.0
2021-01-28,88.0,531.7,666.6,216.0
2021-01-29,80.39999999999999,476.6,600.0999999999999,304.0
2021-01-30,118.29999999999998,413.70000000000005,595.3000000000001,255.0
2021-01-31,178.1,509.5999999999999,782.5,361.0
2021-02-01,313.49999999999994,743.2,1223.6999999999998,463.0
2021-02-02,165.6,626.1,879.8,473.0
2021-02-03,210.49999999999997,750.1,1073.3000000000002,449.0
2021-02-04,265.29999999999995,782.8999999999999,1189.7,360.0
2021-02-05,159.20000000000002,659.0,902.9999999999999,297.0
2021-02-06,274.1,718.1999999999999,1138.5000000000005,356.0
2021-02-07,68.3,188.2,292.80000000000007,318.0
2021-02-08,170.3,405.50000000000006,666.6,258.0
2021-02-09,166.20000000000002,516.0,771.5999999999999,293.0
2021-02-10,221.1,611.3,950.1999999999999,407.0
2021-02-11,161.6,676.7000000000002,924.2000000000002,478.0
2021-02-12,111.19999999999997,550.1,719.9999999999999,566.0
2021-02-13,49.2,430.3,505.40000000000003,425.0
2021-02-14,98.2,403.70000000000005,554.1,464.0
2021-02-15,141.2,642.3000000000001,858.9,307.0
2021-02-16,76.00000000000003,461.5,578.1000000000001,379.0
2021-02-17,57.30000000000001,320.59999999999997,408.4,374.0
2021-02-18,87.30000000000001,378.70000000000005,512.7,333.0
2021-02-19,91.3,398.4,538.7,376.0
2021-02-20,59.300000000000004,244.0,334.6,851.0
2021-02-21,145.1,593.3000000000001,815.5999999999999,631.0
2021-02-22,465.2,1095.3,1808.6000000000001,727.0
2021-02-23,93.80000000000001,394.0,538.0000000000001,355.0
2021-02-24,62.8,335.00000000000006,431.0,348.2
2021-02-25,106.20000000000003,613.7,776.1000000000001,409.44000000000005
2021-02-26,409.4,1070.3999999999999,1698.6000000000001,432.48
2021-02-27,436.0,1119.3,1787.9999999999998,593.88
2021-02-28,155.7,598.9000000000001,837.7,554.0
2021-03-01,170.70000000000005,518.1999999999999,779.8000000000001,780.0
2021-03-02,517.0,769.4000000000001,1562.3,1041.0
2021-03-03,596.7,1044.3000000000002,1959.7,1159.0
2021-03-04,279.1,770.1999999999999,1198.3,468.0
2021-03-05,191.2,555.4000000000001,848.1999999999999,381.0
2021-03-06,156.6,625.6,865.8,344.0
2021-03-07,281.6,913.1999999999999,1344.8999999999999,569.0
2021-03-08,502.1,1347.9999999999998,2117.7000000000003,955.0
2021-03-09,148.20000000000002,700.7,928.3999999999999,537.0
2021-03-10,53.1,378.40000000000003,460.09999999999985,418.0
2021-03-11,53.29999999999999,259.00000000000006,340.9000000000001,412.0
2021-03-12,59.100000000000016,323.8,414.4,318.0
2021-03-13,43.099999999999994,226.30000000000004,292.20000000000005,195.0
2021-03-14,41.099999999999994,230.89999999999998,294.1,242.0
2021-03-15,135.0,656.3,863.1999999999999,375.0
2021-03-16,150.7,625.6999999999998,857.3,479.0
2021-03-17,225.79494163424124,746.8529182879377,1094.2346303501947,883.4699140401148
2021-03-18,278.1618677042801,836.9066147859922,1265.6918287937747,993.6962750716332
2021-03-19,268.5245136186771,829.174319066148,1243.0552529182878,1026.7048710601719
2021-03-20,258.88715953307394,821.4420233463035,1220.4186770428016,1059.7134670487105
2021-03-21,249.2498054474708,813.7097276264592,1197.7821011673157,1092.7220630372492
2021-03-22,239.61245136186773,805.977431906615,1175.1455252918288,1125.7306590257876
2021-03-23,229.97509727626453,798.2451361867703,1152.5089494163424,1158.7392550143268
2021-03-24,220.33774319066148,790.512840466926,1129.8723735408562,1191.7478510028652
2021-03-25,210.70038910505835,782.7805447470819,1107.2357976653698,1224.7564469914043
2021-03-26,201.06303501945524,775.0482490272373,1084.5992217898831,1257.7650429799428
2021-03-27,191.42568093385216,767.315953307393,1061.9626459143972,1290.7736389684815
2021-03-28,181.78832684824897,759.5836575875487,1039.3260700389108,1323.7822349570201
2021-03-29,172.15097276264595,751.8513618677043,1016.689494163424,1356.7908309455584
2021-03-30,162.51361867704279,744.1190661478599,994.0529182879378,1389.7994269340977
2021-03-31,152.87626459143974,736.3867704280156,971.4163424124517,1422.808022922636
2021-04-01,143.2389105058366,728.6544747081713,948.7797665369649,839.0
2021-04-02,133.60155642023344,720.922178988327,926.1431906614786,364.0
2021-04-03,123.96420233463037,713.1898832684824,903.5066147859925,586.0
2021-04-04,114.32684824902725,705.4575875486382,880.8700389105059,574.0
2021-04-05,104.68949416342414,697.725291828794,858.2334630350192,369.0
2021-04-06,95.05214007782104,689.9929961089492,835.5968871595333,301.0
2021-04-07,85.46498054474709,676.000972762646,806.8782101167317,322.0
2021-04-08,80.29999999999998,534.0999999999999,657.1,346.0
2021-04-09,114.89999999999999,571.0,747.5,386.0
2021-04-10,114.4,397.90000000000003,573.6,386.0
2021-04-11,102.1,561.5,718.7000000000003,309.0
2021-04-12,285.5,1025.4,1463.0,429.0
2021-04-13,939.7999999999998,1277.8000000000002,2718.6000000000004,660.5
2021-04-14,224.40000000000003,783.2,1127.5000000000002,472.0
2021-04-15,173.4,625.8,891.4,334.5
2021-04-16,168.56774193548384,547.1354838709678,806.683870967742,404.0
2021-04-17,67.45161290322581,297.50322580645167,403.02580645161294,331.3333333333333
2021-04-18,62.8064516129032,317.0129032258065,415.1032258064517,370.16666666666663
2021-04-19,58.161290322580655,336.5225806451612,427.1806451612904,790.0
2021-04-20,53.516129032258085,356.03225806451604,439.258064516129,1136.0
2021-04-21,53.39677419354838,387.3935483870967,469.9483870967742,1056.0
2021-04-22,112.6,363.40000000000003,536.2,558.0
2021-04-23,148.0,557.7,784.6,555.0
2021-04-24,118.4,466.9000000000001,648.1,523.0
2021-04-25,67.1,213.7,316.9,355.0
2021-04-26,98.19999999999999,295.29999999999995,445.99999999999994,384.5
2021-04-27,200.19999999999996,819.0,1126.1000000000001,704.0
2021-04-28,142.9,614.9,833.9000000000001,713.0
2021-04-29,114.40000000000002,553.7,729.5999999999999,369.0
2021-04-30,133.9,687.6,892.6,478.0
2021-05-01,117.5,605.3999999999999,785.5,455.0
2021-05-02,79.2,663.5,784.4999999999999,512.0
2021-05-03,23.100000000000005,252.19999999999996,288.1,390.0
2021-05-04,37.599999999999994,205.0,262.7,278.0
2021-05-05,84.1,429.7,559.1999999999999,253.0
2021-05-06,127.8,524.5,720.2,315.0
2021-05-07,76.1,390.30000000000007,507.29999999999995,376.0
2021-05-08,40.599999999999994,268.90000000000003,331.40000000000003,339.0
2021-05-09,53.50000000000001,233.9,316.40000000000003,291.0
2021-05-10,44.900000000000006,226.3,295.5,374.0
2021-05-11,144.30000000000004,497.59999999999997,719.8,432.0
2021-05-12,71.2,328.3,437.1000000000001,439.0
2021-05-13,150.49999999999997,614.2,845.6000000000003,422.0
2021-05-14,103.8,496.6000000000001,655.5,421.0
2021-05-15,66.50000000000001,452.09999999999997,553.8000000000001,338.0
2021-05-16,52.20000000000001,300.9,381.1,322.0
2021-05-17,98.00000000000001,514.2,664.9000000000001,313.0
2021-05-18,104.30000000000003,510.19999999999993,670.6,333.0
2021-05-19,75.7,447.8,563.3,295.0
2021-05-20,80.39999999999999,356.99999999999994,479.9,440.0
2021-05-21,42.900000000000006,189.5,255.6,449.0
2021-05-22,50.70000000000001,342.69999999999993,420.7000000000001,268.0
2021-05-23,36.6,215.70000000000005,271.9,273.0
2021-05-24,66.50000000000001,346.6000000000001,448.6,317.0
2021-05-25,70.19999999999999,363.0,470.9999999999999,308.0
2021-05-26,89.9,434.99999999999994,573.0,354.0
2021-05-27,117.80000000000004,586.6999999999999,767.5000000000001,487.0
2021-05-28,116.0,654.6999999999999,833.0,633.0
2021-05-29,87.50000000000001,441.3999999999999,575.8000000000001,582.0
2021-05-30,65.69999999999999,231.3,331.8,549.0
2021-05-31,61.10000000000001,319.90000000000003,414.0,638.0
2021-06-01,100.40000000000002,490.79999999999995,645.0,631.0
2021-06-02,82.99999999999997,762.5999999999999,889.9,788.0
2021-06-03,43.5,329.1000000000001,395.40000000000003,552.0
2021-06-04,148.10000000000002,538.6999999999999,766.0999999999999,403.0
2021-06-05,51.599999999999994,339.5,418.59999999999997,450.0
2021-06-06,70.50000000000001,424.1,532.2,356.0
2021-06-07,83.00000000000001,379.49999999999994,506.8,345.0
2021-06-08,97.75,428.8000000000001,578.4500000000002,388.0
2021-06-09,79.80000000000003,401.0,523.5,380.0
2021-06-10,100.39999999999999,325.79999999999995,480.2,345.0
2021-06-11,86.89999999999999,275.7000000000001,409.3000000000001,370.0
2021-06-12,62.3,331.3,427.0,439.0
2021-06-13,53.5,434.59999999999997,516.8,521.0
2021-06-14,74.0,426.20000000000005,539.6999999999999,466.0
2021-06-15,107.0,494.09999999999997,658.3,519.0
2021-06-16,106.79999999999998,649.7,813.4000000000001,554.0
2021-06-17,141.60000000000002,559.0,776.3,425.0
2021-06-18,142.40000000000003,503.0000000000001,721.9000000000001,261.0
2021-06-19,136.1,381.70000000000005,590.8000000000001,324.0
2021-06-20,104.7,279.6,440.20000000000005,347.0
2021-06-21,124.99999999999999,337.0,528.9000000000001,369.0
2021-06-22,137.90000000000003,351.8,563.0,488.0
2021-06-23,165.30000000000004,555.0000000000001,808.5,461.0
2021-06-24,189.20000000000002,629.2,919.3,559.0
2021-06-25,127.80000000000001,482.40000000000003,678.2999999999998,361.0
2021-06-26,117.8,367.59999999999997,548.5999999999999,433.0
2021-06-27,77.5,357.40000000000003,476.3,637.0
2021-06-28,159.7,441.70000000000005,685.9000000000001,437.0
2021-06-29,187.10000000000008,481.39999999999986,768.1000000000003,499.5
2021-06-30,9.4,23.2,37.6,16.0
