MeasurementDateGMT,Wandsworth - Battersea: Nitric Oxide (ug/m3),Wandsworth - Battersea: Nitrogen Dioxide (ug/m3),Wandsworth - Battersea: Oxides of Nitrogen (ug/m3),Wandsworth - Battersea: PM10 Particulate (ug/m3)
2018-01-01,234.89999999999998,546.6,906.5999999999999,295.2
2018-01-02,231.29999999999998,693.2,1048.2,447.79999999999995
2018-01-03,283.30000000000007,447.99999999999994,882.5999999999998,696.9000000000002
2018-01-04,412.40000000000003,823.5000000000001,1455.6999999999998,391.8
2018-01-05,566.5,1160.1999999999998,2028.4,463.79999999999995
2018-01-06,954.2,1366.1999999999998,2829.7000000000003,550.6
2018-01-07,391.40000000000003,702.8,1302.8,399.49999999999994
2018-01-08,682.0,968.3,2013.7,825.5
2018-01-09,678.3999999999997,1007.8000000000001,2048.2999999999997,825.7000000000002
2018-01-10,1216.8000000000002,1532.5000000000002,3397.9,746.3000000000001
2018-01-11,2077.2,1452.4499999999994,4636.999999999999,851.3000000000002
2018-01-12,513.2,994.8,1781.4,678.9
2018-01-13,222.39999999999998,738.5999999999999,1080.0999999999997,675.3
2018-01-14,375.90000000000003,979.4,1555.8000000000002,750.2
2018-01-15,250.4,714.8,1099.2,307.5
2018-01-16,316.7,820.0,1305.5999999999997,404.0999999999999
2018-01-17,352.0,766.1999999999999,1306.3,573.9
2018-01-18,336.50000000000006,826.3000000000001,1342.3,412.20000000000005
2018-01-19,483.6000000000001,1129.1000000000001,1870.7000000000003,512.9
2018-01-20,385.1000000000001,1225.6999999999998,1816.3000000000004,265.29999999999995
2018-01-21,301.90000000000003,965.8000000000001,1428.2,371.79999999999995
2018-01-22,637.0,1275.3999999999999,2252.3000000000006,604.5
2018-01-23,159.80000000000004,665.0000000000001,910.6,276.0
2018-01-24,230.89999999999998,627.1,980.9000000000001,221.60000000000005
2018-01-25,213.29999999999993,907.4000000000001,1234.1999999999998,503.1
2018-01-26,1112.4,1634.5,3339.7,865.3
2018-01-27,195.89999999999998,834.9999999999998,1134.9,419.9
2018-01-28,32.89999999999999,434.50000000000006,484.7000000000001,200.10000000000002
2018-01-29,262.6,924.5,1327.3,380.5
2018-01-30,826.2999999999998,1337.2000000000003,2604.5,622.3
2018-01-31,322.3,802.0000000000001,1296.3999999999999,303.80000000000007
2018-02-01,533.2,1022.5999999999999,1839.7999999999997,515.8000000000001
2018-02-02,880.8000000000001,1309.2,2659.8999999999996,806.8000000000003
2018-02-03,544.1,1264.0,2098.2000000000003,389.79999999999995
2018-02-04,380.8999999999999,697.3000000000001,1281.7999999999997,243.60000000000005
2018-02-05,621.4000000000001,1049.8,2002.3000000000002,574.0000000000001
2018-02-06,709.8000000000001,1361.4,2450.0,755.9
2018-02-07,996.6,1539.0999999999997,3067.2,834.0999999999999
2018-02-08,670.9,1252.9,2281.6000000000004,598.9
2018-02-09,516.4,1003.3,1795.0000000000002,457.40000000000003
2018-02-10,280.2,818.9000000000002,1248.1000000000001,330.0
2018-02-11,269.20000000000005,452.3999999999999,865.3,168.20000000000002
2018-02-12,396.70000000000005,938.1,1546.6999999999996,489.9
2018-02-13,398.69999999999993,678.1,1289.4000000000003,243.29999999999995
2018-02-14,405.49999999999994,729.4000000000001,1351.4000000000008,313.7
2018-02-15,364.4,974.3000000000001,1533.5,501.8000000000001
2018-02-16,516.0154929577465,1069.738028169014,1859.976056338028,698.5999999999999
2018-02-17,692.0450704225352,1118.619718309859,2178.4394366197184,833.2
2018-02-18,1170.6929577464787,1450.4281690140842,3245.2563380281686,490.1999999999999
2018-02-19,1188.9464788732391,1624.014084507042,3447.2281690140853,499.59999999999997
2018-02-20,568.3000000000001,1079.6000000000001,1950.9,444.20000000000005
2018-02-21,764.5999999999998,1293.4,2465.4,1344.1000000000004
2018-02-22,655.7,1291.5,2297.0000000000005,1060.0
2018-02-23,721.1999999999998,1401.6999999999996,2507.3000000000006,1021.6999999999999
2018-02-24,548.1,1131.1,1971.7,1052.9
2018-02-25,404.40000000000003,809.4999999999998,1429.7000000000003,576.1999999999999
2018-02-26,634.1,1019.3000000000003,1991.1,646.0999999999999
2018-02-27,706.3,1330.9999999999998,2414.0,535.9000000000001
2018-02-28,759.3000000000003,1231.6999999999998,2395.9,627.0
2018-03-01,564.2,957.6,1822.9999999999995,1112.6000000000001
2018-03-02,646.2999999999998,1234.5000000000002,2224.5999999999995,1135.6999999999998
2018-03-03,567.8,1423.9999999999998,2294.75,1566.4
2018-03-04,379.40000000000003,1050.4999999999998,1632.1,599.0000000000002
2018-03-05,235.50000000000003,882.4,1243.4,486.90000000000003
2018-03-06,428.70000000000005,1189.1000000000004,1846.5,443.09999999999997
2018-03-07,924.6,1696.6,3114.199999999999,564.5
2018-03-08,368.20000000000005,768.8000000000001,1333.4999999999995,427.1
2018-03-09,683.3,1246.7999999999995,2294.8000000000006,567.4000000000001
2018-03-10,165.5,616.0,869.9,516.5
2018-03-11,625.9000000000001,1503.3999999999999,2462.7999999999997,702.9999999999999
2018-03-12,842.6999999999998,1455.4999999999998,2747.2,372.4000000000001
2018-03-13,468.30000000000007,1141.9,1859.7000000000003,644.0999999999999
2018-03-14,205.8,730.0,1045.2999999999997,459.2
2018-03-15,170.0,792.0,1052.6,323.8
2018-03-16,253.5,1030.8,1419.8,799.5000000000001
2018-03-17,495.69999999999993,732.2,1492.5000000000002,483.1
2018-03-18,579.2,747.8,1635.8999999999996,734.5999999999999
2018-03-19,714.0000000000001,989.4000000000002,2084.6,754.1000000000001
2018-03-20,630.7,1103.6999999999998,2070.6000000000004,613.5
2018-03-21,641.0999999999999,1401.6,2383.9999999999995,845.9000000000001
2018-03-22,303.0,1014.1,1478.6,913.5000000000003
2018-03-23,221.00000000000003,690.8999999999999,1029.6,592.9
2018-03-24,381.30000000000007,1092.9999999999998,1677.8,651.5999999999999
2018-03-25,522.7,1341.9999999999998,2143.3999999999996,906.9999999999998
2018-03-26,444.0,1342.2000000000003,2023.1999999999998,667.8000000000001
2018-03-27,455.2000000000001,863.7,1561.4000000000003,429.0
2018-03-28,712.1999999999998,1238.6000000000001,2330.7,281.4
2018-03-29,613.0999999999999,790.1,1730.6000000000001,271.7000000000001
2018-03-30,640.5000000000001,922.8000000000002,1904.8999999999999,266.20000000000005
2018-03-31,621.2999999999998,630.1,1582.2999999999995,181.4
2018-04-01,555.9000000000001,591.7,1443.6000000000001,330.3
2018-04-02,506.6000000000001,374.50000000000006,1151.2999999999997,272.4
2018-04-03,494.8,454.99999999999994,1214.0,331.4
2018-04-04,539.2,377.59999999999997,1204.1999999999998,299.70000000000005
2018-04-05,599.8,620.0999999999999,1539.7000000000003,348.29999999999995
2018-04-06,538.3000000000001,796.0000000000001,1621.7,532.6999999999999
2018-04-07,584.4000000000001,975.0999999999997,1871.5000000000005,729.6000000000001
2018-04-08,462.20000000000005,870.1,1579.4,438.8999999999999
2018-04-09,932.4999999999998,1187.6,2617.7,587.1
2018-04-10,1024.1999999999998,1409.1999999999996,2979.499999999999,911.7000000000002
2018-04-11,1085.9999999999998,1115.3,2780.1000000000004,1137.95
2018-04-12,977.4000000000001,933.9,2432.4999999999995,1089.0000000000002
2018-04-13,755.9999999999998,847.9999999999999,2007.5000000000002,873.9
2018-04-14,486.49999999999994,1002.5999999999998,1748.4,1084.6
2018-04-15,401.9000000000001,570.4999999999999,1186.8,765.5999999999999
2018-04-16,422.09999999999997,530.3000000000001,1177.3,708.3000000000001
2018-04-17,388.3,352.1,947.6000000000001,610.5000000000001
2018-04-18,396.5,820.0,1428.2999999999997,671.5999999999999
2018-04-19,1750.061027190332,2492.03663141994,5177.7457703927475,1439.1999999999998
2018-04-20,1884.07250755287,2689.6504531722057,5581.854380664655,1275.2999999999997
2018-04-21,1855.8815709969786,2654.1942598187306,5503.111178247736,1294.1999999999998
2018-04-22,1827.690634441088,2618.7380664652574,5424.3679758308135,856.9
2018-04-23,1799.4996978851964,2583.281873111782,5345.624773413897,507.9
2018-04-24,1771.308761329305,2547.825679758309,5266.881570996979,465.70000000000005
2018-04-25,1743.1178247734138,2512.369486404834,5188.13836858006,453.3
2018-04-26,1714.9268882175227,2476.913293051359,5109.395166163141,542.5999999999999
2018-04-27,1686.7359516616314,2441.4570996978855,5030.651963746224,436.8
2018-04-28,1658.5450151057403,2406.000906344411,4951.908761329306,306.9
2018-04-29,1630.354078549849,2370.5447129909376,4873.165558912384,314.5
2018-04-30,1602.1631419939572,2335.0885196374625,4794.422356495469,423.4
2018-05-01,1573.9722054380663,2299.632326283988,4715.67915407855,521.3000000000001
2018-05-02,1545.7812688821753,2264.176132930514,4636.9359516616305,315.70000000000005
2018-05-03,1517.5903323262837,2228.7199395770394,4558.192749244713,660.8
2018-05-04,1489.399395770393,2193.2637462235652,4479.449546827794,892.0999999999998
2018-05-05,1461.2084592145015,2157.8075528700906,4400.706344410876,900.5999999999999
2018-05-06,1433.0175226586098,2122.3513595166164,4321.963141993954,995.0000000000001
2018-05-07,1404.8265861027191,2086.895166163142,4243.219939577039,1152.6999999999998
2018-05-08,1376.6356495468278,2051.4389728096676,4164.476737160123,1145.5
2018-05-09,1348.444712990936,2015.9827794561936,4085.7335347432013,807.8000000000002
2018-05-10,1320.2537764350454,1980.5265861027187,4006.9903323262847,606.9999999999999
2018-05-11,1292.062839879154,1945.070392749245,3928.247129909363,577.6
2018-05-12,1263.8719033232624,1909.6141993957708,3849.503927492447,468.2999999999999
2018-05-13,1235.680966767372,1874.1580060422962,3770.760725075528,578.45
2018-05-14,1207.4900302114804,1838.7018126888215,3692.01752265861,605.4
2018-05-15,1179.2990936555889,1803.2456193353473,3613.274320241693,757.1000000000001
2018-05-16,1151.108157099698,1767.7894259818734,3534.531117824772,800.0
2018-05-17,1122.9172205438067,1732.3332326283992,3455.787915407855,829.2000000000002
2018-05-18,1094.7262839879154,1696.8770392749245,3377.0447129909353,826.4
2018-05-19,1066.535347432024,1661.42084592145,3298.3015105740183,794.7000000000002
2018-05-20,1038.3444108761328,1625.964652567976,3219.558308157101,774.5999999999999
2018-05-21,1010.1534743202417,1590.5084592145015,3140.8151057401806,1035.2000000000003
2018-05-22,981.9625377643505,1555.0522658610275,3062.0719033232635,938.1999999999998
2018-05-23,953.7716012084591,1519.5960725075527,2983.3287009063424,906.9
2018-05-24,925.580664652568,1484.1398791540787,2904.585498489426,942.6499999999999
2018-05-25,897.3897280966765,1448.6836858006045,2825.8422960725084,901.5999999999999
2018-05-26,869.1987915407855,1413.22749244713,2747.099093655589,1234.0000000000002
2018-05-27,841.0078549848944,1377.7712990936557,2668.355891238671,933.1500000000001
2018-05-28,812.8169184290032,1342.3151057401815,2589.612688821751,1030.8
2018-05-29,784.6259818731116,1306.8589123867068,2510.869486404834,669.8000000000002
2018-05-30,756.4350453172206,1271.4027190332326,2432.1262839879146,851.9999999999999
2018-05-31,728.2441087613292,1235.9465256797582,2353.383081570997,1169.1
2018-06-01,700.053172205438,1200.490332326284,2274.6398791540787,747.9000000000001
2018-06-02,671.8622356495466,1165.0341389728098,2195.8966767371594,435.50000000000006
2018-06-03,643.6712990936556,1129.5779456193357,2117.1534743202415,492.4
2018-06-04,615.4803625377642,1094.121752265861,2038.4102719033228,528.3000000000001
2018-06-05,587.289425981873,1058.6655589123868,1959.6670694864051,572.7
2018-06-06,559.0984894259818,1023.2093655589125,1880.9238670694865,793.0999999999998
2018-06-07,530.9075528700906,987.7531722054383,1802.1806646525677,773.3
2018-06-08,502.7166163141993,952.2969788519639,1723.4374622356488,772.4000000000001
2018-06-09,474.5256797583081,916.8407854984896,1644.6942598187304,693.8
2018-06-10,446.33474320241686,881.3845921450152,1565.9510574018127,592.6999999999999
2018-06-11,418.1438066465257,845.928398791541,1487.2078549848943,562.3
2018-06-12,389.9528700906344,810.4722054380666,1408.4646525679757,545.3
2018-06-13,346.35377643504535,646.001586102719,1177.140332326284,528.1999999999999
2018-06-14,449.1,667.5999999999999,1356.0,604.2999999999998
2018-06-15,522.8,943.5000000000001,1745.0,647.0999999999999
2018-06-16,372.1,437.9,1007.9999999999999,489.7000000000001
2018-06-17,360.40000000000003,322.79999999999995,875.0000000000001,347.7
2018-06-18,272.3999999999999,484.8,902.5000000000001,504.09999999999997
2018-06-19,250.19999999999996,485.7999999999999,869.6999999999998,409.90000000000003
2018-06-20,469.9000000000001,521.0,1241.3000000000002,486.5
2018-06-21,660.9,720.8,1734.1,613.5000000000001
2018-06-22,744.2999999999998,895.1,2036.1999999999998,598.8000000000001
2018-06-23,534.6999999999999,814.2999999999998,1634.3999999999999,490.80000000000007
2018-06-24,374.6,795.4,1370.0,503.9
2018-06-25,416.50000000000006,1131.4,1770.1000000000004,622.1
2018-06-26,573.5,1096.3999999999999,1975.5999999999997,661.5000000000001
2018-06-27,696.6000000000001,955.8,2023.7000000000003,717.8000000000001
2018-06-28,677.4,899.9000000000001,1938.3999999999996,802.0
2018-06-29,596.2,790.3000000000002,1704.2999999999997,660.4999999999999
2018-06-30,469.8999999999999,606.6999999999999,1326.8000000000002,543.2
2018-07-01,353.6,832.4,1374.5,614.6999999999999
2018-07-02,487.0000000000001,938.0000000000001,1685.1000000000001,641.0999999999999
2018-07-03,527.9000000000001,886.3,1695.6999999999998,606.9999999999999
2018-07-04,466.6,824.7000000000002,1539.8999999999999,657.5
2018-07-05,346.2,1059.5,1590.3999999999996,824.0999999999998
2018-07-06,404.00000000000006,1044.4999999999998,1663.4999999999998,907.5000000000001
2018-07-07,426.99999999999994,863.1999999999999,1517.6,940.1
2018-07-08,391.59999999999997,775.4,1375.8000000000002,608.0999999999998
2018-07-09,459.8,830.0,1535.1000000000001,749.3000000000002
2018-07-10,705.4000000000001,622.2,1704.1999999999998,504.3999999999999
2018-07-11,763.4999999999999,766.9,1937.8000000000004,583.4
2018-07-12,681.0,970.6,2015.0000000000002,776.9999999999999
2018-07-13,752.8588815789474,909.2830592105263,2063.1004934210528,732.2000000000002
2018-07-14,745.9223684210526,883.5888157894738,2026.940131578947,530.8
2018-07-15,723.7539473684209,873.0730263157893,1982.5085526315793,411.7
2018-07-16,701.5855263157895,862.5572368421051,1938.07697368421,602.6
2018-07-17,679.4171052631581,852.0414473684209,1893.645394736842,514.7
2018-07-18,657.2486842105263,841.5256578947369,1849.2138157894733,556.9
2018-07-19,635.0802631578946,831.0098684210526,1804.7822368421057,749.4000000000001
2018-07-20,612.9118421052631,820.4940789473683,1760.3506578947367,619.5999999999999
2018-07-21,590.7434210526317,809.9782894736841,1715.9190789473687,569.3000000000001
2018-07-22,568.5750000000002,799.4625000000001,1671.4874999999997,376.7
2018-07-23,546.4065789473684,788.9467105263157,1627.055921052632,494.40000000000003
2018-07-24,524.2381578947368,778.4309210526314,1582.6243421052627,535.6
2018-07-25,502.06973684210527,767.9151315789472,1538.1927631578951,718.0
2018-07-26,479.90131578947376,757.3993421052633,1493.761184210526,919.6
2018-07-27,457.7328947368422,746.8835526315788,1449.329605263158,740.3
2018-07-28,435.56447368421055,736.3677631578946,1404.8980263157891,538.25
2018-07-29,413.39605263157887,725.8519736842104,1360.4664473684209,270.4
2018-07-30,391.22763157894735,715.3361842105264,1316.0348684210526,264.3
2018-07-31,369.0592105263158,704.820394736842,1271.603289473684,358.3
2018-08-01,346.89078947368426,694.3046052631579,1227.171710526316,375.79999999999995
2018-08-02,324.72236842105264,683.7888157894737,1182.7401315789473,524.6999999999999
2018-08-03,302.55394736842106,673.2730263157896,1138.3085526315792,659.7999999999998
2018-08-04,280.38552631578943,662.7572368421052,1093.8769736842105,411.4
2018-08-05,258.2171052631579,652.241447368421,1049.445394736842,441.7999999999999
2018-08-06,236.04868421052635,641.7256578947369,1005.0138157894737,708.4999999999999
2018-08-07,198.78848684210527,591.1932565789475,897.4021381578948,768.35
2018-08-08,261.4,361.2,762.1,400.90000000000015
2018-08-09,399.8499999999999,644.8500000000001,1257.95,475.0999999999999
2018-08-10,337.9999999999999,523.4999999999999,1042.2,390.6999999999999
2018-08-11,217.60000000000002,452.1000000000001,785.6999999999999,365.40000000000003
2018-08-12,53.7,212.80000000000004,295.3,279.25
2018-08-13,289.50000000000006,524.6,968.2999999999998,465.50000000000006
2018-08-14,330.9,483.3999999999999,990.9,470.8000000000001
2018-08-15,255.7,319.49999999999994,711.4,413.7000000000001
2018-08-16,297.8,422.1,878.5,384.9
2018-08-17,345.6000000000001,423.1,953.3999999999999,410.19999999999993
2018-08-18,122.69999999999999,262.29999999999995,449.9,403.0
2018-08-19,136.4,197.60000000000002,406.5,298.09999999999997
2018-08-20,286.9,506.70000000000005,947.1,363.3
2018-08-21,235.9,408.7,769.8,381.09999999999985
2018-08-22,237.30000000000004,402.3,766.0999999999999,385.0
2018-08-23,308.40000000000003,398.79999999999995,871.5000000000002,319.2
2018-08-24,368.29999999999995,419.59999999999997,984.05,374.2
2018-08-25,402.90000000000003,503.6000000000001,1121.1,398.1
2018-08-26,226.4,357.30000000000007,704.8000000000001,318.70000000000005
2018-08-27,198.7,260.8,565.5,324.50000000000006
2018-08-28,196.4,479.1000000000001,780.1999999999999,395.2999999999999
2018-08-29,437.4,806.4,1477.7000000000003,603.8000000000001
2018-08-30,758.4178343949046,782.628662420382,1946.6261146496818,679.2000000000003
2018-08-31,884.0980891719742,817.8076433121018,2175.0936305732484,712.4
2018-09-01,853.4636942675158,796.3452229299362,2106.5789808917198,595.8000000000002
2018-09-02,822.8292993630577,774.8828025477708,2038.064331210191,680.4000000000001
2018-09-03,792.1949044585984,753.420382165605,1969.5496815286624,867.3
2018-09-04,761.5605095541401,731.9579617834395,1901.0350318471337,706.0999999999999
2018-09-05,730.9261146496817,710.4955414012738,1832.520382165605,632.6
2018-09-06,700.2917197452227,689.0331210191083,1764.0057324840764,709.9
2018-09-07,669.6573248407643,667.5707006369428,1695.491082802548,525.5
2018-09-08,639.0229299363058,646.1082802547769,1626.9764331210192,362.50000000000006
2018-09-09,608.388535031847,624.6458598726115,1558.4617834394905,390.90000000000003
2018-09-10,577.7541401273885,603.1834394904458,1489.9471337579619,549.2
2018-09-11,547.1197452229299,581.7210191082802,1421.4324840764332,484.30000000000007
2018-09-12,516.4853503184714,560.2585987261147,1352.9178343949047,440.6
2018-09-13,485.8509554140127,538.796178343949,1284.4031847133758,630.9000000000002
2018-09-14,455.21656050955414,517.3337579617835,1215.8885350318471,497.20000000000005
2018-09-15,424.5821656050956,495.87133757961783,1147.3738853503187,452.4000000000001
2018-09-16,393.94777070063685,474.4089171974522,1078.85923566879,419.09999999999997
2018-09-17,363.3133757961783,452.9464968152866,1010.3445859872613,487.29999999999995
2018-09-18,332.6789808917198,431.484076433121,941.8299363057326,628.4000000000001
2018-09-19,302.0445859872611,410.02165605095536,873.3152866242038,698.8000000000001
2018-09-20,271.41019108280256,388.5592356687898,804.8006369426753,651.6
2018-09-21,240.77579617834397,367.0968152866242,736.2859872611466,418.09999999999997
2018-09-22,210.14140127388532,345.63439490445853,667.771337579618,348.09999999999997
2018-09-23,179.50700636942676,324.171974522293,599.2566878980894,239.9
2018-09-24,148.87261146496814,302.70955414012735,530.7420382165607,497.6
2018-09-25,82.14840764331213,431.8063694267516,557.9780254777071,675.9
2018-09-26,253.19999999999993,828.4000000000001,1216.9,649.3999999999997
2018-09-27,347.79999999999995,924.7000000000002,1457.6000000000001,772.7
2018-09-28,211.59999999999997,462.6,786.9,510.29999999999995
2018-09-29,400.40000000000003,852.8000000000002,1466.8,620.9
2018-09-30,183.59999999999997,580.2,862.0999999999997,432.8
2018-10-01,300.6,592.2,1052.9000000000003,524.6999999999999
2018-10-02,220.10000000000002,459.69999999999993,797.2,520.6000000000001
2018-10-03,288.4,470.3,912.3000000000001,552.7
2018-10-04,149.50000000000003,346.20000000000005,576.0999999999999,499.9
2018-10-05,392.59999999999997,952.3000000000001,1554.2000000000003,844.5999999999999
2018-10-06,213.70000000000005,707.9000000000002,1035.3,358.29999999999995
2018-10-07,164.7,671.8000000000002,924.4000000000001,339.8
2018-10-08,184.60000000000002,703.2,986.0,347.50000000000006
2018-10-09,226.6,838.6999999999999,1186.0,509.49999999999994
2018-10-10,826.1999999999999,1451.2999999999995,2718.7999999999997,1356.1000000000001
2018-10-11,49.6,333.49999999999994,409.5,499.5
2018-10-12,92.8,214.1,356.3,441.8999999999999
2018-10-13,93.99999999999999,208.29999999999995,352.09999999999997,430.19999999999993
2018-10-14,100.00000000000001,438.90000000000003,592.3000000000001,174.40000000000003
2018-10-15,565.0999999999999,1062.4,1929.1000000000004,435.40000000000003
2018-10-16,130.7,580.1,780.1999999999999,484.20000000000005
2018-10-17,398.1,972.1,1582.3,415.80000000000007
2018-10-18,307.1999999999999,805.0000000000001,1275.6,502.9
2018-10-19,1107.1000000000001,1384.1000000000001,3082.2000000000007,774.3000000000001
2018-10-20,991.3000000000001,1032.4,2553.0,907.8000000000001
2018-10-21,221.30000000000004,758.6999999999999,1098.2,440.00000000000006
2018-10-22,569.0,897.1999999999998,1769.8000000000002,496.09999999999997
2018-10-23,462.2000000000001,863.8,1573.1999999999998,586.0999999999998
2018-10-24,513.1999999999999,863.5,1650.7,544.7
2018-10-25,450.29999999999995,865.5000000000002,1556.5000000000002,545.1
2018-10-26,430.99999999999994,887.5,1548.9999999999995,308.2
2018-10-27,274.3,632.6999999999999,1053.2,180.59999999999997
2018-10-28,197.99999999999997,598.6999999999999,902.0999999999998,87.2
2018-10-29,313.3,801.0,1281.3000000000002,235.95000000000002
2018-10-30,402.8000000000001,791.6,1409.4000000000003,400.90000000000003
2018-10-31,813.8,1069.1,2317.2000000000003,557.6
2018-11-01,754.2,1032.8,2189.1999999999994,522.6999999999999
2018-11-02,989.9000000000001,1191.4,2709.3,802.95
2018-11-03,109.35,636.6999999999999,804.6500000000001,586.4
2018-11-04,102.1,479.8,635.9,605.5
2018-11-05,1563.8000000000002,1069.6,3467.8000000000006,1514.1499999999999
2018-11-06,584.1,634.6,1530.4999999999998,664.7999999999998
2018-11-07,110.0,390.9,559.5000000000001,315.69999999999993
2018-11-08,171.20000000000002,589.2,852.1,556.4
2018-11-09,351.7999999999999,597.1000000000001,1136.3,476.5000000000001
2018-11-10,92.2,521.8000000000001,662.6,396.29999999999995
2018-11-11,76.9,388.99999999999994,506.89999999999986,335.7
2018-11-12,161.6,534.8000000000001,782.4000000000001,405.9
2018-11-13,204.79999999999998,635.0000000000001,949.2000000000002,490.0
2018-11-14,370.19999999999993,624.6,1191.8999999999999,586.1
2018-11-15,564.6,627.8000000000001,1493.6,799.6
2018-11-16,645.3,743.9499999999999,1733.3999999999999,572.6999999999999
2018-11-17,495.49999999999994,854.8000000000001,1615.1000000000001,792.9
2018-11-18,341.6999999999999,754.1,1278.6,662.1999999999999
2018-11-19,384.09999999999997,671.8000000000001,1260.6999999999998,364.4
2018-11-20,600.0,878.7000000000002,1798.9,440.1
2018-11-21,820.9,911.6000000000001,2170.2,710.9999999999999
2018-11-22,2042.0,1283.3000000000004,4414.1,1414.8
2018-11-23,1137.3999999999999,1158.1000000000001,2901.9,1246.6000000000001
2018-11-24,542.9,983.4999999999999,1815.7000000000003,843.4
2018-11-25,314.9,747.0,1230.1,627.1999999999999
2018-11-26,450.8,896.7000000000002,1588.4,517.0
2018-11-27,504.09999999999985,814.3,1587.4000000000003,526.3
2018-11-28,165.9,422.49999999999994,676.5000000000002,361.5
2018-11-29,127.19999999999997,333.29999999999995,528.6000000000001,402.70000000000005
2018-11-30,228.2,668.4000000000002,1018.4,524.85
2018-12-01,86.80000000000001,362.80000000000007,495.5,324.4
2018-12-02,70.30000000000001,217.4,325.2,184.30000000000004
2018-12-03,190.99999999999997,546.4,839.6999999999999,422.9
2018-12-04,546.0999999999999,815.4,1653.1000000000001,615.9
2018-12-05,261.2000000000001,526.1000000000001,926.9,448.30000000000007
2018-12-06,119.20000000000002,431.70000000000005,614.7999999999998,355.40000000000003
2018-12-07,171.79999999999998,396.1000000000001,659.3000000000001,305.7
2018-12-08,145.0,270.1000000000001,492.2,425.30000000000007
2018-12-09,163.39999999999998,391.49999999999994,642.4,269.8
2018-12-10,250.79999999999998,463.9,848.4000000000001,649.3000000000001
2018-12-11,894.1,822.3000000000001,2193.5000000000005,908.7
2018-12-12,372.7,726.2,1298.0,744.5000000000002
2018-12-13,798.1999999999997,957.4,2181.8999999999996,926.7368421052631
2018-12-14,1618.979764243615,1195.1668958742634,3678.645383104126,859.2631578947368
2018-12-15,1817.3705304518662,1261.911984282908,4050.572888015717,547.0999999999999
2018-12-16,1754.4518664047155,1259.0829076620826,3951.2157170923383,418.40000000000003
2018-12-17,1691.533202357564,1256.2538310412574,3851.8585461689586,495.8
2018-12-18,1628.6145383104129,1253.424754420432,3752.5013752455798,428.59999999999997
2018-12-19,1565.6958742632614,1250.595677799607,3653.144204322201,307.1
2018-12-20,1502.77721021611,1247.7666011787821,3553.7870333988217,387.6
2018-12-21,1439.8585461689588,1244.937524557957,3454.4298624754424,467.29999999999995
2018-12-22,1376.9398821218074,1242.1084479371318,3355.0726915520627,381.2
2018-12-23,1314.0212180746562,1239.2793713163067,3255.715520628684,202.4
2018-12-24,1251.102554027505,1236.450294695481,3156.3583497053046,543.9
2018-12-25,1188.1838899803538,1233.621218074656,3057.001178781926,491.29999999999995
2018-12-26,1125.2652259332021,1230.7921414538312,2957.644007858546,461.70000000000005
2018-12-27,1062.346561886051,1227.963064833006,2858.286836935167,991.9
2018-12-28,999.4278978388996,1225.1339882121808,2758.9296660117884,769.4999999999999
2018-12-29,936.5092337917486,1222.3049115913557,2659.5724950884087,414.29999999999995
2018-12-30,873.5905697445972,1219.4758349705305,2560.21532416503,306.0
2018-12-31,810.6719056974458,1216.6467583497051,2460.85815324165,278.49999999999994
2019-01-01,747.7532416502945,1213.8176817288802,2361.500982318272,357.50000000000006
2019-01-02,684.8345776031433,1210.9886051080555,2262.143811394892,435.80000000000007
2019-01-03,621.9159135559921,1208.15952848723,2162.786640471513,435.4
2019-01-04,537.3557956777996,1181.9679764243615,2006.7593320235756,824.9
2019-01-05,254.99999999999994,818.2,1209.0000000000002,745.3000000000001
2019-01-06,234.8,738.7999999999998,1099.1000000000001,683.8000000000001
2019-01-07,151.10000000000005,515.8,748.0999999999999,538.05
2019-01-08,285.7,707.9000000000002,1146.1,726.5000000000001
2019-01-09,243.30000000000004,757.6,1130.8000000000002,545.2
2019-01-10,925.0,950.2,2368.8000000000006,1044.5
2019-01-11,669.9,767.9000000000001,1795.1,821.9
2019-01-12,126.89999999999998,477.9000000000001,672.1,350.59999999999997
2019-01-13,40.1,246.80000000000004,308.70000000000005,285.6
2019-01-14,283.59999999999997,697.4999999999999,1132.4,637.4999999999999
2019-01-15,311.09999999999997,537.8000000000001,1014.5999999999999,442.20000000000005
2019-01-16,187.5,566.6,853.9999999999999,306.29999999999995
2019-01-17,464.7,987.0999999999999,1699.8999999999999,476.19999999999993
2019-01-18,684.5000000000001,994.9000000000001,2044.5999999999997,587.9
2019-01-19,372.7000000000001,785.1000000000003,1356.1999999999996,621.3000000000002
2019-01-20,634.7999999999998,1177.4,2150.899999999999,703.5
2019-01-21,1658.8999999999996,1195.1000000000001,3738.800000000001,1129.0
2019-01-22,541.4999999999999,1065.6,1895.7999999999997,395.40000000000003
2019-01-23,928.1,1207.3000000000002,2630.2,504.20000000000005
2019-01-24,2070.7,1539.5999999999995,4714.2,873.2999999999998
2019-01-25,647.8,1068.0999999999997,2061.2999999999997,557.5999999999999
2019-01-26,108.99999999999999,436.49999999999994,603.3999999999999,318.5
2019-01-27,239.2,120.1,486.3,243.20000000000005
2019-01-28,704.3,1018.7999999999998,2098.7,533.1
2019-01-29,407.8,1093.3,1717.9999999999998,472.2
2019-01-30,1109.8961538461538,1230.496153846154,2931.503846153846,458.50000000000006
2019-01-31,1414.6686390532545,1383.1917159763314,3550.9313609467454,724.3000000000002
2019-02-01,1345.6508875739646,1327.466272189349,3389.549112426036,366.19999999999993
2019-02-02,1276.6331360946745,1271.7408284023668,3228.1668639053255,379.19999999999993
2019-02-03,1207.6153846153845,1216.0153846153846,3066.784615384615,404.3999999999999
2019-02-04,1138.5976331360946,1160.2899408284025,2905.4023668639056,357.1
2019-02-05,1069.579881656805,1104.56449704142,2744.0201183431955,359.09999999999997
2019-02-06,1000.5621301775147,1048.8390532544377,2582.6378698224853,395.40000000000003
2019-02-07,931.5443786982248,993.1136094674556,2421.255621301775,317.4999999999999
2019-02-08,862.5266272189351,937.3881656804732,2259.873372781065,325.1
2019-02-09,793.508875739645,881.6627218934912,2098.4911242603553,409.59999999999997
2019-02-10,724.491124260355,825.937278106509,1937.1088757396449,165.2
2019-02-11,655.4733727810651,770.2118343195265,1775.726627218935,575.1
2019-02-12,586.4556213017751,714.4863905325443,1614.344378698225,599.0
2019-02-13,385.34615384615387,643.2461538461538,1234.153846153846,795.0999999999998
2019-02-14,1348.9,1012.2,3080.499999999999,1372.4
2019-02-15,1142.1000000000001,1064.6,2815.7000000000003,1296.5000000000002
2019-02-16,210.6,662.0000000000001,985.0000000000003,857.8999999999999
2019-02-17,174.2,540.2000000000002,807.2,840.3999999999997
2019-02-18,169.10000000000005,541.8999999999999,800.8999999999999,502.5999999999999
2019-02-19,204.29999999999995,511.3000000000001,825.0,559.4999999999999
2019-02-20,162.20000000000005,412.50000000000006,661.9999999999999,587.7000000000002
2019-02-21,187.79999999999998,496.49999999999994,785.0999999999999,759.5999999999999
2019-02-22,307.3905405405405,331.1256756756756,802.6,1107.9
2019-02-23,208.7918918918919,206.16486486486488,526.8,1254.6000000000004
2019-02-24,184.27297297297292,186.31621621621622,469.19999999999993,1237.9999999999995
2019-02-25,159.75405405405402,166.46756756756758,411.6,1876.5
2019-02-26,135.23513513513512,146.61891891891892,354.0,1935.6
2019-02-27,110.71621621621621,126.77027027027026,296.4,1712.1
2019-02-28,91.2891891891892,162.2864864864865,301.70000000000005,799.7999999999998
2019-03-01,175.3,343.59999999999997,612.5,850.5000000000001
2019-03-02,83.19999999999999,160.17499999999998,287.95,456.19999999999993
2019-03-03,31.1,135.175,183.15,303.0
2019-03-04,215.69999999999996,469.3,800.0000000000001,278.69999999999993
2019-03-05,118.89999999999999,405.0,587.8000000000001,364.09999999999997
2019-03-06,61.3,263.5,357.80000000000007,370.5
2019-03-07,137.49999999999997,343.5,554.0999999999999,319.5
2019-03-08,202.29999999999995,518.6999999999999,828.6,333.70000000000005
2019-03-09,53.3,216.39999999999998,298.3,500.4
2019-03-10,62.499999999999986,203.60000000000002,299.2,200.7
2019-03-11,335.20000000000005,356.4,870.5,484.6
2019-03-12,117.30000000000001,375.80000000000007,555.0000000000001,249.00000000000006
2019-03-13,109.69999999999996,318.59999999999997,486.3999999999999,438.49999999999994
2019-03-14,125.2,350.6,542.6,368.20000000000005
2019-03-15,75.10000000000001,193.7,308.5,193.29999999999998
2019-03-16,62.79999999999999,165.7,261.40000000000003,312.8
2019-03-17,67.2,295.29999999999995,398.4000000000001,123.9
2019-03-18,235.94999999999996,758.65,1120.5,513.7
2019-03-19,180.20000000000002,515.9000000000001,792.0,563.1999999999999
2019-03-20,150.39999999999998,428.00000000000006,658.6999999999999,501.69999999999993
2019-03-21,229.49999999999997,449.80000000000007,801.5,615.9
2019-03-22,128.4,407.50000000000006,604.4,580.5
2019-03-23,172.0,539.5999999999999,803.7,618.5000000000001
2019-03-24,164.89999999999998,602.2,854.8999999999997,640.1999999999999
2019-03-25,264.4,631.2000000000002,1037.2,728.2
2019-03-26,502.79999999999995,1131.1999999999998,1902.5,951.1
2019-03-27,424.2,1006.3000000000002,1656.7000000000003,794.6000000000001
2019-03-28,499.3999999999999,1196.2000000000003,1961.8999999999996,1053.8999999999999
2019-03-29,539.0,1165.6,1991.8999999999996,1215.4
2019-03-30,920.5000000000001,1182.0,2593.0,1431.0999999999997
2019-03-31,126.39999999999999,514.5,708.6000000000001,867.0999999999999
2019-04-01,415.69999999999993,982.3000000000001,1619.8,846.4
2019-04-02,322.90000000000003,999.6,1494.5,665.6
2019-04-03,367.6,1067.0000000000002,1630.9000000000003,525.4000000000001
2019-04-04,113.20000000000002,570.3,743.7,341.59999999999997
2019-04-05,235.20000000000002,780.1999999999999,1140.9,594.9
2019-04-06,224.70000000000002,736.4,1080.3999999999999,563.1
2019-04-07,224.80000000000004,648.1999999999999,992.7000000000002,1071.3
2019-04-08,622.9,1185.1,2140.0,1272.3
2019-04-09,342.99999999999994,879.0999999999997,1404.8000000000006,990.4999999999999
2019-04-10,241.20000000000002,692.3000000000001,1062.1000000000001,710.1
2019-04-11,368.9,893.1,1458.9,746.5999999999999
2019-04-12,439.7000000000001,1047.4,1721.8000000000002,787.7
2019-04-13,267.90000000000003,773.8000000000001,1184.4999999999998,594.3999999999999
2019-04-14,191.49999999999997,698.9999999999999,992.3000000000001,666.1999999999999
2019-04-15,373.2,1059.0,1631.1000000000004,1280.6000000000001
2019-04-16,691.4,1470.1,2530.2000000000003,1536.7000000000003
2019-04-17,542.3000000000001,1227.9,2059.3,1618.1999999999998
2019-04-18,486.0999999999999,1126.8999999999999,1871.9999999999998,1602.4000000000003
2019-04-19,173.49999999999997,988.9,1254.7,1113.3
2019-04-20,128.49999999999997,805.8000000000001,1002.8999999999999,1016.9
2019-04-21,193.79999999999998,1170.7999999999995,1468.6,1151.5000000000002
2019-04-22,184.80000000000004,1265.7,1549.1,1547.7999999999997
2019-04-23,568.8000000000002,1475.8999999999999,2347.7000000000007,1450.8
2019-04-24,339.29999999999995,841.8000000000001,1362.0,1008.3999999999999
2019-04-25,56.300000000000004,310.75,397.49999999999994,410.4
2019-04-26,106.6,435.6,599.7,433.79999999999995
2019-04-27,48.337226277372245,268.5905109489051,342.15474452554747,717.7999999999998
2019-04-28,63.99416058394159,270.4642335766423,366.3678832116789,356.9
2019-04-29,164.05839416058393,436.9576642335768,686.3211678832117,703.0
2019-04-30,264.1226277372263,603.4510948905108,1006.2744525547446,871.3
2019-05-01,364.1868613138686,769.9445255474456,1326.2277372262774,809.5999999999999
2019-05-02,464.25109489051096,936.4379562043798,1646.1810218978103,643.7000000000002
2019-05-03,391.6496350364964,888.9540145985403,1488.4729927007295,603.0
2019-05-04,132.40000000000003,413.49999999999994,616.7,588.9
2019-05-05,117.30000000000001,498.8999999999999,678.4999999999999,530.4000000000001
2019-05-06,102.39999999999999,462.29999999999995,619.6999999999999,359.8
2019-05-07,139.40000000000006,569.0,782.6999999999998,549.8
2019-05-08,228.40000000000003,738.4000000000001,1088.5000000000002,479.7
2019-05-09,385.50000000000006,939.6999999999999,1530.9,492.59999999999997
2019-05-10,230.29999999999998,609.4999999999998,962.7,478.5
2019-05-11,184.10000000000002,669.2,951.4000000000002,492.6000000000001
2019-05-12,277.3,679.5,1105.0,565.6
2019-05-13,354.8,879.9999999999999,1424.2,655.0
2019-05-14,414.9,804.0,1440.3000000000002,704.2000000000002
2019-05-15,348.6,875.0000000000001,1409.3999999999996,899.3
2019-05-16,394.30000000000007,870.8000000000001,1475.7000000000003,843.4000000000001
2019-05-17,303.30000000000007,837.7,1303.0000000000002,722.4000000000001
2019-05-18,209.2,859.8,1180.6000000000001,607.4000000000001
2019-05-19,423.99999999999994,898.1000000000001,1548.4,733.0999999999999
2019-05-20,275.5,969.3999999999999,1391.4,688.6
2019-05-21,179.2,691.2,966.1,538.6999999999999
2019-05-22,206.60000000000002,752.0999999999997,1069.3,535.2
2019-05-23,129.1,698.8999999999999,896.9,571.4
2019-05-24,218.60000000000002,769.9,1104.6,699.9
2019-05-25,115.29999999999998,500.20000000000005,677.0000000000001,340.7
2019-05-26,45.099999999999994,312.9,382.19999999999993,366.0
2019-05-27,47.40000000000001,397.3,470.5,383.9
2019-05-28,234.40000000000003,715.1,1074.6000000000001,435.79999999999995
2019-05-29,114.00000000000001,542.3000000000001,716.9000000000001,430.59999999999997
2019-05-30,171.60000000000002,438.29999999999995,701.7999999999998,435.00000000000006
2019-05-31,159.29999999999998,457.70000000000005,701.8000000000001,335.29999999999995
2019-06-01,85.39999999999999,496.09999999999997,626.8,440.2999999999999
2019-06-02,24.4,394.4,432.00000000000006,416.6
2019-06-03,115.6,439.7,616.7,600.2
2019-06-04,448.80000000000007,914.0,1602.0999999999997,635.5
2019-06-05,113.94999999999999,497.8500000000001,671.9999999999999,338.35
2019-06-06,120.0,513.1,697.1,388.80000000000007
2019-06-07,433.45,1017.7499999999999,1682.75,564.9000000000002
2019-06-08,68.9,307.29999999999995,412.9999999999999,317.79999999999995
2019-06-09,71.10000000000001,388.2,497.1000000000001,309.20000000000005
2019-06-10,266.00000000000006,832.6999999999999,1240.5,340.69999999999993
2019-06-11,266.7,647.1999999999999,1056.1000000000001,390.70000000000005
2019-06-12,361.2,932.5000000000002,1486.1999999999998,378.6000000000001
2019-06-13,144.6,516.6,738.7,257.0
2019-06-14,71.69999999999999,333.4,443.4,340.1
2019-06-15,46.80000000000001,282.70000000000005,354.6,274.7
2019-06-16,56.5,221.1,307.6,278.5
2019-06-17,84.2,341.8,470.1,343.7499999999999
2019-06-18,507.7,1144.7,1923.5,487.20000000000005
2019-06-19,454.7000000000001,1090.7999999999997,1787.7999999999997,589.8000000000002
2019-06-20,261.7,597.5999999999999,998.4999999999998,460.546153846154
2019-06-21,254.9,616.1,1007.1999999999999,482.05384615384634
2019-06-22,164.9,562.8,815.1999999999999,380.0
2019-06-23,245.60000000000008,970.0999999999999,1346.4,753.6
2019-06-24,276.59999999999997,903.3,1327.6000000000001,778.8000000000001
2019-06-25,361.05,1011.65,1565.4499999999998,732.0999999999999
2019-06-26,213.79999999999998,586.8999999999999,914.8,468.99999999999994
2019-06-27,309.59999999999997,609.5,1084.0000000000002,563.8000000000001
2019-06-28,431.4,792.1999999999999,1452.8999999999996,855.9000000000001
2019-06-29,308.00000000000006,842.0999999999999,1313.7000000000003,817.5
2019-06-30,77.5,321.9000000000001,441.3,334.2
2019-07-01,194.60000000000005,467.4,765.5999999999999,372.49999999999994
2019-07-02,287.99999999999994,629.6999999999999,1071.2,500.1000000000001
2019-07-03,386.19999999999993,894.3,1486.9,555.7
2019-07-04,442.1,1101.5000000000002,1779.5,582.2
2019-07-05,232.00000000000003,921.4999999999999,1277.6999999999996,622.3000000000001
2019-07-06,188.70000000000002,560.4,849.6999999999998,388.0
2019-07-07,227.59999999999997,559.1,908.4000000000001,353.2
2019-07-08,353.90000000000003,800.25,1343.0000000000002,503.7
2019-07-09,169.70000000000002,727.1999999999998,987.5,536.4
2019-07-10,215.79999999999995,684.3000000000001,1015.4,603.7
2019-07-11,249.79999999999998,735.2999999999997,1117.9999999999998,519.4
2019-07-12,288.6,637.0,1079.2999999999995,504.0
2019-07-13,182.60000000000002,539.8,820.4,367.59999999999997
2019-07-14,140.1,421.00000000000006,635.5999999999999,285.9
2019-07-15,290.8999999999999,578.9,1024.9,402.0
2019-07-16,185.60000000000008,585.1,869.5000000000001,616.3999999999997
2019-07-17,110.6,670.2999999999998,839.5999999999999,511.2
2019-07-18,206.40000000000006,634.9,951.2000000000002,446.4
2019-07-19,116.72999999999998,490.22,669.2700000000002,354.3
2019-07-20,110.32000000000001,393.08000000000004,561.9799999999999,252.4
2019-07-21,104.49999999999999,361.5,521.1,241.30000000000004
2019-07-22,180.85,470.25,747.7999999999998,469.3
2019-07-23,287.40000000000003,959.1,1399.7,700.7
2019-07-24,156.5,969.3000000000001,1209.1,677.0999999999999
2019-07-25,350.59999999999997,1193.7,1731.3000000000006,980.0999999999999
2019-07-26,246.60000000000002,755.7000000000002,1133.5000000000002,525.3
2019-07-27,210.8999999999999,554.9,878.3000000000002,249.10000000000002
2019-07-28,103.89999999999999,402.7,562.3,239.00000000000003
2019-07-29,174.6,535.2,803.0,367.8
2019-07-30,79.0,360.49999999999994,481.20000000000005,428.5000000000001
2019-07-31,176.04999999999998,483.14999999999986,753.2,290.70000000000005
2019-08-01,261.99999999999994,732.3,1134.2000000000003,506.9
2019-08-02,232.39999999999998,727.8,1084.1000000000001,561.2
2019-08-03,231.7,698.1999999999999,1053.7,406.5
2019-08-04,117.5,506.3,686.2000000000003,404.8
2019-08-05,101.39999999999999,421.6,577.0000000000001,367.5
2019-08-06,128.5,371.69999999999993,568.7,390.6
2019-08-07,161.9,494.4999999999999,742.7000000000002,392.90000000000003
2019-08-08,171.50000000000006,515.3,777.8999999999999,356.40000000000003
2019-08-09,109.99999999999997,382.4,551.2000000000002,425.1
2019-08-10,46.00000000000001,212.30000000000004,282.59999999999997,439.2
2019-08-11,40.9,257.69999999999993,320.40000000000003,379.4538461538462
2019-08-12,277.70000000000005,768.5000000000001,1194.5,359.8461538461538
2019-08-13,222.5,630.5,971.3999999999999,376.8
2019-08-14,83.8,460.0999999999999,589.4,258.29999999999995
2019-08-15,201.25,556.15,864.2,328.5
2019-08-16,121.1,464.6999999999999,650.4,294.40000000000003
2019-08-17,84.00000000000001,314.9,443.90000000000003,337.0
2019-08-18,62.000000000000014,304.50000000000006,399.2999999999999,266.20000000000005
2019-08-19,145.90000000000003,494.9000000000001,719.0,377.7
2019-08-20,187.2,774.0999999999998,1061.3999999999999,552.3
2019-08-21,115.09999999999998,624.1,800.6999999999998,493.80000000000007
2019-08-22,124.0,607.5,797.6000000000001,508.1
2019-08-23,207.40000000000003,748.8999999999999,1066.8,625.2
2019-08-24,328.9999999999999,1265.1999999999998,1769.8999999999994,906.9999999999999
2019-08-25,142.39999999999998,1201.0,1419.2999999999997,1001.6
2019-08-26,120.69999999999999,1150.0,1334.8000000000002,783.8000000000002
2019-08-27,264.69999999999993,1327.3999999999999,1733.1,935.7000000000002
2019-08-28,117.49999999999999,528.8,708.9999999999999,389.79999999999995
2019-08-29,221.99999999999994,596.1000000000001,936.9000000000002,393.59999999999997
2019-08-30,105.39999999999999,478.2999999999999,639.8,520.3
2019-08-31,134.39999999999998,595.0,801.4,442.1
2019-09-01,216.00000000000003,615.1999999999999,946.4000000000001,259.8
2019-09-02,226.5,677.4,1024.8999999999999,444.3
2019-09-03,174.89999999999998,558.1000000000001,826.1999999999999,384.90000000000003
2019-09-04,193.99999999999994,460.6000000000001,757.8000000000001,385.0000000000001
2019-09-05,225.20000000000002,705.6999999999999,1050.9,500.09999999999997
2019-09-06,223.29999999999998,772.8999999999997,1115.3,454.5999999999999
2019-09-07,174.0,614.7,881.5,375.8
2019-09-08,165.39999999999998,686.6,940.2,361.6
2019-09-09,80.00000000000003,704.85,827.5999999999999,381.2999999999999
2019-09-10,489.9,1070.8999999999999,1822.7999999999997,600.3
2019-09-11,190.39999999999998,527.0000000000001,818.9,364.5
2019-09-12,287.8,553.7,995.0999999999998,439.49999999999994
2019-09-13,349.1,780.2,1315.7000000000003,493.3
2019-09-14,345.50000000000006,1138.0,1667.3,535.4
2019-09-15,232.5,892.5,1248.9,389.30000000000007
2019-09-16,506.49999999999994,842.3999999999999,1619.0000000000005,502.5
2019-09-17,282.30000000000007,728.6,1161.3999999999999,522.3000000000001
2019-09-18,469.5,1048.1,1767.8,678.1000000000001
2019-09-19,742.4,1230.9,2369.6999999999994,768.1999999999999
2019-09-20,607.0000000000001,1270.4,2201.3999999999996,899.1
2019-09-21,389.0,1316.8000000000002,1913.1000000000001,861.2000000000002
2019-09-22,92.00000000000001,663.0,804.1,399.0000000000001
2019-09-23,109.80000000000001,389.3999999999999,558.0,282.59999999999997
2019-09-24,196.82307692307694,442.54615384615374,744.9692307692308,228.9
2019-09-25,239.92692307692306,553.8038461538462,921.3807692307691,315.79999999999995
2019-09-26,159.80000000000004,488.3,733.3,400.90000000000003
2019-09-27,150.8,463.69999999999993,694.9999999999999,397.70000000000005
2019-09-28,99.19999999999997,341.20000000000005,493.5,323.5
2019-09-29,76.15,242.0,358.24999999999994,147.19999999999996
2019-09-30,239.06666666666663,552.4000000000001,919.5000000000001,292.6
2019-10-01,235.83333333333334,711.2,1073.3000000000002,314.09999999999985
2019-10-02,384.7,846.3000000000001,1436.2,539.4
2019-10-03,748.75,833.6999999999999,1982.0499999999997,533.8
2019-10-04,420.00000000000006,909.0000000000001,1552.8000000000004,600.6
2019-10-05,296.80000000000007,817.7,1272.8000000000004,457.49999999999994
2019-10-06,140.8,487.2,703.2999999999998,276.80000000000007
2019-10-07,260.2,669.8999999999997,1068.8999999999999,301.8
2019-10-08,189.3,574.4000000000001,864.5000000000001,472.0
2019-10-09,355.45000000000005,763.25,1308.5,356.7
2019-10-10,521.4,889.3999999999999,1688.8999999999999,521.1999999999999
2019-10-11,373.4,689.3000000000001,1262.2,306.99999999999994
2019-10-12,612.4,898.6999999999999,1837.2999999999995,245.30000000000004
2019-10-13,476.80000000000007,741.8,1472.7,268.9
2019-10-14,1215.3000000000002,1147.7,3010.800000000001,459.1
2019-10-15,713.9,899.5000000000001,1994.0,460.0
2019-10-16,749.8,1003.6,2153.2,467.1000000000001
2019-10-17,731.2999999999998,993.2999999999998,2114.6,341.7499999999999
2019-10-18,443.29999999999995,717.3,1397.2,471.40000000000003
2019-10-19,680.3000000000001,1015.8999999999999,2058.6,360.7
2019-10-20,768.7000000000002,1121.1000000000001,2299.8,379.9000000000001
2019-10-21,461.40000000000003,1148.3000000000002,1856.0999999999997,359.5999999999999
2019-10-22,1142.25,1106.2999999999997,2857.8,753.3
2019-10-23,1163.1999999999998,1005.6000000000003,2788.9999999999995,1081.2
2019-10-24,955.1,890.9999999999999,2356.0,659.4999999999998
2019-10-25,138.60000000000002,413.9999999999999,626.4,321.3999999999999
2019-10-26,96.39999999999999,320.49999999999994,467.90000000000003,327.70000000000005
2019-10-27,318.09999999999997,738.7000000000002,1226.7000000000003,373.29999999999995
2019-10-28,1247.9999999999998,1127.1,3040.6000000000004,1150.4000000000003
2019-10-29,511.4000000000001,1097.8000000000002,1881.5000000000002,686.7
2019-10-30,667.3,1212.8,2236.3999999999996,953.1
2019-10-31,860.4,1076.7,2396.1,1152.8
2019-11-01,442.00000000000006,701.9999999999999,1380.1999999999998,428.2
2019-11-02,68.30000000000001,259.40000000000003,363.90000000000003,345.30000000000007
2019-11-03,255.89999999999998,765.5000000000001,1158.1,373.50000000000006
2019-11-04,681.8000000000001,1084.9,2130.3,410.40000000000003
2019-11-05,599.1499999999999,1020.6,1939.0,496.9999999999999
2019-11-06,505.5000000000001,993.8,1768.7000000000005,692.7
2019-11-07,358.0999999999999,997.7,1546.7,344.2
2019-11-08,1270.8999999999999,1235.0999999999997,3183.8999999999996,586.9
2019-11-09,443.79999999999995,968.6999999999998,1649.4000000000003,406.09999999999997
2019-11-10,398.4,1029.5,1640.8000000000002,423.30000000000007
2019-11-11,252.19999999999996,846.9,1233.6000000000001,425.59999999999997
2019-11-12,202.8,855.2,1166.6000000000001,313.29999999999995
2019-11-13,500.20000000000005,1046.9,1814.0,438.4
2019-11-14,490.30000000000007,1263.0999999999997,2014.8000000000002,369.3
2019-11-15,322.29999999999995,956.1999999999999,1450.8,453.6000000000001
2019-11-16,767.0999999999998,1161.0,2336.9,521.8
2019-11-17,1519.6,1413.6000000000001,3743.6000000000004,764.7
2019-11-18,618.7,1153.6000000000001,2101.7,670.4
2019-11-19,1529.1000000000001,1546.1999999999998,3890.9000000000005,798.6
2019-11-20,828.0999999999998,1310.8,2580.5,776.8
2019-11-21,783.7,1099.7,2301.8999999999996,1198.9
2019-11-22,434.95000000000005,1101.75,1768.3000000000004,402.3999999999999
2019-11-23,797.7999999999998,1252.1,2475.4999999999995,534.3
2019-11-24,739.9000000000001,901.4999999999999,2036.0,495.4
2019-11-25,253.00000000000003,846.1999999999999,1233.7,309.3999999999999
2019-11-26,60.70000000000001,601.3000000000001,694.6,326.9
2019-11-27,347.59999999999997,1144.2999999999997,1677.4999999999998,327.7
2019-11-28,415.69999999999993,940.3000000000001,1577.8000000000002,382.8
2019-11-29,793.9000000000001,1396.3000000000002,2613.7999999999997,740.5000000000001
2019-11-30,1410.8,1618.0,3781.2999999999993,782.0
2019-12-01,163.5,897.6,1148.2,331.1
2019-12-02,1245.7,1571.0000000000005,3481.7000000000003,947.7000000000002
2019-12-03,863.0999999999999,1530.9000000000003,2854.7,817.3
2019-12-04,2147.2999999999997,1826.3,5119.3,956.8000000000001
2019-12-05,1132.7000000000003,1124.6000000000001,2861.600000000001,649.2
2019-12-06,120.09999999999997,613.0999999999999,796.8000000000001,211.6
2019-12-07,125.19999999999999,618.5,810.6000000000001,358.79999999999995
2019-12-08,48.199999999999996,330.4,404.2,423.6
2019-12-09,389.00000000000006,934.6000000000001,1530.7,569.5
2019-12-10,156.5,669.0000000000001,908.9000000000001,397.7
2019-12-11,287.30000000000007,1027.8,1468.7,372.8999999999999
2019-12-12,143.60000000000002,835.3000000000001,1055.6,302.2
2019-12-13,215.60000000000002,760.6,1091.7,446.40000000000003
2019-12-14,70.39999999999999,587.7,695.8000000000001,422.90000000000003
2019-12-15,42.099999999999994,376.2000000000001,441.40000000000003,326.90000000000003
2019-12-16,323.0,1187.2,1682.7,363.3
2019-12-17,523.3,1513.3000000000002,2315.2,374.7
2019-12-18,378.4000000000001,1083.5,1664.0,382.6000000000001
2019-12-19,55.099999999999994,451.0999999999999,535.3000000000001,445.70000000000005
2019-12-20,400.29999999999995,1168.1000000000001,1781.7000000000005,221.10000000000002
2019-12-21,44.3,425.59999999999997,493.29999999999995,261.2
2019-12-22,102.7,645.1,802.6,236.09999999999997
2019-12-23,113.79999999999998,696.3000000000001,871.1,371.5
2019-12-24,69.89999999999999,505.59999999999997,612.9,348.99999999999994
2019-12-25,336.7,824.1,1340.2,412.09999999999997
2019-12-26,118.79999999999995,683.3,865.7000000000002,319.3
2019-12-27,607.5,970.3999999999999,1902.2,378.1
2019-12-28,188.1,704.7,993.3000000000003,395.4000000000001
2019-12-29,138.20000000000002,626.0,837.8,433.4
2019-12-30,471.8,951.7000000000003,1675.0999999999997,534.1
2019-12-31,627.1,1054.3999999999999,2015.8999999999999,698.0999999999999
2020-01-01,487.3000000000001,1019.3,1766.6000000000001,843.0000000000001
2020-01-02,56.199999999999996,493.49999999999994,579.9,302.2
2020-01-03,122.3,758.2,946.0000000000001,315.4
2020-01-04,126.60000000000002,849.6999999999999,1043.1999999999998,332.9000000000001
2020-01-05,70.5,577.2,685.3,195.10000000000002
2020-01-06,105.3,599.1,760.3000000000001,359.0999999999999
2020-01-07,129.3,699.8000000000001,898.1,420.4
2020-01-08,226.2,869.6,1216.0,865.1
2020-01-09,96.20000000000002,540.4,688.0,310.40000000000003
2020-01-10,202.40000000000003,929.4999999999999,1239.7000000000003,400.00000000000006
2020-01-11,48.6,355.7,429.9,406.3999999999999
2020-01-12,50.30000000000001,418.0999999999999,495.0,210.6
2020-01-13,70.2,444.90000000000003,552.1999999999999,301.50000000000006
2020-01-14,56.65,426.79999999999995,513.3,291.9
2020-01-15,131.5,734.8999999999997,936.4999999999999,347.6
2020-01-16,83.0,524.0,651.3000000000001,388.3
2020-01-17,105.39999999999999,705.0999999999999,867.0,391.0
2020-01-18,247.89999999999998,993.5999999999999,1373.7,453.2
2020-01-19,859.7,1357.8,2676.2,607.9999999999999
2020-01-20,1874.8,1696.3,4570.699999999999,1389.6999999999998
2020-01-21,2195.6000000000004,1778.6,5144.8,1101.1000000000001
2020-01-22,2089.0,1581.5,4784.600000000001,996.2999999999998
2020-01-23,623.4000000000001,1335.0,2290.5,686.0000000000001
2020-01-24,579.7000000000002,1204.3000000000002,2093.1,620.9999999999999
2020-01-25,66.7,649.8000000000001,751.9000000000001,674.6999999999999
2020-01-26,67.4,485.9,589.2,545.3
2020-01-27,132.6,823.3000000000002,1026.0,323.3
2020-01-28,192.65000000000006,624.1500000000002,919.2499999999999,303.84999999999997
2020-01-29,167.29999999999998,539.7,796.3,663.1
2020-01-30,157.4,499.9,741.4999999999999,983.8000000000001
2020-01-31,118.09999999999998,360.7,541.6,326.90000000000003
2020-02-01,108.6,305.8,472.30000000000007,715.95
2020-02-02,69.5,304.09999999999997,410.00000000000006,488.20000000000005
2020-02-03,187.39999999999995,516.7,803.9000000000001,632.0
2020-02-04,182.1,593.1,872.0,614.6
2020-02-05,1006.3,1322.1999999999998,2864.7999999999997,1116.6
2020-02-06,1595.8000000000002,1521.6999999999996,3968.6000000000004,1351.7
2020-02-07,496.6999999999999,859.9999999999999,1621.4999999999998,972.5000000000001
2020-02-08,84.59999999999998,415.40000000000003,545.0,490.09999999999997
2020-02-09,30.900000000000002,126.2,173.99999999999997,426.9
2020-02-10,130.99999999999997,376.20000000000005,576.9000000000001,322.99999999999994
2020-02-11,137.89999999999998,422.1,633.5,504.4
2020-02-12,173.2,609.8999999999997,875.5,474.3999999999999
2020-02-13,163.2,657.9000000000001,908.0,279.6
2020-02-14,360.09999999999997,796.6,1348.3999999999999,904.1
2020-02-15,39.0,188.7,247.79999999999998,325.69999999999993
2020-02-16,29.0,208.59999999999997,253.54999999999998,112.14999999999999
2020-02-17,147.39999999999998,421.29999999999995,647.1999999999999,490.90000000000003
2020-02-18,245.7,561.5999999999999,938.3999999999999,498.09999999999997
2020-02-19,169.1,646.9,906.8000000000001,542.8
2020-02-20,446.09999999999997,793.8999999999997,1478.6000000000001,271.0
2020-02-21,207.10000000000002,521.7999999999998,839.0000000000001,646.3000000000001
2020-02-22,255.2,520.5999999999999,911.8000000000001,571.3999999999999
2020-02-23,47.10000000000001,303.9,376.2,203.39999999999998
2020-02-24,394.8,824.0999999999999,1429.8,265.99999999999994
2020-02-25,1145.1000000000001,1556.3000000000006,3312.0999999999995,464.6000000000001
2020-02-26,792.8000000000001,1255.6000000000001,2471.3000000000006,479.6000000000001
2020-02-27,413.19999999999993,1090.9,1724.2999999999997,381.09999999999997
2020-02-28,131.8,756.1999999999999,957.9999999999999,356.90000000000003
2020-02-29,33.9,290.6000000000001,342.59999999999997,394.3
2020-03-01,35.699999999999996,325.09999999999997,379.30000000000007,296.30000000000007
2020-03-02,386.19999999999993,1156.8,1748.4999999999998,421.29999999999995
2020-03-03,483.0,1239.3,1979.7,560.4
2020-03-04,290.09999999999997,1045.2999999999997,1490.7000000000003,490.8
2020-03-05,342.8,969.5000000000001,1495.1999999999996,401.59999999999997
2020-03-06,1156.7000000000003,1556.6,3330.3,816.7999999999998
2020-03-07,335.59999999999997,834.4000000000001,1348.8999999999999,628.1
2020-03-08,20.900000000000002,290.5,322.50000000000006,353.2
2020-03-09,489.79999999999995,798.5000000000001,1549.6999999999996,494.69999999999993
2020-03-10,474.5,831.0000000000001,1559.1000000000001,304.50000000000006
2020-03-11,235.09999999999994,623.3,983.8000000000001,397.8
2020-03-12,319.79999999999995,717.7000000000002,1208.1999999999996,603.1999999999999
2020-03-13,752.5,1238.5,2392.2000000000003,714.9000000000001
2020-03-14,252.9,645.8000000000001,1033.6000000000001,338.5
2020-03-15,41.7,431.30000000000007,495.2,247.4
2020-03-16,674.7999999999997,1383.8000000000002,2418.2999999999993,547.8000000000002
2020-03-17,263.5,776.9,1181.4,652.9
2020-03-18,644.5999999999999,1022.1000000000001,2010.6000000000001,657.6000000000003
2020-03-19,678.7,1268.1,2308.599999999999,538.1999999999999
2020-03-20,436.8,835.6,1505.3000000000002,540.0000000000001
2020-03-21,182.2,522.4000000000001,802.0,664.1999999999998
2020-03-22,135.0,527.4999999999999,733.9,508.80000000000007
2020-03-23,491.0999999999999,1183.8,1936.6000000000001,821.9
2020-03-24,176.60000000000002,900.5000000000001,1171.6,784.0
2020-03-25,1274.1999999999998,2005.6000000000004,3959.4,1069.6
2020-03-26,365.4,1045.0999999999997,1605.3,1130.4
2020-03-27,205.00000000000003,784.9000000000001,1099.5,1065.5
2020-03-28,32.3,279.8999999999999,329.50000000000006,643.2
2020-03-29,29.7,218.2,263.90000000000003,510.3
2020-03-30,86.89999999999999,473.20000000000005,606.1999999999999,297.0
2020-03-31,256.19999999999993,613.0,1006.1,530.8000000000001
2020-04-01,304.1000000000001,784.3,1250.6999999999998,414.1000000000001
2020-04-02,68.30000000000003,447.8000000000001,552.6,271.69999999999993
2020-04-03,110.50000000000001,645.7,815.5,392.6
2020-04-04,55.5,498.1,582.9,397.4000000000001
2020-04-05,31.799999999999997,268.79999999999995,317.19999999999993,407.6
2020-04-06,41.600000000000016,370.90000000000003,434.4,318.3
2020-04-07,282.0,1056.3,1489.1000000000001,646.2
2020-04-08,200.79999999999993,1184.7,1492.6000000000001,1154.2999999999997
2020-04-09,306.70000000000005,1166.9,1636.7,1324.8000000000002
2020-04-10,154.10000000000002,937.8,1174.1,1067.6
2020-04-11,187.10000000000002,831.7,1118.7,811.6
2020-04-12,45.8,414.30000000000007,485.3999999999999,655.4
2020-04-13,56.9,165.2,252.99999999999994,461.5
2020-04-14,119.6,399.2,583.0,402.59999999999997
2020-04-15,139.6,718.3,932.2000000000002,688.8000000000001
2020-04-16,249.85000000000002,1099.5,1482.6999999999998,1272.25
2020-04-17,129.0,473.29999999999995,670.9000000000001,760.7500000000002
2020-04-18,110.60000000000004,460.6,630.4,672.5500000000001
2020-04-19,67.2,373.7000000000001,477.20000000000016,614.3000000000001
2020-04-20,117.7,399.8,580.3000000000001,818.3
2020-04-21,118.10000000000001,461.70000000000005,643.3999999999999,975.0
2020-04-22,118.90000000000003,532.7,715.0,884.6
2020-04-23,143.29999999999995,753.5999999999999,973.2,911.8999999999999
2020-04-24,133.9,725.0000000000001,930.4000000000002,895.5000000000001
2020-04-25,92.30000000000003,416.8,558.4999999999999,528.7
2020-04-26,49.79999999999999,368.8,444.79999999999995,471.8000000000001
2020-04-27,112.90000000000002,546.7,719.9000000000001,619.1
2020-04-28,141.50000000000003,574.6,791.6000000000001,275.90000000000003
2020-04-29,70.99999999999997,321.9,430.8,389.79999999999995
2020-04-30,72.69999999999999,302.5,413.8999999999999,375.0
2020-05-01,70.1,280.2,387.6,356.80000000000007
2020-05-02,53.099999999999994,277.0,358.79999999999995,296.90000000000003
2020-05-03,56.9,369.49999999999994,456.1,374.50000000000006
2020-05-04,132.20000000000002,524.6,727.9000000000001,524.9999999999999
2020-05-05,128.5,404.49999999999994,601.6999999999999,560.4
2020-05-06,162.99999999999997,598.6,848.7,640.3999999999999
2020-05-07,151.90000000000006,652.2000000000002,884.6000000000001,741.8000000000003
2020-05-08,49.800000000000004,654.9999999999999,731.6,597.9
2020-05-09,107.39999999999998,868.4000000000003,1033.2,895.4
2020-05-10,38.0,334.70000000000005,392.50000000000006,823.4000000000001
2020-05-11,74.1,253.1,367.00000000000006,519.1
2020-05-12,115.90000000000003,489.4499999999999,667.6,417.2
2020-05-13,97.1,367.0999999999999,516.0999999999999,391.8999999999999
2020-05-14,137.1,447.4,657.5000000000001,316.3
2020-05-15,165.00000000000003,646.5,899.7000000000003,452.8
2020-05-16,78.79999999999998,428.69999999999993,549.2,298.4
2020-05-17,53.2,277.4,359.30000000000007,342.3
2020-05-18,122.00000000000001,399.49999999999994,586.4000000000001,606.8
2020-05-19,609.5500000000001,961.5999999999999,1896.25,963.6000000000001
2020-05-20,143.5,532.6000000000001,752.7,594.2000000000002
2020-05-21,138.40000000000003,555.5,767.8,778.5
2020-05-22,119.49999999999999,317.20000000000005,499.8999999999999,1549.8999999999999
2020-05-23,50.5,114.0,191.00000000000006,790.1
2020-05-24,60.99999999999999,210.4,303.80000000000007,466.79999999999995
2020-05-25,169.89999999999998,455.90000000000003,716.4000000000001,719.8
2020-05-26,166.80000000000004,621.4999999999999,877.1000000000003,802.6999999999999
2020-05-27,235.44999999999996,847.4499999999998,1208.3,661.8999999999999
2020-05-28,300.9,680.9,1142.5000000000002,1000.9000000000002
2020-05-29,300.09999999999997,741.4999999999999,1201.6000000000001,1691.2000000000003
2020-05-30,136.5,423.19999999999993,632.5,652.1999999999999
2020-05-31,84.70000000000002,288.7,418.7,518.6
2020-06-01,189.84999999999994,611.8,903.4000000000001,898.1999999999999
2020-06-02,154.60000000000002,646.8999999999999,883.5000000000002,623.0999999999999
2020-06-03,237.70000000000002,839.4,1203.7999999999995,794.5
2020-06-04,158.20000000000002,407.8999999999999,650.4,462.5
2020-06-05,126.99999999999999,321.7,516.1999999999999,495.9000000000001
2020-06-06,84.5,267.8,397.4999999999999,313.09999999999997
2020-06-07,88.3,316.09999999999997,451.8,246.80000000000004
2020-06-08,224.2,522.0000000000001,866.1,465.20000000000005
2020-06-09,217.29999999999998,544.0,877.2,519.0999999999999
2020-06-10,107.19999999999999,376.1,540.1,384.1
2020-06-11,299.7,634.8000000000001,1094.0000000000005,651.6999999999999
2020-06-12,279.8,738.3000000000001,1166.8,975.1
2020-06-13,127.99999999999999,508.50000000000006,704.4999999999999,418.8
2020-06-14,41.6,260.99999999999994,324.8,377.5499999999999
2020-06-15,131.79999999999995,456.9000000000001,658.9999999999999,388.59999999999997
2020-06-16,118.00000000000001,395.3,576.4,409.4
2020-06-17,194.46250000000003,701.9,1000.0749999999999,616.5999999999999
2020-06-18,99.5875,442.99999999999994,595.2249999999998,287.1000000000001
2020-06-19,82.3,221.9,348.20000000000005,347.99999999999994
2020-06-20,53.8,167.2,250.19999999999996,307.40000000000003
2020-06-21,45.199999999999996,115.69999999999997,185.5,311.8
2020-06-22,133.1,277.8,482.30000000000007,786.0000000000001
2020-06-23,127.89999999999999,331.15000000000003,526.8499999999999,876.75
2020-06-24,361.69999999999993,954.6999999999999,1509.5999999999997,1410.3
2020-06-25,277.00000000000006,913.1999999999999,1338.1,1426.8
2020-06-26,298.8999999999999,556.6999999999999,1014.8999999999999,1460.7999999999997
2020-06-27,145.5,-19.700000000000003,203.4,709.2000000000002
2020-06-28,102.80000000000001,-77.50000000000001,80.1,286.0
2020-06-29,297.70000000000005,175.30000000000004,631.8,757.8000000000001
2020-06-30,264.3,180.39999999999998,586.1999999999998,367.1
2020-07-01,258.3,165.10000000000002,561.3000000000001,504.00000000000006
2020-07-02,268.09999999999997,336.59999999999997,747.9000000000001,848.6000000000003
2020-07-03,239.7,159.79999999999998,527.6999999999999,2174.1000000000004
2020-07-04,241.10000000000002,88.19999999999999,457.3,724.9000000000001
2020-07-05,107.50000000000001,-122.50000000000001,42.5,343.6
2020-07-06,200.5,130.40000000000003,437.50000000000006,1219.0
2020-07-07,227.39999999999998,314.5,663.4,1123.5
2020-07-08,380.4,254.8,837.7,444.1
2020-07-09,369.3,146.4,713.65,357.00000000000006
2020-07-10,187.19999999999996,133.20000000000002,420.09999999999997,435.1
2020-07-11,203.70000000000002,241.2,553.9,626.5
2020-07-12,244.7,333.5,708.4,454.09999999999997
2020-07-13,219.70000000000002,235.50000000000003,571.9,629.0999999999999
2020-07-14,231.79999999999998,202.6,558.5,508.20000000000005
2020-07-15,267.3999999999999,293.0,703.0999999999999,437.40000000000003
2020-07-16,274.79999999999995,271.0,692.0,576.3
2020-07-17,253.35,474.0500000000001,862.75,741.4999999999999
2020-07-18,61.400000000000006,249.1,343.00000000000006,319.8
2020-07-19,73.7,341.9,454.7,237.1
2020-07-20,266.6,589.8,998.4,612.8000000000001
2020-07-21,233.5,671.0999999999999,1029.0,949.9999999999998
2020-07-22,97.60000000000002,439.1,589.2,1363.8999999999996
2020-07-23,213.20000000000002,603.3000000000002,929.9,830.0
2020-07-24,166.10000000000005,386.49999999999994,641.3000000000003,602.0000000000001
2020-07-25,74.60000000000001,253.29999999999995,367.2,338.5
2020-07-26,36.99999999999999,168.3,224.90000000000003,303.29999999999995
2020-07-27,86.10000000000001,279.8,411.8,921.5999999999998
2020-07-28,123.10000000000001,352.1,541.2,489.69999999999993
2020-07-29,193.4,525.4,821.5,700.2999999999998
2020-07-30,166.20000000000002,653.0,908.0000000000002,932.3999999999997
2020-07-31,291.40000000000003,1013.8000000000001,1460.2000000000003,1286.5999999999997
2020-08-01,81.10000000000001,203.5,327.4,417.1
2020-08-02,131.5,254.59999999999997,456.40000000000003,380.5
2020-08-03,194.3,477.39999999999986,775.2,5461.799999999999
2020-08-04,158.3,479.5000000000001,722.1999999999998,1742.0000000000002
2020-08-05,190.3,394.30000000000007,686.3000000000001,1606.6
2020-08-06,171.2,524.2,786.2,831.4
2020-08-07,520.8000000000001,1530.3999999999999,2328.7999999999997,2222.899999999999
2020-08-08,171.60000000000002,999.0,1262.3,887.0999999999998
2020-08-09,93.19999999999999,545.2,688.3000000000001,769.8000000000001
2020-08-10,296.09999999999997,1064.0,1517.6,1371.7000000000003
2020-08-11,318.35,1608.4499999999998,2096.2,1323.1
2020-08-12,320.7999999999999,1609.3000000000002,2100.8,1351.1999999999998
2020-08-13,247.10000000000002,988.6999999999999,1367.8000000000002,846.8999999999999
2020-08-14,312.9,824.2999999999997,1304.0,541.5
2020-08-15,254.8,827.6,1217.6999999999998,554.3
2020-08-16,194.0,683.1,980.5000000000001,649.8000000000001
2020-08-17,306.2,718.0999999999999,1187.6000000000001,364.3999999999999
2020-08-18,272.40000000000003,528.8000000000001,945.9000000000001,364.4
2020-08-19,246.39999999999998,505.70000000000005,883.4,309.19999999999993
2020-08-20,243.4,569.4000000000001,943.0,594.5000000000001
2020-08-21,186.29999999999998,380.5,666.5,616.0
2020-08-22,154.39999999999995,334.7,571.4,388.6
2020-08-23,175.3,338.70000000000005,607.5000000000001,268.59999999999997
2020-08-24,319.1666666666667,564.7666666666667,1054.5333333333335,337.99999999999994
2020-08-25,222.89047619047616,439.89047619047625,782.8666666666667,346.3
2020-08-26,236.7428571428571,551.8428571428572,915.3,343.79999999999995
2020-08-27,426.20000000000005,750.3,1403.5000000000002,420.09999999999997
2020-08-28,456.6,703.0000000000001,1402.8000000000002,286.70000000000005
2020-08-29,98.00000000000001,225.6,375.90000000000003,259.70000000000005
2020-08-30,124.8,441.2,632.5,302.59999999999997
2020-08-31,433.59999999999997,871.0000000000002,1535.3999999999999,356.59999999999997
2020-09-01,947.8999999999999,1227.1,2680.5000000000005,601.0999999999999
2020-09-02,363.69999999999993,859.5000000000001,1416.5,419.79999999999995
2020-09-03,478.7,797.5000000000002,1531.4999999999998,391.4
2020-09-04,669.5,966.6999999999999,1992.8999999999999,1227.1
2020-09-05,191.20000000000002,536.9,830.1,318.3999999999999
2020-09-06,199.70000000000002,584.5999999999999,890.4,285.80000000000007
2020-09-07,493.99999999999994,736.2,1493.3999999999999,379.8
2020-09-08,520.1,697.9,1495.1,352.9000000000001
2020-09-09,404.00000000000006,742.1999999999999,1361.6000000000001,389.8
2020-09-10,455.4,976.5,1675.0999999999997,499.8
2020-09-11,611.4043478260869,1066.020652173913,2004.3271739130432,515.5
2020-09-12,494.03478260869565,1071.0652173913043,1830.1173913043476,337.69999999999993
2020-09-13,521.5826086956522,1345.917391304348,2146.2913043478256,297.9
2020-09-14,549.1304347826087,1620.7695652173913,2462.465217391304,851.7999999999998
2020-09-15,514.6478260869566,1950.5771739130437,2739.0489130434776,1562.6999999999998
2020-09-16,370.50000000000006,1086.8999999999999,1655.1,937.3999999999999
2020-09-17,515.6,905.3,1695.8999999999999,793.9000000000001
2020-09-18,524.2,1029.3,1833.6000000000001,779.5999999999999
2020-09-19,257.2,683.9000000000001,1078.8,706.1
2020-09-20,232.1,703.6,1059.9,674.1
2020-09-21,752.0000000000001,1553.9000000000003,2707.2,1000.0999999999998
2020-09-22,392.90000000000003,1101.8999999999999,1704.8000000000004,811.4999999999999
2020-09-23,269.0,590.1000000000001,1002.5,395.8
2020-09-24,268.20000000000005,602.3,1013.2999999999998,348.59999999999997
2020-09-25,148.1,407.6000000000001,634.8000000000001,421.30000000000007
2020-09-26,105.3,267.4,428.80000000000007,355.3
2020-09-27,93.5,237.40000000000003,380.69999999999993,315.29999999999995
2020-09-28,404.3999999999999,744.3999999999999,1364.6000000000004,529.0
2020-09-29,477.5,873.9000000000001,1605.8999999999999,519.5999999999999
2020-09-30,177.40000000000003,417.50000000000006,690.2,417.5
2020-10-01,406.85,681.55,1305.2500000000002,404.70000000000005
2020-10-02,592.0,916.3999999999999,1824.3,336.69999999999993
2020-10-03,308.05,454.20000000000005,925.7,284.79999999999995
2020-10-04,113.60000000000002,223.0,397.90000000000003,150.29999999999998
2020-10-05,348.7999999999999,527.5000000000001,1062.4,337.90000000000003
2020-10-06,337.7,478.4,996.3000000000002,337.6
2020-10-07,347.9,516.5,1049.6000000000001,459.8999999999999
2020-10-08,296.29999999999995,493.50000000000006,947.1999999999999,322.70000000000005
2020-10-09,574.9,823.4999999999999,1704.9999999999998,386.80000000000007
2020-10-10,224.99999999999997,421.20000000000005,766.1000000000001,263.8
2020-10-11,213.19999999999996,396.5,724.1,259.4
2020-10-12,489.4,681.4000000000001,1431.6000000000001,383.59999999999997
2020-10-13,498.2,683.4999999999999,1447.5,375.7
2020-10-14,1128.4,1147.123076923077,2877.3923076923074,455.80000000000007
2020-10-15,1208.1,1101.576923076923,2954.607692307692,389.30000000000007
2020-10-16,782.65,927.6499999999999,2128.25,554.9
2020-10-17,319.6000000000001,616.0999999999999,1106.3999999999999,395.40000000000003
2020-10-18,466.70000000000005,825.8000000000001,1541.8000000000002,506.6000000000001
2020-10-19,237.69999999999996,560.1999999999999,924.7000000000003,514.8000000000001
2020-10-20,199.2,442.29999999999995,747.8999999999999,610.3
2020-10-21,56.29999999999999,215.39999999999998,302.30000000000007,359.6000000000001
2020-10-22,284.50000000000006,776.2999999999997,1212.3,465.09999999999997
2020-10-23,284.04999999999995,754.6500000000001,1189.8499999999997,430.70000000000005
2020-10-24,77.89999999999999,365.39999999999986,484.70000000000005,330.99999999999994
2020-10-25,85.9,381.9,513.6,227.60000000000002
2020-10-26,287.59999999999997,731.1,1172.0000000000002,389.3
2020-10-27,165.5,584.4,837.9000000000001,309.5
2020-10-28,205.1,576.8,891.0000000000001,373.20000000000005
2020-10-29,219.7,590.4000000000001,927.3999999999999,355.3
2020-10-30,237.60000000000002,577.7,941.4,342.2999999999999
2020-10-31,103.60000000000001,352.0,510.50000000000006,440.49999999999994
2020-11-01,79.60000000000002,252.1,374.00000000000006,426.90000000000003
2020-11-02,178.6,426.7,700.8000000000001,359.7
2020-11-03,347.2,848.8999999999999,1381.1999999999998,401.9000000000001
2020-11-04,1508.9,1412.7999999999997,3726.2999999999997,771.4000000000001
2020-11-05,2040.2,1521.0000000000002,4649.200000000001,1597.3
2020-11-06,1558.7,1579.6999999999998,3970.0999999999995,1653.2
2020-11-07,1262.7,1225.9,3161.900000000001,1113.2000000000003
2020-11-08,933.4000000000001,917.5000000000002,2348.7999999999997,1062.0000000000002
2020-11-09,955.1500000000001,1084.0500000000002,2548.5,613.3000000000002
2020-11-10,322.0,785.9999999999999,1279.6,469.1
2020-11-11,175.15000000000003,483.7,752.6999999999999,346.75000000000006
2020-11-12,195.2,497.70000000000005,797.0000000000001,445.8
2020-11-13,225.1,769.9000000000001,1114.8999999999999,501.1000000000001
2020-11-14,68.10000000000001,265.1,368.90000000000003,448.8999999999999
2020-11-15,65.8,211.9,313.2999999999999,306.9
2020-11-16,286.1,563.5999999999999,1002.5,405.7
2020-11-17,185.30000000000007,405.6000000000001,689.5,457.0
2020-11-18,143.5,334.7,555.3000000000001,564.1999999999999
2020-11-19,310.40000000000003,688.4999999999999,1164.5000000000002,389.1000000000001
2020-11-20,326.6000000000001,818.1999999999999,1319.0,462.6000000000001
2020-11-21,99.9,267.09999999999997,420.2,349.99999999999994
2020-11-22,154.20000000000002,601.5,838.4,357.4
2020-11-23,657.1999999999999,1073.3,2080.6000000000004,654.1999999999999
2020-11-24,224.5,572.0999999999999,916.7,594.5999999999999
2020-11-25,225.6,644.7,990.9,584.7000000000002
2020-11-26,1046.7000000000003,1428.7,3034.2000000000003,977.5999999999999
2020-11-27,2026.7000000000003,1491.3000000000002,4598.9,1036.4
2020-11-28,960.2999999999997,1296.2999999999997,2768.6,1132.0000000000002
2020-11-29,398.30000000000007,1067.0,1677.4,775.0
2020-11-30,460.1000000000001,636.7,1342.2,689.0999999999999
2020-12-01,286.05000000000007,729.5500000000001,1168.3500000000001,563.9
2020-12-02,854.3,1151.2,2460.7,775.1
2020-12-03,229.9,862.9000000000001,1215.0,325.20000000000005
2020-12-04,215.50000000000006,705.3,1035.7000000000003,316.30000000000007
2020-12-05,473.50000000000006,896.2999999999998,1622.8,465.5
2020-12-06,472.6,1028.0,1752.5999999999997,461.6
2020-12-07,1298.9500000000003,1436.7,3428.5,727.4
2020-12-08,1280.8999999999996,1262.2,3225.9999999999995,713.9000000000001
2020-12-09,441.5999999999999,994.2000000000002,1671.4,537.4
2020-12-10,660.8000000000002,881.8000000000001,1895.1,822.0999999999998
2020-12-11,556.2,1104.4,1957.2,456.4
2020-12-12,181.10000000000005,689.0,966.4000000000001,399.6
2020-12-13,121.99999999999997,489.6,676.3,268.49999999999994
2020-12-14,88.49999999999999,464.20000000000005,599.5999999999999,363.6
2020-12-15,161.5,710.1,957.9,399.00000000000006
2020-12-16,120.3,583.5999999999999,767.25,442.1
2020-12-17,139.4,568.0000000000001,781.5,435.7
2020-12-18,46.5,272.29999999999995,343.2,332.3
2020-12-19,48.6,305.80000000000007,380.6,383.0999999999999
2020-12-20,64.8,424.2,523.0999999999999,311.6
2020-12-21,99.9,386.29999999999995,539.2999999999998,223.20000000000002
2020-12-22,624.0000000000001,871.4,1827.8,513.0
2020-12-23,124.89999999999999,523.7,715.0999999999999,264.79999999999995
2020-12-24,84.79999999999997,381.6,511.8,183.2
2020-12-25,48.400000000000006,403.4,477.7,259.2
2020-12-26,48.1,282.59999999999997,356.7000000000001,193.0
2020-12-27,94.9,495.0,640.0,303.1
2020-12-28,294.1,868.3999999999999,1319.3000000000002,306.1
2020-12-29,148.5,582.3,809.7999999999998,368.1
2020-12-30,416.1,1008.3,1646.3999999999996,419.5000000000001
2020-12-31,436.09999999999985,911.6999999999998,1580.5,456.40000000000003
2021-01-01,285.4,670.1,1107.8999999999999,556.2
2021-01-02,259.1,696.3,1093.7,247.0
2021-01-03,210.29999999999998,617.4,939.9000000000001,233.39999999999995
2021-01-04,154.3,519.1999999999999,756.0,233.2
2021-01-05,298.7999999999999,693.6999999999998,1152.2,242.4
2021-01-06,470.50000000000006,893.9,1615.6000000000004,303.40000000000003
2021-01-07,476.5999999999999,963.6000000000001,1694.8,650.7000000000002
2021-01-08,781.9,1125.5,2324.2000000000007,663.8999999999999
2021-01-09,762.8000000000001,1175.1999999999998,2344.6999999999994,583.6999999999999
2021-01-10,190.79999999999998,737.5,1029.8,410.90000000000003
2021-01-11,175.60000000000002,556.0,824.6,357.1000000000001
2021-01-12,213.5,800.3,1127.7,267.70000000000005
2021-01-13,719.3000000000001,1055.9999999999998,2159.0,465.9
2021-01-14,431.4,1140.6,1802.8000000000004,185.3
2021-01-15,874.2,1142.1,2482.3999999999996,640.2
2021-01-16,200.99999999999997,691.4,999.3000000000001,453.6
2021-01-17,50.2,488.20000000000005,565.1,407.90000000000003
2021-01-18,173.00000000000003,678.4000000000002,944.1999999999998,481.0999999999999
2021-01-19,59.70000000000001,305.99999999999994,397.5000000000001,414.5999999999999
2021-01-20,162.4,402.50000000000006,651.5999999999999,705.5
2021-01-21,112.60000000000001,554.4,727.1,690.7000000000002
2021-01-22,325.7,834.9000000000002,1334.3,1872.3999999999999
2021-01-23,216.00000000000003,780.3,1111.8,676.2999999999998
2021-01-24,195.10000000000002,988.4000000000002,1287.6000000000001,265.59999999999997
2021-01-25,296.5,990.6000000000001,1445.5,576.0
2021-01-26,454.60000000000014,974.3999999999999,1671.6000000000001,732.1999999999999
2021-01-27,544.7,1025.4999999999998,1860.1000000000001,914.6000000000001
2021-01-28,125.64999999999999,597.1999999999999,790.1999999999999,592.4999999999999
2021-01-29,137.99999999999997,641.1999999999999,852.9000000000001,430.49999999999994
2021-01-30,171.9,655.5,918.9999999999999,310.29999999999995
2021-01-31,202.8,689.3999999999999,1000.3000000000001,348.2
2021-02-01,372.3999999999999,910.4999999999999,1481.3000000000002,482.00000000000006
2021-02-02,264.5,641.6999999999999,1046.9,787.4000000000001
2021-02-03,182.20000000000005,767.4,1046.4,905.2
2021-02-04,267.7,840.2,1250.3999999999996,369.2
2021-02-05,138.5,685.8,897.9000000000001,696.2000000000002
2021-02-06,212.50000000000003,758.7999999999998,1084.1000000000001,322.90000000000003
2021-02-07,84.2,430.9,560.1000000000001,355.6
2021-02-08,173.8,599.5,866.5000000000001,292.4000000000001
2021-02-09,309.7,874.1000000000001,1349.1,315.5
2021-02-10,226.59999999999997,782.6999999999999,1130.2000000000003,329.90000000000003
2021-02-11,455.0,1035.8,1733.2,677.0000000000001
2021-02-12,331.69999999999993,832.2,1340.8999999999999,879.2
2021-02-13,187.10000000000002,599.7000000000002,887.0999999999999,731.6999999999999
2021-02-14,46.099999999999994,383.99999999999994,454.5,542.2
2021-02-15,69.7,467.80000000000007,574.7,349.0
2021-02-16,85.4,401.59999999999997,532.65,441.8
2021-02-17,67.20000000000002,227.70000000000002,330.8,457.9
2021-02-18,82.9,266.59999999999997,393.59999999999997,441.5
2021-02-19,75.49999999999999,290.6,406.40000000000003,459.8
2021-02-20,62.999999999999986,194.2,290.9,1094.0
2021-02-21,164.5,500.99999999999994,753.2,836.9
2021-02-22,426.0000000000001,985.5999999999999,1638.6999999999998,832.1999999999999
2021-02-23,95.89999999999999,303.6999999999999,450.8,535.4999999999999
2021-02-24,95.80000000000001,282.29999999999995,428.39999999999986,611.6
2021-02-25,245.6,733.7999999999998,1110.3999999999996,647.3000000000001
2021-02-26,620.8000000000001,1090.5,2042.6,887.3000000000002
2021-02-27,867.4,1176.8999999999999,2506.9999999999995,953.5000000000001
2021-02-28,217.10000000000002,723.2,1055.7999999999997,638.0999999999999
2021-03-01,468.79999999999995,856.0999999999999,1575.2,1144.8000000000002
2021-03-02,769.3999999999999,890.8999999999999,2070.7,1345.9999999999998
2021-03-03,1232.6000000000001,1232.4999999999998,3122.3999999999996,1382.6
2021-03-04,338.7999999999999,846.3000000000001,1365.7000000000003,515.6000000000001
2021-03-05,231.84999999999997,632.8,988.5999999999998,584.5
2021-03-06,195.70000000000002,711.8,1011.8999999999999,462.6
2021-03-07,232.4,887.9000000000001,1244.3999999999999,637.5000000000002
2021-03-08,480.19999999999993,1264.3,2000.6999999999998,1235.7000000000003
2021-03-09,304.3,796.4,1262.4999999999993,813.6
2021-03-10,77.2,342.4,460.69999999999993,476.2
2021-03-11,60.3,237.50000000000006,330.00000000000006,448.70000000000005
2021-03-12,84.50000000000001,320.7999999999999,449.4,389.3
2021-03-13,44.60000000000001,229.70000000000002,297.79999999999995,261.8
2021-03-14,43.599999999999994,224.6,291.5,232.7
2021-03-15,193.00000000000006,638.4,934.1000000000001,486.3
2021-03-16,217.29999999999998,623.4,956.2000000000002,631.8235294117646
2021-03-17,289.0,762.2999999999997,1205.1,724.5794117647059
2021-03-18,270.9,782.4000000000001,1197.7,745.3323529411764
2021-03-19,309.3,794.8999999999999,1269.0,766.085294117647
2021-03-20,196.29999999999998,667.4,968.1,786.8382352941176
2021-03-21,196.60000000000002,658.8000000000002,960.1999999999999,807.5911764705883
2021-03-22,334.09999999999997,932.9,1445.1999999999998,904.0
2021-03-23,203.39999999999998,720.8999999999999,1032.5,725.8
2021-03-24,136.95,648.6499999999999,858.9,715.3
2021-03-25,100.4,528.1000000000001,681.9,384.5
2021-03-26,96.05000000000001,455.0,602.0,320.8
2021-03-27,71.29999999999998,332.80000000000007,442.00000000000006,372.40000000000003
2021-03-28,12.499999999999998,222.29999999999995,241.59999999999997,493.4999999999999
2021-03-29,119.89999999999999,565.0999999999999,748.4000000000001,564.9
2021-03-30,972.7999999999998,1578.3999999999999,3070.2,1144.4
2021-03-31,1565.6000000000001,2083.0,4483.5,1793.9
2021-04-01,502.0,874.6,1644.4000000000003,1020.7206896551725
2021-04-02,82.69999999999999,398.29999999999995,524.6,816.3310344827585
2021-04-03,96.70000000000002,531.5999999999999,679.5,720.9931034482757
2021-04-04,65.0,429.3,529.2,625.6551724137931
2021-04-05,88.29999999999998,391.49999999999994,526.4000000000001,381.70000000000005
2021-04-06,164.29999999999998,543.4999999999999,795.8000000000002,432.7
2021-04-07,186.1,685.0,969.9000000000001,385.90000000000003
2021-04-08,103.69999999999996,547.4,705.6999999999999,391.90000000000003
2021-04-09,190.70000000000002,670.0999999999999,962.6,367.5
2021-04-10,151.1,581.1,812.9,382.19999999999993
2021-04-11,131.60000000000002,673.8000000000001,875.1999999999999,264.09999999999997
2021-04-12,311.99999999999994,1018.1999999999999,1496.3000000000002,429.8999999999999
2021-04-13,543.3,1286.3000000000004,2119.4999999999995,649.8000000000001
2021-04-14,364.2,1050.8,1609.0999999999997,616.2
2021-04-15,243.8,792.6000000000001,1165.8000000000002,417.8
2021-04-16,367.7000000000001,1018.7,1582.3000000000002,646.7
2021-04-17,185.99999999999991,731.1,1015.8000000000001,448.6
2021-04-18,225.10000000000002,898.2,1243.5000000000002,502.50000000000006
2021-04-19,443.79999999999995,1174.8999999999999,1855.2,1035.0000000000002
2021-04-20,427.70000000000005,1455.6000000000001,2111.7000000000003,1277.8999999999999
2021-04-21,280.8,1019.6999999999999,1450.6,1250.4
2021-04-22,333.8,834.7999999999998,1346.5,782.9
2021-04-23,407.6,1055.4,1679.9,801.0
2021-04-24,258.90000000000003,821.5,1218.3,737.6
2021-04-25,133.7,443.6000000000001,648.4000000000001,523.6999999999999
2021-04-26,240.89999999999998,673.6999999999998,1043.6000000000001,587.9000000000001
2021-04-27,314.79999999999995,1136.9,1619.6000000000001,882.7999999999997
2021-04-28,300.99999999999994,1012.9000000000001,1474.8,895.4
2021-04-29,252.90000000000003,829.3000000000002,1217.2,531.6999999999999
2021-04-30,219.50000000000003,900.4000000000001,1236.9999999999995,739.6545454545457
2021-05-01,130.29999999999998,776.8,976.0000000000001,684.0000000000002
2021-05-02,100.49999999999997,803.0999999999999,957.4,537.3818181818183
2021-05-03,-1.1999999999999993,308.5,306.9,390.7636363636364
2021-05-04,52.599999999999994,361.00000000000006,441.3999999999999,367.49999999999994
2021-05-05,163.4,612.5999999999999,863.0999999999999,340.59999999999997
2021-05-06,172.6,661.0999999999999,925.9999999999999,434.7999999999999
2021-05-07,120.3,581.6,765.9999999999998,496.80000000000007
2021-05-08,40.90000000000001,352.1,413.99999999999994,386.90000000000003
2021-05-09,11.0,287.79999999999995,304.7,313.70000000000005
2021-05-10,41.1,362.90000000000015,425.19999999999993,411.5
2021-05-11,144.5,567.8,789.0000000000001,383.20000000000005
2021-05-12,92.30000000000001,479.09999999999985,620.6,486.7
2021-05-13,380.80000000000007,1117.6000000000001,1701.9,535.6
2021-05-14,147.29999999999995,723.8000000000001,949.6,485.99999999999994
2021-05-15,158.40000000000003,626.9000000000001,870.3000000000001,384.50000000000006
2021-05-16,29.800000000000008,377.0,422.3999999999999,309.49999999999994
2021-05-17,185.9,714.8999999999999,1000.1999999999998,352.69999999999993
2021-05-18,172.9,601.9999999999999,867.3500000000001,440.09896907216495
2021-05-19,134.8,645.0000000000001,851.5,527.8639175257733
2021-05-20,61.09999999999998,446.5,540.1,513.0185567010309
2021-05-21,45.099999999999994,311.1,379.8999999999999,498.1731958762887
2021-05-22,119.09999999999998,580.7,762.8000000000002,483.32783505154646
2021-05-23,23.2,303.00000000000006,338.8,468.4824742268042
2021-05-24,78.19999999999999,498.6,618.1000000000001,453.6371134020618
2021-05-25,173.0,596.3000000000001,861.9999999999999,438.7917525773196
2021-05-26,195.5,732.4999999999999,1032.8500000000001,385.2061855670103
2021-05-27,316.1,1043.6000000000001,1528.1999999999998,603.9000000000001
2021-05-28,331.90000000000003,1199.2000000000003,1707.6999999999996,763.3000000000001
2021-05-29,243.9,966.3,1340.3000000000004,776.9000000000001
2021-05-30,100.10000000000001,532.1,685.6,580.1000000000001
2021-05-31,116.79999999999998,633.0000000000001,811.5999999999999,688.1
2021-06-01,302.19999999999993,1066.3,1529.3999999999999,1226.9000000000003
2021-06-02,268.9,1194.8000000000002,1607.3000000000002,1078.924324324324
2021-06-03,122.49999999999999,582.7,770.3999999999999,962.8216216216216
2021-06-04,244.2,798.0,1172.1000000000001,758.8864864864864
2021-06-05,148.20000000000002,618.6,845.9000000000002,554.9513513513515
2021-06-06,48.79999999999999,358.29999999999995,432.7999999999999,351.0162162162162
2021-06-07,93.3,470.4,613.5999999999999,462.4000000000001
2021-06-08,177.3,562.2,833.9,628.0999999999999
2021-06-09,145.79999999999998,535.9000000000001,759.6,650.1000000000003
2021-06-10,188.4,436.40000000000003,725.4000000000002,560.8
2021-06-11,162.60000000000005,427.8999999999999,677.5,543.6999999999999
2021-06-12,64.69999999999999,448.40000000000003,547.9,490.7
2021-06-13,36.7,523.1000000000001,579.3,589.1
2021-06-14,73.8,548.1999999999999,661.4000000000001,581.7727272727273
2021-06-15,126.75,590.0500000000001,784.3,503.4
2021-06-16,159.30000000000004,637.7,882.1000000000003,375.1090909090909
2021-06-17,236.8,728.4,1091.6000000000001,246.8181818181818
2021-06-18,236.0,683.6,1045.4999999999998,152.20000000000005
2021-06-19,224.9,588.0000000000001,932.7999999999998,440.49999999999994
2021-06-20,173.39999999999998,463.80000000000007,729.9000000000001,248.80000000000004
2021-06-21,169.00000000000006,491.3,750.1999999999999,276.59999999999997
2021-06-22,163.1,498.2,748.0999999999999,516.0999999999999
2021-06-23,263.29999999999995,749.2,1152.5000000000002,536.7
2021-06-24,221.0,702.5000000000001,1041.3,753.2
2021-06-25,228.79999999999998,597.8,948.1999999999999,556.9499999999999
2021-06-26,216.6,610.6,942.5000000000001,487.79999999999995
2021-06-27,128.8,560.0000000000001,757.8000000000001,658.9999999999999
2021-06-28,308.09999999999985,808.1,1280.3,501.1000000000001
2021-06-29,249.20000000000005,679.3000000000001,1061.6,492.2
2021-06-30,5.9,20.8,29.8,11.1
