MeasurementDateGMT,Redbridge - Gardner Close: Nitric Oxide (ug/m3),Redbridge - Gardner Close: Nitrogen Dioxide (ug/m3),Redbridge - Gardner Close: Oxides of Nitrogen (ug/m3),Redbridge - Gardner Close: PM10 Particulate (ug/m3)
2018-01-01,217.79999999999998,715.1,1049.1000000000004,309.0
2018-01-02,640.3000000000002,1121.9999999999998,2103.8,504.0
2018-01-03,141.49999999999997,530.6,747.1999999999999,533.5
2018-01-04,643.6,1168.6,2155.3,369.0
2018-01-05,877.8000000000001,1488.1,2833.9999999999995,447.0
2018-01-06,745.2,1017.7000000000002,2159.7999999999997,419.0
2018-01-07,71.1,299.09999999999997,408.70000000000005,292.0
2018-01-08,414.59999999999997,763.8000000000001,1400.2,446.0
2018-01-09,2181.9,1456.3999999999999,4801.6,840.0
2018-01-10,1089.6999999999998,1623.1999999999998,3294.4,549.0
2018-01-11,383.1,972.4000000000001,1558.9999999999998,460.0
2018-01-12,1669.1000000000001,1523.3,4083.0000000000005,773.0
2018-01-13,647.6000000000001,1088.5,2081.5,679.0
2018-01-14,484.0,1053.5000000000002,1795.3000000000002,604.0
2018-01-15,273.40000000000003,801.9,1220.9000000000003,222.0
2018-01-16,309.3,847.7,1322.4,301.0
2018-01-17,285.9,692.0,1131.1000000000001,345.0
2018-01-18,97.70000000000002,557.3000000000001,707.0,191.0
2018-01-19,543.1000000000001,1315.9,2148.4,523.0
2018-01-20,460.59999999999997,1193.1000000000001,1898.9999999999998,258.0
2018-01-21,797.1,1425.8,2648.0,384.0
2018-01-22,249.70000000000005,970.4,1353.0,321.0
2018-01-23,401.4,898.3999999999999,1514.0,241.0
2018-01-24,284.5,681.9999999999999,1118.4,183.0
2018-01-25,649.8,1108.6000000000001,2105.0,543.0
2018-01-26,315.6,1090.1000000000001,1574.3000000000004,375.0
2018-01-27,794.5,1263.3,2481.3999999999996,421.0
2018-01-28,183.79999999999995,633.8999999999997,916.0,186.0
2018-01-29,218.10000000000002,880.9,1215.0,232.0
2018-01-30,2518.0999999999995,1837.2000000000003,5698.700000000001,670.0
2018-01-31,376.40000000000003,939.1999999999999,1516.1000000000004,261.0
2018-02-01,74.1,548.1,661.4999999999999,217.0
2018-02-02,264.0,794.4,1199.0,301.0
2018-02-03,699.5999999999999,1510.6,2583.2999999999997,355.0
2018-02-04,59.400000000000006,381.5999999999999,472.40000000000003,175.0
2018-02-05,149.8,552.0,781.3,267.0
2018-02-06,97.39999999999999,704.7,854.0999999999998,342.0
2018-02-07,526.4,991.1,1798.4,347.0
2018-02-08,1971.0000000000002,1727.9000000000003,4749.9,845.0
2018-02-09,141.49999999999997,631.7,848.5999999999999,209.0
2018-02-10,677.0,1131.9,2169.8999999999996,321.0
2018-02-11,59.2,307.9,399.20000000000005,142.0
2018-02-12,632.1,1199.6999999999996,2169.2000000000003,546.5
2018-02-13,497.79999999999995,924.0,1687.2,247.0
2018-02-14,889.9,1031.8999999999999,2396.1,328.0
2018-02-15,395.5,1071.3999999999999,1677.9,450.0
2018-02-16,1602.6999999999996,1863.0999999999997,4320.200000000001,805.0
2018-02-17,1733.5,1859.4999999999998,4517.7,903.0
2018-02-18,1065.5000000000002,1499.1,3133.2,748.0
2018-02-19,1191.2999999999997,1399.4,3227.2,324.18181818181813
2018-02-20,242.5,526.6999999999999,899.5999999999999,214.3181818181818
2018-02-21,289.29999999999995,957.8,1401.3,913.0
2018-02-22,293.8999999999999,985.3,1436.0000000000002,698.0
2018-02-23,388.4000000000001,1136.8,1732.4,638.0
2018-02-24,240.00000000000006,912.1,1280.0,704.0
2018-02-25,155.20000000000002,535.5000000000001,773.1999999999999,433.0
2018-02-26,159.60000000000005,516.8,761.9,344.0
2018-02-27,304.8,1025.2,1493.1,533.0
2018-02-28,357.6,890.3999999999997,1438.6999999999996,459.0
2018-03-01,158.0,631.5000000000001,874.1,788.0
2018-03-02,319.8,989.6999999999999,1480.1000000000001,953.0
2018-03-03,492.5000000000001,1349.0999999999997,2104.3,1471.0
2018-03-04,709.6,1575.9,2664.2,511.0
2018-03-05,722.0999999999998,1353.0,2460.1,496.0
2018-03-06,1366.2000000000003,1729.5,3824.1999999999994,816.0
2018-03-07,827.4,1505.0,2773.6000000000004,546.0
2018-03-08,390.9,965.7000000000002,1565.0,373.0
2018-03-09,1820.4,1790.3999999999999,4581.8,682.0
2018-03-10,648.8000000000001,1162.3999999999999,2157.0,459.04819277108436
2018-03-11,706.7000000000002,1372.0000000000002,2455.4,465.9759036144578
2018-03-12,330.4,952.2,1458.9,472.9156626506024
2018-03-13,699.2,1149.3,2221.8,630.0602409638554
2018-03-14,725.8000000000002,1262.1000000000004,2375.2000000000003,479.0810810810811
2018-03-15,924.5,1527.3999999999996,2944.9,482.27027027027026
2018-03-16,774.5,1339.6000000000001,2527.5000000000005,528.9729729729731
2018-03-17,100.3,357.20000000000005,511.29999999999995,575.6756756756756
2018-03-18,97.6,377.09999999999997,526.5,622.3783783783784
2018-03-19,103.80000000000001,423.9000000000001,583.0,549.6216216216217
2018-03-20,48.099999999999994,454.59999999999997,528.6,357.0
2018-03-21,395.30000000000007,1079.4999999999998,1685.1,447.0
2018-03-22,295.0,921.8000000000002,1373.5999999999997,496.0
2018-03-23,483.8,1024.1999999999998,1766.0,618.0
2018-03-24,851.3000000000002,1377.2,2682.9999999999995,774.0
2018-03-25,194.89999999999998,920.0,1218.5999999999997,689.0
2018-03-26,326.70000000000005,1124.6000000000001,1625.8999999999999,429.0
2018-03-27,446.4000000000001,993.6000000000001,1678.1999999999998,249.0
2018-03-28,634.8000000000001,1506.9999999999998,2480.3999999999996,292.0
2018-03-29,1121.8000000000002,1515.1000000000001,3235.3999999999996,449.0
2018-03-30,544.3,1262.9999999999998,2097.9,294.0
2018-03-31,250.10000000000002,711.1999999999998,1094.3000000000002,223.0
2018-04-01,373.9,847.0,1420.8999999999999,360.0
2018-04-02,394.09999999999997,920.5000000000001,1524.3999999999999,271.0
2018-04-03,421.70000000000005,859.2,1505.8000000000002,446.0
2018-04-04,333.1,775.0999999999999,1286.8,401.0
2018-04-05,364.59999999999997,753.1,1312.1000000000001,305.0
2018-04-06,744.9999999999999,1459.3999999999999,2602.2,657.0
2018-04-07,603.6000000000001,1344.6999999999998,2270.1999999999994,742.0
2018-04-08,365.0999999999999,1112.0,1671.6999999999998,438.0
2018-04-09,476.9000000000001,1128.1,1859.3999999999999,504.0
2018-04-10,334.10000000000014,1011.3999999999999,1523.3000000000002,684.0
2018-04-11,131.8,767.8000000000001,970.0000000000002,1017.0
2018-04-12,88.60000000000001,572.7,708.4000000000001,721.0
2018-04-13,768.7,1319.2,2498.3,791.0
2018-04-14,902.1,1535.2000000000003,2918.0,1047.0
2018-04-15,369.9,1058.0,1625.3999999999999,731.0
2018-04-16,429.99999999999994,1045.3,1704.3,721.0
2018-04-17,332.9,784.5000000000001,1295.2999999999997,585.0
2018-04-18,665.2,1355.4999999999998,2375.2999999999997,797.0
2018-04-19,893.9999999999999,2021.0,3392.2999999999997,1098.0
2018-04-20,426.5,1244.3999999999999,1898.2,800.0
2018-04-21,522.6999999999999,1459.8999999999999,2260.4,1121.0
2018-04-22,238.20000000000002,857.9000000000001,1223.3999999999999,807.0
2018-04-23,311.1,780.7999999999998,1257.6,345.0
2018-04-24,366.79999999999995,773.9999999999998,1335.9999999999995,376.0
2018-04-25,265.2,601.4000000000001,1007.8000000000001,310.0
2018-04-26,323.8,823.9000000000001,1320.6000000000001,448.0
2018-04-27,1099.2,1720.6,3406.2000000000003,467.0
2018-04-28,52.7,376.99999999999994,458.09999999999997,237.0
2018-04-29,46.7,205.79999999999998,276.49999999999994,221.0
2018-04-30,45.2,336.8,405.99999999999994,265.0
2018-05-01,467.67582781456963,955.8841059602648,1672.3933774834436,383.0
2018-05-02,333.59602649006615,908.9562913907282,1419.6317880794704,244.0
2018-05-03,309.7549668874172,848.3046357615891,1322.3602649006623,475.0
2018-05-04,285.9139072847682,787.6529801324501,1225.0887417218541,676.0
2018-05-05,262.07284768211923,727.0013245033111,1127.8172185430465,687.0
2018-05-06,238.2317880794702,666.3496688741722,1030.5456953642383,858.0
2018-05-07,214.3907284768212,605.698013245033,933.2741721854305,785.0
2018-05-08,190.54966887417217,545.0463576158941,836.0026490066226,872.0
2018-05-09,166.70860927152316,484.394701986755,738.7311258278146,477.0
2018-05-10,142.86754966887418,423.74304635761604,641.4596026490067,309.0
2018-05-11,119.02649006622515,363.091390728477,544.1880794701988,545.0
2018-05-12,95.18543046357614,302.43973509933795,446.91655629139075,453.0
2018-05-13,71.34437086092713,241.78807947019862,349.64503311258284,377.0
2018-05-14,50.53178807947018,212.54966887417223,289.4456953642384,240.0
2018-05-15,46.7,267.20000000000005,338.59999999999997,283.0
2018-05-16,54.099999999999994,226.50000000000003,309.7,422.0
2018-05-17,129.5,370.59999999999997,569.1999999999999,431.0
2018-05-18,255.69999999999996,686.8000000000001,1079.2000000000003,427.0
2018-05-19,422.2,992.4000000000003,1639.1999999999998,560.0
2018-05-20,426.3,1108.3,1761.9,659.0
2018-05-21,209.5,960.6999999999999,1281.7,688.0
2018-05-22,50.1,245.70000000000002,322.4000000000001,606.0
2018-05-23,45.1,200.4,269.69999999999993,649.3255813953488
2018-05-24,198.1,625.9999999999998,929.7,817.1162790697675
2018-05-25,236.79999999999998,957.6999999999998,1320.7,845.5581395348837
2018-05-26,74.89999999999999,576.0000000000002,691.6999999999999,906.0
2018-05-27,256.5,1192.6,1585.5,986.0
2018-05-28,68.7,525.5000000000001,630.5,738.0
2018-05-29,52.70000000000002,377.7,458.59999999999997,393.0
2018-05-30,405.5,1056.7000000000003,1678.7,614.0
2018-05-31,310.5,1086.8,1562.8000000000002,814.0
2018-06-01,565.7,1408.0999999999997,2275.1,674.0
2018-06-02,168.38378378378377,647.9540540540542,905.9540540540538,283.0
2018-06-03,34.994594594594595,488.9513513513514,541.7513513513514,254.0
2018-06-04,109.23362162162165,339.4105945945946,507.01459459459466,286.5
2018-06-05,101.88800000000002,289.084,445.47999999999996,417.5
2018-06-06,169.89999999999998,511.29999999999995,771.4000000000001,630.0
2018-06-07,197.00000000000003,537.0,839.3999999999999,501.0
2018-06-08,171.5,465.59999999999997,727.9000000000001,522.0
2018-06-09,228.4,595.8,946.2,510.0
2018-06-10,136.5,375.8,584.9999999999999,397.0
2018-06-11,299.69999999999993,675.0,1134.3999999999999,337.0
2018-06-12,77.53999999999999,315.85,434.68,258.0
2018-06-13,432.24620689655166,856.5206896551724,1520.2613793103446,394.0
2018-06-14,538.3551724137931,959.0172413793102,1786.3344827586207,412.0
2018-06-15,474.3000000000001,875.0999999999998,1604.1000000000001,391.0
2018-06-16,410.24482758620695,791.1827586206896,1421.8655172413792,332.0
2018-06-17,346.1896551724138,707.2655172413795,1239.6310344827587,319.0
2018-06-18,268.3741379310345,646.6637931034481,1058.8775862068967,288.0
2018-06-19,331.2,511.0,1018.5999999999999,140.0
2018-06-20,374.4000000000001,493.20000000000005,1066.8000000000002,190.0
2018-06-21,27.1,186.6,227.89999999999998,260.0
2018-06-22,152.5,432.5,666.3,363.0
2018-06-23,71.30000000000001,439.49999999999994,548.6,351.0
2018-06-24,214.5,783.5000000000001,1112.0,374.0
2018-06-25,230.10000000000002,788.9999999999999,1141.6,369.0
2018-06-26,453.6,1098.5000000000002,1794.1000000000001,450.0
2018-06-27,272.6,666.4,1084.5,469.0
2018-06-28,98.39999999999999,409.0,560.3999999999999,459.0
2018-06-29,124.99999999999999,455.29999999999995,646.9999999999999,390.0
2018-06-30,127.0,463.19999999999993,657.6,481.0
2018-07-01,84.60000000000002,571.4000000000001,701.2,475.0
2018-07-02,122.0,546.2000000000002,733.5999999999999,448.0
2018-07-03,207.99999999999994,666.7,985.9,406.0
2018-07-04,334.5,999.0999999999999,1511.6999999999998,528.0
2018-07-05,233.79999999999998,1221.8000000000002,1579.8000000000002,623.0
2018-07-06,62.599999999999994,707.7,804.0,607.0
2018-07-07,126.69999999999996,824.7999999999998,1018.7,696.0
2018-07-08,117.89999999999998,778.9,959.5000000000001,347.0
2018-07-09,140.1,769.6999999999997,984.8000000000001,394.0
2018-07-10,22.199999999999996,174.7,209.09999999999997,258.0
2018-07-11,39.7,236.00000000000003,296.40000000000003,274.0
2018-07-12,145.90000000000003,645.8999999999999,869.3,410.0
2018-07-13,296.80000000000007,850.0000000000001,1305.3,399.0
2018-07-14,425.30000000000007,1367.7,2019.7000000000003,465.0
2018-07-15,235.6,1014.6999999999999,1375.4999999999998,377.0
2018-07-16,201.80000000000004,951.8,1261.2,382.0
2018-07-17,215.7,683.8,1014.5000000000001,313.5
2018-07-18,528.9,1334.1000000000001,2144.9,384.0
2018-07-19,814.4,1630.5000000000002,2879.4,493.0
2018-07-20,524.8000000000002,1557.3999999999999,2362.2999999999993,454.0
2018-07-21,100.00000000000001,813.5000000000001,966.4000000000001,429.0
2018-07-22,128.9,834.9000000000001,1032.6999999999998,354.0
2018-07-23,504.9000000000001,1348.7,2122.7,369.0
2018-07-24,359.80000000000007,1174.8,1726.0000000000002,411.0
2018-07-25,230.49999999999997,986.6,1339.5000000000002,425.0
2018-07-26,387.7000000000001,1416.1,2010.7000000000003,777.0
2018-07-27,348.90000000000003,1354.6,1889.5999999999997,680.0
2018-07-28,204.29999999999998,440.40000000000003,753.5999999999999,465.18644067796606
2018-07-29,140.1,246.1,461.29999999999995,429.55932203389824
2018-07-30,425.0999999999999,516.1,1167.8999999999999,351.45762711864404
2018-07-31,372.0,676.1,1246.3999999999999,311.7966101694915
2018-08-01,367.30000000000007,875.2999999999997,1438.3000000000002,377.0
2018-08-02,423.5,1000.8,1650.2,355.3846153846154
2018-08-03,263.2,842.0999999999999,1245.4,486.6153846153847
2018-08-04,103.79999999999998,387.0999999999999,545.5,257.0
2018-08-05,326.69999999999993,938.9000000000001,1439.8999999999999,292.0
2018-08-06,593.8750000000001,1401.7749999999999,2313.1000000000004,451.0
2018-08-07,397.575,1411.775,2021.3000000000002,498.5
2018-08-08,254.2,546.2,936.1000000000001,284.0
2018-08-09,467.7,856.8999999999999,1574.3999999999996,174.0
2018-08-10,506.39999999999986,795.1,1571.8,256.0
2018-08-11,469.50000000000006,810.7000000000002,1530.3000000000002,270.0
2018-08-12,334.8,612.9000000000001,1125.7999999999997,243.0
2018-08-13,147.59999999999997,385.1,611.3,171.0
2018-08-14,156.29999999999998,338.4,577.9000000000001,212.0
2018-08-15,340.4,601.6999999999998,1123.4,288.0
2018-08-16,542.6,731.0999999999998,1562.7999999999997,294.0
2018-08-17,513.9,632.1999999999998,1420.6,323.0
2018-08-18,386.00000000000006,668.4000000000002,1260.0,282.0
2018-08-19,189.89999999999998,322.3,613.8,176.0
2018-08-20,308.6,576.0,1048.7,142.0
2018-08-21,370.2,723.9000000000002,1291.5000000000002,164.0
2018-08-22,494.99999999999994,807.2999999999998,1566.2999999999997,239.0
2018-08-23,250.89999999999998,407.29999999999995,792.6000000000001,170.0
2018-08-24,208.09999999999994,380.6,699.6,227.0
2018-08-25,311.4,418.2,895.9,251.0
2018-08-26,816.1,643.1000000000001,1894.8999999999996,248.0
2018-08-27,175.90000000000006,349.2,618.6,197.0
2018-08-28,862.0,1040.8,2362.5,314.0
2018-08-29,344.95000000000005,588.65,1117.25,246.5
2018-08-30,169.70000000000005,513.5,773.2,329.0
2018-08-31,550.1,1000.7,1843.5000000000002,425.0
2018-09-01,819.4999999999998,1200.8999999999999,2457.9,495.0
2018-09-02,559.1999999999998,1267.8999999999996,2125.3,578.0
2018-09-03,422.9999999999999,1087.8999999999999,1736.8999999999999,467.0
2018-09-04,83.99999999999999,327.49999999999994,456.1,361.0
2018-09-05,81.60000000000002,237.70000000000002,363.2,318.0
2018-09-06,218.80000000000004,591.6999999999999,926.9,352.0
2018-09-07,152.89999999999998,503.29999999999995,738.1,251.0
2018-09-08,622.8,1053.8,2008.0999999999997,315.0
2018-09-09,228.49999999999997,513.8,863.8999999999997,275.0
2018-09-10,405.4,709.3,1330.4000000000003,388.0
2018-09-11,408.1,564.5000000000002,1190.0,331.0
2018-09-12,382.7,423.3,1010.4000000000001,178.5
2018-09-13,980.9,796.5000000000001,2300.5000000000005,342.0
2018-09-14,612.5,1106.5,2045.5000000000002,313.0
2018-09-15,443.09999999999997,811.3000000000001,1490.5000000000002,396.0
2018-09-16,279.4,615.6999999999999,1043.9,371.0
2018-09-17,402.6,907.0,1524.3000000000004,329.0
2018-09-18,287.7,522.7000000000002,964.0999999999999,415.0
2018-09-19,281.4,468.30000000000007,899.4,537.0
2018-09-20,255.00000000000003,398.29999999999984,789.3000000000001,574.0
2018-09-21,224.0,448.70000000000005,792.1999999999999,260.0
2018-09-22,508.1,872.3000000000001,1651.7999999999997,300.0
2018-09-23,77.30000000000001,325.29999999999995,443.29999999999995,147.0
2018-09-24,651.9,804.3000000000002,1803.6000000000001,231.0
2018-09-25,1534.7999999999997,1318.1000000000001,3671.7,396.0
2018-09-26,1968.8000000000002,1807.3999999999999,4826.0,507.0
2018-09-27,1641.3,1483.0999999999997,3999.7999999999997,507.0
2018-09-28,109.60000000000002,406.90000000000003,574.9999999999999,263.0
2018-09-29,828.8,1171.2,2441.8,424.0
2018-09-30,706.3999999999999,615.3,1698.2999999999995,340.0
2018-10-01,134.20000000000002,466.79999999999995,672.5,201.0
2018-10-02,178.60000000000002,415.50000000000006,689.0999999999998,171.0
2018-10-03,1170.8000000000002,827.5,2621.7000000000003,286.0
2018-10-04,931.9000000000001,1002.0000000000001,2431.2999999999997,415.0
2018-10-05,1789.8,1575.2999999999997,4319.6,688.0
2018-10-06,669.8,402.4000000000001,1429.3,254.0
2018-10-07,375.5,631.8000000000001,1207.3,282.0
2018-10-08,1018.6999999999999,1417.5000000000002,2979.100000000001,316.0
2018-10-09,1274.4,1456.6,3410.6,470.0
2018-10-10,1306.6999999999998,1542.5,3546.5999999999995,1007.0
2018-10-11,378.90000000000003,754.6,1335.8000000000002,438.0
2018-10-12,277.7,456.5000000000001,882.3000000000001,407.0
2018-10-13,226.99999999999997,448.00000000000006,796.0999999999999,225.0
2018-10-14,63.09999999999999,223.89999999999995,320.90000000000003,121.5
2018-10-15,152.4,506.6,740.6000000000001,145.5
2018-10-16,872.5000000000001,1057.9,2395.8,533.5
2018-10-17,818.4999999999999,1263.7,2519.0000000000005,238.0
2018-10-18,105.80000000000004,502.30000000000007,664.2,280.0
2018-10-19,1068.2,1025.0,2662.5,383.0
2018-10-20,2571.4,1563.3,5506.499999999999,722.0
2018-10-21,1376.9999999999995,953.8000000000002,3064.6000000000004,453.0
2018-10-22,453.50000000000006,686.6,1382.1,294.0
2018-10-23,228.8,654.2999999999998,1004.9999999999999,299.0
2018-10-24,165.89999999999998,644.3999999999999,898.5999999999999,330.0
2018-10-25,205.69999999999996,699.1999999999999,1014.5,306.0
2018-10-26,105.30000000000001,571.2,732.6,130.0
2018-10-27,60.49999999999998,232.6,325.4,126.0
2018-10-28,68.30000000000001,297.29999999999995,401.89999999999986,199.0
2018-10-29,90.60000000000001,412.3999999999999,551.7,83.0
2018-10-30,204.9,602.4,916.5,207.0
2018-10-31,2110.8,1461.5999999999997,4697.900000000001,457.0
2018-11-01,1063.9999999999998,1241.3999999999999,2872.2999999999997,293.0
2018-11-02,2532.7,1513.1000000000001,5396.599999999999,581.0
2018-11-03,1681.2,1380.6999999999998,3958.4999999999995,574.0
2018-11-04,798.7,1161.8,2386.4,594.0
2018-11-05,1857.6,1209.5,4057.8999999999996,1186.0
2018-11-06,1448.0,1000.1000000000001,3219.7999999999997,632.0
2018-11-07,498.80000000000007,724.1,1488.7,340.0
2018-11-08,759.0,1107.8,2271.7000000000007,449.0
2018-11-09,696.6999999999999,859.0000000000001,1927.0000000000002,348.0
2018-11-10,754.5,1174.3,2331.4,423.0
2018-11-11,488.40000000000003,914.9,1663.5999999999997,283.0
2018-11-12,762.3999999999996,1129.2,2298.7999999999997,378.0
2018-11-13,712.8999999999999,1180.5000000000002,2274.1000000000004,481.0
2018-11-14,1082.6,1201.3,2861.5,570.0
2018-11-15,1712.0999999999997,1282.6000000000001,3907.8999999999996,767.0
2018-11-16,1257.0999999999997,1038.0,2965.2999999999997,381.0
2018-11-17,597.1999999999999,1054.1000000000001,1970.0999999999997,600.0
2018-11-18,169.6,626.9,886.7999999999998,393.0
2018-11-19,124.50000000000004,333.19999999999993,523.9,164.0
2018-11-20,217.30000000000007,556.8,889.6,245.0
2018-11-21,1796.6999999999998,1309.3,4063.9,603.0
2018-11-22,1775.7,1244.2000000000005,3967.0,924.0
2018-11-23,1319.7,1296.9999999999998,3320.2000000000007,806.0
2018-11-24,302.09999999999997,962.0000000000001,1425.1,613.0
2018-11-25,146.4,620.5,845.2,418.0
2018-11-26,88.9,634.1999999999999,770.5,252.0
2018-11-27,1133.1,1202.3999999999999,2939.3000000000006,385.0
2018-11-28,435.4,822.4,1489.5999999999997,302.0
2018-11-29,287.40000000000003,577.3000000000001,1017.9000000000001,270.0
2018-11-30,634.4999999999999,1177.6,2150.2,434.0
2018-12-01,425.69999999999993,894.5000000000001,1547.1,181.0
2018-12-02,248.59999999999997,641.0,1021.9999999999999,158.0
2018-12-03,202.49999999999994,725.5,1035.7,377.0
2018-12-04,2087.9,1722.5000000000005,4924.200000000001,571.0
2018-12-05,945.1,1175.4,2624.5000000000005,299.0
2018-12-06,471.1000000000001,1018.3,1741.0,303.0
2018-12-07,229.0,614.9,965.5999999999999,191.5
2018-12-08,245.6,609.5999999999999,985.5999999999999,307.0
2018-12-09,40.099999999999994,278.80000000000007,340.6,150.0
2018-12-10,238.8,1015.1,1381.4,351.2307692307692
2018-12-11,3385.3,1802.0999999999997,6993.0,482.7692307692308
2018-12-12,980.9,1388.7,2892.4,537.0
2018-12-13,1043.2,1283.6,2882.9,600.0
2018-12-14,1767.2000000000003,1531.3,4241.199999999999,798.0
2018-12-15,361.3,778.1999999999999,1332.5,451.0
2018-12-16,772.1999999999999,1410.0,2594.1,332.0
2018-12-17,969.6999999999999,1338.8999999999996,2825.8,443.0
2018-12-18,357.9,648.9,1197.8,392.0
2018-12-19,694.8000000000001,1219.4999999999998,2285.1,413.0
2018-12-20,609.0000000000002,1147.5000000000002,2081.2000000000003,441.0
2018-12-21,303.29999999999995,770.9,1236.2,446.0
2018-12-22,309.1,947.4000000000002,1421.4000000000003,450.0
2018-12-23,303.70000000000005,821.8999999999997,1287.4,277.0
2018-12-24,1649.4999999999998,1280.6000000000001,3809.7,571.0
2018-12-25,1769.1999999999998,1468.0000000000002,4180.4,662.0
2018-12-26,1129.8,1453.9999999999998,3186.5000000000005,566.0
2018-12-27,4365.099999999999,1754.2,8447.0,999.0
2018-12-28,2317.3000000000006,1530.9999999999998,5083.8,737.0
2018-12-29,280.9000000000001,927.4999999999999,1358.1999999999998,314.0
2018-12-30,196.0,830.9999999999999,1131.3999999999999,278.0
2018-12-31,36.99999999999999,298.0,354.69999999999993,139.0
2019-01-01,29.100000000000005,301.0,345.1,237.0
2019-01-02,29.100000000000005,409.49999999999994,454.29999999999995,304.0
2019-01-03,81.39999999999999,828.2,953.1000000000001,343.0
2019-01-04,163.8,1055.8,1306.9999999999998,546.0
2019-01-05,42.1,725.3000000000001,790.4,463.0
2019-01-06,99.30000000000001,921.5999999999999,1074.0,492.0
2019-01-07,298.1,912.9000000000001,1370.3,371.0
2019-01-08,46.3,533.2,604.4999999999999,338.0
2019-01-09,41.6,490.2000000000001,553.8,235.0
2019-01-10,444.3,1205.5,1886.7000000000003,590.0
2019-01-11,101.00000000000001,943.9000000000001,1098.9,379.0
2019-01-12,124.50000000000003,651.8,842.8000000000001,194.0
2019-01-13,46.5,263.00000000000006,334.09999999999997,152.0
2019-01-14,67.7,681.1999999999999,784.8000000000001,300.0
2019-01-15,559.0999999999998,1326.1000000000001,2183.4,339.0
2019-01-16,327.79999999999995,898.3,1401.0000000000002,193.0
2019-01-17,115.39999999999999,849.4,1026.4,251.0
2019-01-18,2032.8000000000006,1743.8,4861.299999999998,686.0
2019-01-19,688.3,1209.7,2264.4,596.0
2019-01-20,461.1,1133.2,1840.0,628.0
2019-01-21,2389.1000000000004,1759.9999999999998,5423.0,1004.0
2019-01-22,520.2,1324.0000000000002,2121.7,372.0
2019-01-23,315.5,921.4999999999999,1404.6999999999998,331.0
2019-01-24,2360.6,2017.7000000000003,5637.1,659.0
2019-01-25,857.9999999999999,1453.7,2769.7000000000003,442.0
2019-01-26,325.7999999999999,931.2000000000002,1430.9000000000003,254.0
2019-01-27,49.00000000000001,265.3999999999999,340.3,237.0
2019-01-28,304.79999999999995,918.7000000000002,1386.1,326.0
2019-01-29,1704.4999999999998,1879.3000000000002,4492.500000000001,746.0
2019-01-30,673.7,1284.1000000000001,2317.2999999999997,332.0
2019-01-31,2756.2999999999993,1742.2999999999997,5968.200000000001,789.0
2019-02-01,139.2,607.5999999999998,820.7999999999998,299.0
2019-02-02,45.29999999999999,380.40000000000003,450.20000000000005,295.0
2019-02-03,508.2,1122.3999999999999,1901.5,523.0
2019-02-04,866.0,1178.7,2506.2,309.0
2019-02-05,1018.1999999999999,1327.0999999999997,2888.2999999999997,292.0
2019-02-06,968.1,1452.4000000000003,2936.2,465.0
2019-02-07,372.40000000000003,838.9,1410.0,388.0
2019-02-08,253.79999999999998,580.7,969.3,244.0
2019-02-09,261.7,646.1,1047.6000000000001,395.0
2019-02-10,150.29999999999998,676.8000000000001,907.0,165.0
2019-02-11,518.4,1147.1000000000001,1942.3000000000002,326.5
2019-02-12,1613.5999999999997,1635.7999999999997,4109.7,657.0
2019-02-13,881.3,1402.3999999999999,2753.199999999999,735.0
2019-02-14,2808.6,2097.1,6403.899999999999,1081.0
2019-02-15,2601.3,2104.4,6093.0,1170.0
2019-02-16,924.9999999999999,1499.9,2918.6000000000004,843.728971962617
2019-02-17,464.29999999999995,1134.2,1846.0,779.8878504672897
2019-02-18,688.1999999999998,1404.8999999999996,2460.1000000000004,736.8224299065419
2019-02-19,489.79999999999995,1142.3,1893.3,693.7570093457942
2019-02-20,435.7,949.6000000000001,1617.8,593.803738317757
2019-02-21,656.1999999999999,1362.3,2367.8999999999996,663.0
2019-02-22,1132.6000000000001,1582.3,3319.1000000000004,808.0
2019-02-23,1320.8,1552.3000000000002,3576.8000000000006,807.0
2019-02-24,1577.1999999999996,1665.1,4083.1999999999994,880.0
2019-02-25,2136.4000000000005,2078.9000000000005,5355.099999999999,1032.0
2019-02-26,2295.0,2330.3999999999996,5849.1,1126.0
2019-02-27,2826.692592592592,2154.5,6489.122222222222,1338.0
2019-02-28,851.6074074074074,1282.4,2588.177777777778,774.0
2019-03-01,539.0000000000001,1094.5000000000002,1921.2000000000003,809.0
2019-03-02,327.3,814.1,1315.4999999999995,492.0
2019-03-03,153.7,457.7000000000001,693.6000000000001,320.0
2019-03-04,251.70000000000002,693.4999999999999,1079.1000000000001,353.0
2019-03-05,419.3,982.3,1625.0999999999995,426.0
2019-03-06,284.09999999999997,589.2999999999998,1024.9,417.0
2019-03-07,212.89999999999995,560.9000000000001,887.5000000000002,339.0
2019-03-08,476.9,1041.1000000000001,1772.2,402.0
2019-03-09,174.60000000000002,592.6000000000001,860.4000000000001,505.0
2019-03-10,136.7,484.7000000000001,694.3999999999999,260.0
2019-03-11,162.2,448.69999999999993,697.3000000000001,372.0
2019-03-12,213.8,634.3000000000001,961.6999999999999,258.0
2019-03-13,88.00000000000001,325.79999999999995,461.20000000000005,385.0
2019-03-14,130.00000000000003,528.4,727.4999999999999,284.0
2019-03-15,140.59999999999997,452.70000000000005,668.1999999999999,211.0
2019-03-16,187.8,474.20000000000005,762.0000000000001,330.0
2019-03-17,145.40000000000003,423.7000000000001,646.5,212.0
2019-03-18,353.8,844.9000000000001,1387.5,402.0
2019-03-19,1491.5,1639.5,3926.6,570.0
2019-03-20,424.9000000000001,1132.9,1784.4,394.0
2019-03-21,738.1,1181.7000000000003,2313.2,444.0
2019-03-22,570.3,1178.3,2052.8,482.0
2019-03-23,258.29999999999995,957.5000000000002,1353.6999999999998,536.0
2019-03-24,158.7,681.0999999999999,924.5000000000001,413.0
2019-03-25,117.89999999999999,532.1,712.4,401.0
2019-03-26,882.3999999999999,1401.7,2754.9000000000005,575.0
2019-03-27,230.7,1094.8,1448.7000000000003,469.0
2019-03-28,796.8000000000001,1678.6000000000001,2900.6000000000004,689.0
2019-03-29,1520.5,2036.6,4368.099999999999,1052.0
2019-03-30,763.4,1444.1000000000001,2614.5000000000005,1090.0
2019-03-31,108.19999999999997,473.09999999999997,639.1999999999999,658.0
2019-04-01,332.0,988.3000000000002,1497.3999999999996,552.0
2019-04-02,801.4000000000001,1361.4,2590.8,608.0
2019-04-03,507.9,1376.1,2154.7000000000003,457.0
2019-04-04,526.8000000000001,1149.3,1956.4,468.0
2019-04-05,319.50000000000006,945.2999999999998,1435.5000000000005,524.0
2019-04-06,104.19999999999999,420.90000000000003,581.2,381.0
2019-04-07,74.4,410.1,524.1999999999999,925.0
2019-04-08,297.8,1031.0,1488.1000000000001,932.0
2019-04-09,125.49999999999999,630.2,823.1,815.0
2019-04-10,100.2,421.7000000000001,575.1,439.0
2019-04-11,214.0,884.7,1212.8,440.0
2019-04-12,236.2,919.3999999999999,1281.1,411.0
2019-04-13,253.79999999999995,813.8999999999999,1203.5,413.0
2019-04-14,208.3,813.5000000000001,1133.3,555.0
2019-04-15,413.2,1167.2,1800.8000000000004,864.0
2019-04-16,591.3,1660.3999999999999,2566.9000000000005,1148.0
2019-04-17,381.8,1361.8,1947.3000000000002,1235.0
2019-04-18,287.5,1329.8,1771.1999999999996,1094.0
2019-04-19,194.39999999999995,1239.3999999999999,1537.3999999999999,801.0
2019-04-20,224.8,1249.6,1593.9,781.0
2019-04-21,249.90000000000003,1403.9999999999998,1787.2,940.0
2019-04-22,190.8,1526.5,1819.1,1179.0
2019-04-23,339.40000000000003,1525.9,2046.5000000000002,874.0
2019-04-24,565.8,1374.0999999999997,2241.7000000000003,845.0
2019-04-25,343.6,852.9000000000001,1379.5,385.0
2019-04-26,518.1,960.1,1754.8999999999996,443.0
2019-04-27,110.10000000000002,289.00000000000006,457.4,452.0
2019-04-28,46.5,245.79999999999998,316.59999999999997,279.0
2019-04-29,238.60000000000002,892.7,1258.3000000000002,539.0
2019-04-30,488.0,1307.6999999999998,2055.9,579.0
2019-05-01,508.69999999999993,1152.5,1932.4,612.0
2019-05-02,60.30000000000001,525.4,617.8000000000001,311.0
2019-05-03,250.49999999999997,724.4999999999999,1108.8,374.8290598290598
2019-05-04,53.0,137.9,219.60000000000002,327.99999999999983
2019-05-05,80.80000000000001,353.9,478.0,406.7692307692307
2019-05-06,87.8,375.4,509.99999999999994,485.5384615384617
2019-05-07,547.2999999999998,1225.8000000000002,2064.2,564.3076923076924
2019-05-08,400.6,1082.9,1697.1999999999996,641.5555555555557
2019-05-09,365.1,867.6,1427.2999999999997,446.0
2019-05-10,457.5,1158.8999999999999,1860.6,484.0
2019-05-11,98.19999999999999,659.9,810.2,362.0
2019-05-12,320.19999999999993,805.4,1295.9,321.0
2019-05-13,305.3,885.1,1353.0,314.0
2019-05-14,226.49999999999997,736.4999999999998,1083.7,353.0
2019-05-15,298.70000000000005,938.4000000000001,1396.6,576.0
2019-05-16,186.7,637.3,923.2999999999997,464.0
2019-05-17,78.19999999999997,410.0,529.6999999999999,371.0
2019-05-18,282.6,966.2999999999997,1399.4000000000003,426.0
2019-05-19,201.10000000000002,670.8000000000002,978.5999999999998,502.0
2019-05-20,78.39999999999998,580.9,701.1,329.0
2019-05-21,63.59999999999999,443.0,540.5999999999999,285.0
2019-05-22,337.6,1039.0,1556.5000000000002,400.0
2019-05-23,389.59999999999997,1301.5,1898.9,422.0
2019-05-24,78.5,431.7000000000001,552.1000000000001,300.0
2019-05-25,66.40000000000002,246.9,348.69999999999993,214.0
2019-05-26,145.90000000000003,411.49999999999994,635.6,269.0
2019-05-27,97.59999999999998,326.6,476.2,295.0
2019-05-28,145.4,395.4,618.7,191.0
2019-05-29,493.9,982.4000000000002,1739.7000000000003,368.0
2019-05-30,301.7,601.0000000000001,1063.9,348.0
2019-05-31,429.9,764.7,1424.1999999999996,258.0
2019-06-01,423.59999999999997,964.9999999999998,1613.9999999999998,372.0
2019-06-02,214.99999999999994,680.6,1010.7,393.0
2019-06-03,279.2,674.3,1102.6000000000001,468.0
2019-06-04,661.0000000000001,1209.8,2223.8,482.0
2019-06-05,377.9,838.4999999999999,1417.6,352.0
2019-06-06,369.3,882.8000000000001,1449.0,363.0
2019-06-07,290.55,788.5500000000002,1234.1499999999999,359.0
2019-06-08,199.79999999999995,491.6000000000001,797.9999999999999,308.0
2019-06-09,259.99999999999994,675.7999999999998,1074.4999999999998,305.0
2019-06-10,76.9,381.89999999999986,499.70000000000005,147.0
2019-06-11,315.4,490.8,974.4999999999999,218.0
2019-06-12,188.2,644.5999999999999,933.1999999999999,158.0
2019-06-13,340.59999999999997,728.7,1250.1,282.0
2019-06-14,386.3,740.3000000000001,1332.7,330.0
2019-06-15,359.30000000000007,795.4,1346.3000000000002,338.0
2019-06-16,239.59999999999997,498.20000000000005,865.4999999999999,296.0
2019-06-17,346.6,751.6999999999999,1283.0000000000007,325.0
2019-06-18,502.39999999999986,1162.4,1933.0,359.0
2019-06-19,196.4,725.1999999999999,1026.6999999999998,375.0
2019-06-20,242.70000000000002,684.3,1056.1000000000001,265.0
2019-06-21,178.60000000000002,542.9,816.4000000000002,302.0
2019-06-22,455.30000000000007,954.6999999999999,1653.1,351.0
2019-06-23,140.99999999999997,669.3,885.3000000000002,581.0
2019-06-24,573.7,1399.8999999999999,2279.3,597.0
2019-06-25,102.19999999999999,456.9,613.9000000000001,278.0
2019-06-26,60.2,179.80000000000004,271.8,267.0
2019-06-27,155.40000000000003,301.3999999999999,539.0000000000001,419.0
2019-06-28,286.1,551.5,990.5,607.0
2019-06-29,268.70000000000005,1042.8999999999999,1455.1,571.0
2019-06-30,92.5,219.70000000000002,361.69999999999993,304.0
2019-07-01,75.0,178.5,294.00000000000006,233.0
2019-07-02,101.99999999999999,344.5,501.0,292.0
2019-07-03,254.99999999999997,664.2,1055.6000000000001,338.0
2019-07-04,249.20000000000002,770.9999999999999,1153.2,334.0
2019-07-05,127.4,541.7,737.4999999999999,379.0
2019-07-06,90.6,271.2,409.90000000000003,203.0
2019-07-07,309.4,618.5,1093.2,338.0
2019-07-08,472.1,992.5999999999999,1715.9,393.0
2019-07-09,420.3,1053.0,1697.8000000000002,491.0
2019-07-10,434.49999999999994,1187.7,1853.7000000000003,485.0
2019-07-11,151.4,546.3,778.7999999999998,329.0
2019-07-12,55.99999999999999,197.20000000000005,283.2,215.0
2019-07-13,66.1,231.20000000000002,332.4,225.0
2019-07-14,54.9,228.9,313.0,195.0
2019-07-15,154.29999999999998,360.70000000000005,597.0,228.0
2019-07-16,250.60000000000002,812.7,1197.6,424.0
2019-07-17,459.3,1208.3,1912.2000000000003,505.0
2019-07-18,272.6,641.8000000000001,1059.9999999999998,335.0
2019-07-19,500.3999999999999,772.5000000000001,1539.8,317.0
2019-07-20,216.79999999999995,416.8000000000001,749.1,225.0
2019-07-21,250.0,536.9,920.1,312.0
2019-07-22,344.9,651.4,1180.2000000000003,293.0
2019-07-23,517.6999999999998,1119.0,1912.5000000000002,527.0
2019-07-24,423.00000000000006,1271.8,1920.3000000000002,547.0
2019-07-25,474.19999999999993,1664.0,2391.1,432.0
2019-07-26,259.3499999999999,797.0000000000001,1194.8500000000004,442.0
2019-07-27,59.800000000000004,323.90000000000003,415.7,159.0
2019-07-28,63.800000000000004,251.00000000000003,349.5,245.0
2019-07-29,457.6,899.4000000000001,1601.0,389.0
2019-07-30,250.39999999999995,516.0,900.4999999999999,439.0
2019-07-31,282.8999999999999,582.2999999999998,1016.2999999999998,317.0
2019-08-01,96.80000000000004,340.8999999999999,489.0,286.0
2019-08-02,114.9,355.0,531.3000000000001,371.0
2019-08-03,396.8,999.6,1608.1,380.0
2019-08-04,239.80000000000004,741.1999999999999,1109.3000000000002,330.0
2019-08-05,279.8,615.1999999999998,1044.2,334.0
2019-08-06,280.69999999999993,476.09999999999997,906.8000000000001,411.0
2019-08-07,319.8,680.6999999999999,1171.3000000000002,358.0
2019-08-08,405.3,787.7,1409.2,334.0
2019-08-09,290.9,510.05000000000007,956.4000000000001,271.0
2019-08-10,168.8,304.1,562.8000000000001,545.0
2019-08-11,194.1,431.2,728.6,439.0
2019-08-12,656.6999999999999,1018.9000000000001,2026.1,347.0
2019-08-13,210.99999999999997,617.8000000000001,941.1999999999999,236.0
2019-08-14,495.3,864.4,1623.8000000000004,206.0
2019-08-15,139.29999999999998,322.90000000000003,536.1999999999999,260.0
2019-08-16,522.9,732.3000000000002,1533.8999999999996,306.0
2019-08-17,269.9,501.5,915.4,361.0
2019-08-18,220.9,512.9,851.7,334.0
2019-08-19,291.7,631.5000000000001,1078.7,385.0
2019-08-20,183.70000000000002,685.9,967.6000000000001,373.0
2019-08-21,593.1999999999999,1069.2,1978.6000000000001,511.0
2019-08-22,430.9,1059.9,1720.5000000000002,445.0
2019-08-23,638.9,1317.9,2297.8,469.0
2019-08-24,329.70000000000005,1498.9,2004.0000000000002,740.0
2019-08-25,214.5,1335.5999999999997,1664.8,855.0
2019-08-26,222.9,1534.1,1875.4999999999998,623.0
2019-08-27,321.7999999999999,1522.0999999999997,2015.5999999999997,690.0
2019-08-28,342.3,806.1999999999999,1331.0,303.0
2019-08-29,257.70000000000005,656.0999999999999,1051.0,307.0
2019-08-30,416.0999999999999,869.4,1507.1999999999998,427.0
2019-08-31,320.4,783.5,1275.0,337.0
2019-09-01,62.099999999999994,235.7,330.99999999999994,213.0
2019-09-02,372.49999999999994,850.2999999999998,1421.3000000000004,377.0
2019-09-03,278.1,650.9000000000002,1077.0,310.0
2019-09-04,154.00000000000003,305.2,541.7000000000002,226.0
2019-09-05,86.4,411.4,544.0,298.0
2019-09-06,472.30000000000007,1053.3,1777.2,421.0
2019-09-07,51.39999999999999,196.39999999999998,274.7,258.0
2019-09-08,326.4,556.8000000000001,1057.2,292.0
2019-09-09,830.6999999999997,1446.7,2720.8,428.0
2019-09-10,514.9,870.1999999999999,1659.8000000000002,377.0
2019-09-11,391.80000000000007,727.6,1328.3,305.0
2019-09-12,374.0,680.5999999999999,1253.9,308.0
2019-09-13,130.1,345.8,545.0999999999999,344.0
2019-09-14,552.4999999999999,1200.3000000000002,2047.6000000000004,464.0
2019-09-15,159.8,772.4999999999999,1017.3000000000001,332.0
2019-09-16,110.80000000000001,422.2,592.0999999999999,263.0
2019-09-17,61.39999999999999,280.5,374.90000000000003,296.0
2019-09-18,279.3,738.0999999999999,1166.6999999999998,457.0
2019-09-19,615.1000000000001,1090.5,2033.6,474.0
2019-09-20,435.6,1039.8000000000002,1707.6,573.0
2019-09-21,356.40000000000003,1224.6999999999998,1770.9,667.0
2019-09-22,339.5,984.8000000000001,1505.0,428.0
2019-09-23,505.648275862069,821.1172413793104,1597.441379310345,410.34482758620686
2019-09-24,507.451724137931,869.4827586206895,1647.3586206896553,378.65517241379314
2019-09-25,349.30000000000007,726.3,1262.1000000000001,257.0
2019-09-26,365.9,772.3000000000001,1333.1000000000001,415.0
2019-09-27,394.2,778.4000000000001,1382.7,553.0
2019-09-28,282.4,668.5,1101.5000000000002,414.0
2019-09-29,111.5,322.20000000000005,492.8,200.0
2019-09-30,638.4,905.5000000000001,1883.8999999999996,303.0
2019-10-01,356.79999999999995,722.6999999999999,1269.7,382.0
2019-10-02,125.0,548.6999999999999,740.4,308.0
2019-10-03,1738.4,1208.5,3873.9999999999995,567.0
2019-10-04,312.2,860.3000000000001,1338.8999999999999,580.0
2019-10-05,455.2,959.4999999999999,1657.8999999999999,420.0
2019-10-06,74.7,355.80000000000007,470.4,274.0
2019-10-07,568.0,923.6999999999999,1794.2000000000005,343.0
2019-10-08,432.90000000000003,893.1000000000003,1556.9999999999995,658.0
2019-10-09,302.2,738.0,1200.8,505.7738693467337
2019-10-10,311.7,603.8,1082.3999999999999,485.3065326633166
2019-10-11,231.5,563.2,918.0999999999999,450.57286432160805
2019-10-12,791.4,1424.8999999999999,2638.1000000000004,415.83919597989956
2019-10-13,273.1,742.5,1161.0,381.105527638191
2019-10-14,794.2,1102.0999999999997,2320.1999999999994,346.3718592964824
2019-10-15,601.5,1045.3,1967.2000000000003,311.63819095477385
2019-10-16,640.4999999999999,1113.0,2094.6,276.90452261306535
2019-10-17,1149.4,1353.8,3116.3,345.48743718592965
2019-10-18,388.5,798.7,1394.1,455.0
2019-10-19,579.4999999999999,1196.1,2084.6000000000004,450.0
2019-10-20,315.2999999999999,523.0,1006.5999999999999,332.0
2019-10-21,35.199999999999996,232.60000000000002,286.4,314.0
2019-10-22,1892.7000000000003,1426.6,4328.9,593.0
2019-10-23,1372.4000000000005,1223.6000000000004,3327.8,628.0
2019-10-24,940.9999999999995,1256.3999999999999,2699.4,546.0
2019-10-25,522.6,766.8,1568.1999999999998,439.0
2019-10-26,109.69999999999999,378.10000000000014,546.3,337.0
2019-10-27,145.0,706.8,929.0000000000001,391.0
2019-10-28,466.70000000000005,772.0000000000001,1487.8000000000004,404.0
2019-10-29,89.00000000000001,522.7,659.1,292.0
2019-10-30,263.9999999999999,896.6,1301.5000000000002,521.0
2019-10-31,1551.9999999999998,1468.3,3848.0,865.0
2019-11-01,912.0000000000002,1170.2000000000003,2568.2999999999997,379.0
2019-11-02,210.50000000000003,456.70000000000005,779.6000000000001,360.0
2019-11-03,616.4,1069.1000000000001,2014.2999999999997,514.0
2019-11-04,1528.7999999999997,1412.6000000000001,3757.0,595.0
2019-11-05,120.1,460.1000000000001,644.2,343.0
2019-11-06,960.1999999999999,1288.6000000000004,2760.9999999999995,742.0
2019-11-07,863.9000000000001,1198.9999999999998,2524.0,411.0
2019-11-08,1198.0,920.5999999999999,2756.7999999999997,534.0
2019-11-09,1017.6999999999997,1293.5,2854.2999999999997,581.0
2019-11-10,1219.6,951.4000000000001,2821.5,541.0
2019-11-11,521.3000000000001,875.5999999999999,1674.8999999999999,394.0
2019-11-12,346.09999999999997,887.9999999999998,1418.4999999999998,401.0
2019-11-13,751.5000000000001,1155.8000000000002,2307.9999999999995,513.0
2019-11-14,818.2,1413.1999999999998,2667.9999999999995,429.0
2019-11-15,50.6,420.59999999999997,497.70000000000005,426.0
2019-11-16,1149.1000000000001,1206.6000000000001,2968.7000000000003,599.0
2019-11-17,1867.5999999999997,1233.3,4097.200000000001,735.0
2019-11-18,141.29999999999998,708.4000000000001,924.8,369.0
2019-11-19,3394.7,2018.1999999999994,7223.4,1054.0
2019-11-20,1096.3999999999999,1422.1000000000004,3103.1,719.0
2019-11-21,871.9,1129.3,2466.3,775.0
2019-11-22,656.0,1230.9999999999998,2236.8999999999996,474.0
2019-11-23,473.49999999999994,973.4000000000001,1699.2,455.0
2019-11-24,1218.1000000000001,1153.4,3020.7,605.0
2019-11-25,854.1999999999999,1216.1000000000001,2525.9,398.0
2019-11-26,554.0,1087.6000000000001,1936.9,327.0
2019-11-27,395.49999999999994,1075.6000000000001,1681.3,324.0
2019-11-28,133.20000000000002,610.2,814.3,322.0
2019-11-29,894.9000000000001,935.5999999999999,2307.5,532.0
2019-11-30,1273.5,1317.0,3269.5000000000005,561.0
2019-12-01,47.8,445.0,518.7,274.0
2019-12-02,749.6000000000001,1355.2,2504.8,535.0
2019-12-03,2038.2000000000003,2042.2,5167.1,989.0
2019-12-04,4345.4,2218.7,8881.400000000001,988.0
2019-12-05,1859.1,1488.2,4338.700000000001,658.0
2019-12-06,253.89999999999998,730.0999999999998,1119.9999999999998,267.0
2019-12-07,422.20000000000005,908.8999999999999,1555.9,527.0
2019-12-08,179.7,526.6,801.8,460.0
2019-12-09,353.29999999999995,767.1,1308.9,406.0
2019-12-10,609.8,892.4999999999999,1828.1000000000004,451.0
2019-12-11,733.8000000000001,1374.5000000000002,2499.8999999999996,491.0
2019-12-12,717.0999999999999,1306.2,2406.1999999999994,363.0
2019-12-13,215.40000000000003,681.5,1012.4,406.0
2019-12-14,262.5,743.0000000000001,1145.5,507.0
2019-12-15,232.90000000000003,598.9999999999999,955.5999999999999,467.0
2019-12-16,1227.5,1546.8999999999999,3428.9,565.0
2019-12-17,600.1999999999999,1374.0,2294.0,353.0
2019-12-18,1500.8999999999996,1486.4,3787.4999999999995,525.0
2019-12-19,349.8000000000001,623.4,1159.6000000000001,474.0
2019-12-20,600.2999999999998,1284.8999999999999,2205.2,266.0
2019-12-21,370.09999999999997,846.0000000000001,1413.3000000000002,331.0
2019-12-22,246.70000000000002,792.5000000000002,1170.5,382.0
2019-12-23,382.49999999999994,916.2999999999998,1502.7,499.0
2019-12-24,275.29999999999995,871.1000000000001,1293.0999999999997,464.0
2019-12-25,832.8000000000001,804.4999999999999,2081.3,418.0
2019-12-26,286.3,707.4,1146.5999999999997,376.0
2019-12-27,1326.0,1050.6,3083.5,525.0
2019-12-28,949.2999999999998,1097.8,2552.7999999999997,548.0
2019-12-29,507.2,930.1,1707.8999999999999,409.0599999999999
2019-12-30,1336.9,1284.7,3334.1999999999994,446.15999999999997
2019-12-31,702.1,1029.5,2106.4,457.68
2020-01-01,1067.9999999999998,1345.2,2982.4,469.20000000000005
2020-01-02,341.3,745.7000000000002,1269.0000000000002,480.72
2020-01-03,71.59999999999998,595.4,705.2999999999998,492.24
2020-01-04,251.2,994.3,1379.4,503.76
2020-01-05,244.70000000000005,910.9000000000002,1286.3999999999999,515.2800000000001
2020-01-06,284.29999999999995,732.0,1167.9,491.9
2020-01-07,357.09999999999997,873.9000000000001,1421.6000000000004,463.0
2020-01-08,600.0,991.7,1911.7999999999997,730.0
2020-01-09,303.5,676.5,1141.8,247.0
2020-01-10,339.5,817.9999999999999,1337.9,303.0
2020-01-11,190.2,513.9,806.0,431.0
2020-01-12,206.10000000000005,591.8000000000001,907.2,236.0
2020-01-13,282.09999999999997,648.7,1081.5,329.0
2020-01-14,228.49999999999997,518.6999999999999,868.8,403.0
2020-01-15,428.49999999999994,948.3000000000001,1605.4000000000003,368.0
2020-01-16,378.50000000000006,733.6999999999999,1313.2000000000003,362.0
2020-01-17,434.29999999999995,1017.6000000000001,1683.5000000000002,294.0
2020-01-18,91.9,877.0,1017.4000000000001,337.0
2020-01-19,570.1,1035.3999999999999,1909.6,440.0
2020-01-20,3473.6000000000004,2307.3999999999996,7633.6,1184.0
2020-01-21,3508.8,2015.4,7395.200000000001,835.0
2020-01-22,744.1,1279.7,2420.7000000000003,595.0
2020-01-23,484.49999999999994,1062.2,1805.0,315.0
2020-01-24,1252.9,1473.6000000000001,3394.7000000000003,535.0
2020-01-25,734.3999999999999,1208.4,2334.3,753.0
2020-01-26,294.0,744.3999999999999,1195.1,466.0
2020-01-27,575.4,1177.0,2059.8,296.0
2020-01-28,228.20000000000002,785.5000000000001,1135.3000000000002,265.0
2020-01-29,347.9,943.9999999999998,1477.2,565.0
2020-01-30,461.2999999999999,946.0000000000001,1653.7,220.0
2020-01-31,280.09999999999997,674.4999999999999,1103.6999999999998,171.0
2020-02-01,171.1,599.9,862.6999999999999,432.0
2020-02-02,181.99999999999997,671.6,950.8000000000002,444.0
2020-02-03,157.7,623.2,864.4000000000001,403.0
2020-02-04,39.2,506.5,566.5999999999999,283.0
2020-02-05,1692.7,1710.3999999999996,4305.9,859.0
2020-02-06,3668.7,2037.2,7662.100000000002,1016.0
2020-02-07,963.7000000000002,1249.1,2726.7000000000003,881.0
2020-02-08,311.69999999999993,799.4000000000001,1277.6000000000001,568.0
2020-02-09,92.8,303.2,446.3,257.0
2020-02-10,161.3,465.4999999999999,713.1000000000001,298.0
2020-02-11,163.7,495.1,746.2,408.0
2020-02-12,403.50000000000006,924.4999999999999,1543.6,367.0
2020-02-13,166.20000000000005,604.9,859.3999999999999,208.0
2020-02-14,768.0999999999999,1007.7,2185.7999999999993,656.0
2020-02-15,142.89999999999998,339.1,558.3,203.0
2020-02-16,137.2,448.29999999999995,658.6,156.0
2020-02-17,239.20000000000002,623.3000000000001,990.0999999999999,396.0
2020-02-18,301.1,798.7,1260.1,308.0
2020-02-19,386.3,839.0999999999999,1431.8000000000002,344.0
2020-02-20,135.70000000000002,515.3000000000002,723.4000000000001,192.0
2020-02-21,279.59999999999997,776.9000000000002,1205.6,540.0
2020-02-22,113.99999999999999,360.4,535.3000000000001,397.0
2020-02-23,107.0,484.79999999999995,648.1999999999999,125.0
2020-02-24,252.79999999999995,634.8,1022.4000000000001,148.0
2020-02-25,246.20000000000005,683.7000000000002,1061.4,255.0
2020-02-26,134.5,591.9,798.0999999999999,269.0
2020-02-27,172.4,831.8999999999999,1096.3999999999999,260.0
2020-02-28,522.0999999999999,1010.7999999999998,1811.6,353.0
2020-02-29,204.99999999999997,421.59999999999997,736.0999999999999,437.0
2020-03-01,226.60000000000002,559.5,907.4999999999999,330.0
2020-03-02,168.1,690.6,947.9000000000001,208.0
2020-03-03,382.9000000000001,1006.0000000000001,1592.8,544.0
2020-03-04,871.8999999999999,1375.8000000000004,2712.8,601.0
2020-03-05,60.3,358.3,450.4,258.0
2020-03-06,554.0,859.2,1708.3,436.0
2020-03-07,628.8,1130.1,2094.4,634.0
2020-03-08,210.9,592.0000000000001,915.0,300.0
2020-03-09,241.30000000000004,630.5,1000.6,329.0
2020-03-10,208.70000000000002,481.6,801.0999999999999,121.0
2020-03-11,247.89999999999995,607.2,987.3999999999999,209.0
2020-03-12,257.19999999999993,517.4000000000001,911.7999999999998,586.2702702702702
2020-03-13,303.40000000000003,670.4999999999999,1135.5,976.7297297297297
2020-03-14,278.9,645.5,1073.1,324.0
2020-03-15,88.1,382.90000000000003,517.8,253.0
2020-03-16,254.6,814.2,1205.2,401.0
2020-03-17,319.4,764.1,1253.8000000000002,479.0
2020-03-18,284.40000000000003,696.6,1132.8,437.0
2020-03-19,109.49999999999999,418.00000000000006,585.7999999999998,354.0
2020-03-20,72.49999999999999,175.40000000000003,286.09999999999997,291.0
2020-03-21,86.3,251.6,383.0,393.0
2020-03-22,74.10000000000001,297.79999999999995,411.4,410.0
2020-03-23,435.20000000000005,1021.6999999999999,1689.2,533.0
2020-03-24,392.95,1125.3000000000002,1727.6,593.0
2020-03-25,431.79999999999995,975.8,1638.2999999999997,616.0
2020-03-26,89.60000000000002,579.1000000000001,716.3000000000001,762.0
2020-03-27,44.10000000000001,321.5,388.7,769.0
2020-03-28,32.199999999999996,136.0,185.50000000000003,471.0
2020-03-29,26.8,56.70000000000001,97.60000000000001,370.0
2020-03-30,37.099999999999994,145.2,202.20000000000002,277.0
2020-03-31,105.79999999999998,436.3,599.0,408.0
2020-04-01,140.80000000000007,578.1,794.2,336.0
2020-04-02,40.4,268.0,329.8,271.0
2020-04-03,221.79999999999995,670.8000000000001,1010.7000000000002,431.0
2020-04-04,291.1,652.3,1099.3,487.0
2020-04-05,71.8,432.0,542.6,429.0
2020-04-06,87.40000000000002,445.20000000000005,579.1,330.0
2020-04-07,254.50000000000006,729.6,1119.8999999999999,623.0
2020-04-08,167.1,938.6000000000001,1194.9999999999998,1081.0
2020-04-09,205.20000000000002,838.0999999999999,1152.5000000000002,995.0
2020-04-10,121.39999999999999,685.3000000000001,871.5000000000001,869.0
2020-04-11,206.6,1007.6,1324.8999999999999,758.0
2020-04-12,219.90000000000003,537.3,874.6,539.0
2020-04-13,34.400000000000006,48.6,100.89999999999999,390.0
2020-04-14,150.20000000000002,478.59999999999997,708.7999999999998,396.0
2020-04-15,267.3,862.4999999999999,1272.3999999999999,715.0
2020-04-16,225.29999999999995,906.4,1251.8000000000002,1066.0
2020-04-17,82.20000000000003,293.8000000000001,419.6,511.0
2020-04-18,86.1,349.0,480.9,596.0
2020-04-19,36.699999999999996,185.3,241.70000000000002,454.0
2020-04-20,61.86666666666666,183.84444444444443,276.91111111111104,599.0
2020-04-21,49.53333333333333,248.15555555555557,323.98888888888877,728.0
2020-04-22,40.0,349.40000000000003,410.8999999999999,709.0
2020-04-23,97.39999999999999,710.9999999999999,860.6000000000001,787.0
2020-04-24,63.00000000000001,564.1,660.8,620.0
2020-04-25,88.39999999999999,436.00000000000006,571.6,434.0
2020-04-26,106.7,627.1,790.1999999999999,494.0
2020-04-27,164.9,699.0000000000001,951.8000000000001,568.0
2020-04-28,44.20000000000001,254.20000000000002,322.00000000000006,209.0
2020-04-29,236.39999999999998,540.6999999999999,902.8,369.0
2020-04-30,172.29999999999998,481.79999999999995,746.5999999999999,360.0
2020-05-01,98.89999999999999,392.8,543.9,286.0
2020-05-02,76.69999999999999,367.3,484.9000000000001,299.0
2020-05-03,200.8,669.8999999999999,977.8999999999999,433.0
2020-05-04,93.80000000000001,446.20000000000005,590.6,365.0
2020-05-05,72.20000000000002,276.29999999999995,387.20000000000005,384.0
2020-05-06,129.79999999999998,542.1,741.0,517.0
2020-05-07,218.7,916.6000000000001,1251.7,629.0
2020-05-08,160.3,1021.8,1267.6000000000001,585.0
2020-05-09,68.9,788.4000000000001,894.0,729.0
2020-05-10,10.7,214.20000000000002,230.80000000000004,530.0
2020-05-11,24.799999999999997,121.6,159.20000000000002,368.0
2020-05-12,49.3,281.1,356.7,318.0
2020-05-13,26.500000000000004,174.39999999999998,215.1,303.0
2020-05-14,64.10000000000001,318.4,416.59999999999997,303.0
2020-05-15,98.5,486.6999999999999,637.9000000000001,350.0
2020-05-16,43.1,412.9,479.29999999999995,300.0
2020-05-17,93.8,517.6,661.8,360.0
2020-05-18,87.90000000000002,373.3999999999999,508.09999999999997,385.0
2020-05-19,85.09999999999998,382.50000000000006,512.4000000000001,318.0
2020-05-20,244.49999999999997,742.2,1117.3,411.0
2020-05-21,142.5,770.1,988.5999999999999,473.0
2020-05-22,132.99999999999997,449.40000000000003,652.8000000000001,670.0
2020-05-23,61.7,201.89999999999998,296.6000000000001,561.0
2020-05-24,24.8,275.2,313.09999999999997,461.0
2020-05-25,106.2,561.9999999999999,724.5000000000001,446.0
2020-05-26,75.6,524.4,640.6,382.0
2020-05-27,186.5,682.3,968.2999999999998,457.0
2020-05-28,139.30000000000004,388.6000000000001,601.9000000000002,459.522041763341
2020-05-29,179.9,553.8,829.5999999999999,461.98607888631113
2020-05-30,80.29999999999998,372.2,495.1,468.6682134570765
2020-05-31,48.900000000000006,251.00000000000003,326.1,475.35034802784236
2020-06-01,90.79999999999998,412.29999999999995,551.5,482.03248259860766
2020-06-02,31.1,309.3,357.4999999999999,488.7146171693736
2020-06-03,55.70000000000001,375.7,460.90000000000003,495.39675174013905
2020-06-04,25.999999999999996,192.2,231.79999999999998,502.0788863109049
2020-06-05,47.199999999999996,230.6,303.00000000000006,508.76102088167056
2020-06-06,163.5,480.1,730.0999999999999,515.4431554524361
2020-06-07,30.799999999999997,207.90000000000003,254.90000000000003,522.1252900232021
2020-06-08,28.000000000000004,200.1,243.6,528.8074245939674
2020-06-09,199.9,584.3000000000001,890.4999999999999,535.4895591647332
2020-06-10,401.6,896.1999999999999,1511.7,542.1716937354987
2020-06-11,38.199999999999996,266.2,325.20000000000005,548.8538283062645
2020-06-12,130.79999999999998,635.0000000000001,835.5000000000001,555.5359628770298
2020-06-13,179.9,665.3,940.9000000000001,562.218097447796
2020-06-14,136.5,556.1,765.3999999999997,568.9002320185616
2020-06-15,287.8,872.2,1313.6999999999998,488.9443155452436
2020-06-16,311.7,895.4000000000001,1373.5000000000002,345.0
2020-06-17,310.69999999999993,897.3000000000001,1373.6000000000001,302.0
2020-06-18,244.59999999999997,678.9999999999998,1054.5000000000002,163.0
2020-06-19,236.4,545.3000000000001,908.1,325.0
2020-06-20,197.9,480.50000000000006,784.2,298.0
2020-06-21,79.70000000000002,243.10000000000002,365.1000000000001,223.0
2020-06-22,303.3,596.7999999999998,1062.1,560.0
2020-06-23,320.70000000000005,822.2,1313.5000000000005,547.0
2020-06-24,190.7,953.9999999999999,1245.9,589.0
2020-06-25,141.10000000000002,848.7,1064.8999999999999,533.0
2020-06-26,208.7,870.4000000000001,1190.6999999999998,479.0
2020-06-27,129.0,281.99999999999994,479.7,241.0
2020-06-28,123.1,319.9,508.2,276.0
2020-06-29,168.99999999999997,394.2000000000001,653.5999999999998,331.0
2020-06-30,284.3999999999999,554.8,991.0,197.0
2020-07-01,278.00000000000006,524.5,950.5000000000001,219.0
2020-07-02,184.7,512.1999999999999,795.4,175.0
2020-07-03,256.50000000000006,518.9,911.9,353.0
2020-07-04,220.0,350.7,688.3,204.0
2020-07-05,71.5,162.0,271.59999999999997,297.0
2020-07-06,38.49999999999999,175.8,234.70000000000002,240.0
2020-07-07,201.50000000000003,588.6999999999999,898.1000000000003,288.0
2020-07-08,291.30000000000007,525.3999999999999,972.5999999999998,182.0
2020-07-09,374.7,456.19999999999993,1031.1999999999998,202.0
2020-07-10,34.79999999999999,214.6,267.8,157.0
2020-07-11,68.2,359.09999999999997,463.8,221.0
2020-07-12,186.89999999999998,599.5,886.1,343.0
2020-07-13,138.40000000000003,476.5999999999999,689.0,255.0
2020-07-14,39.899999999999984,204.70000000000002,266.2,176.0
2020-07-15,75.39999999999998,283.1,398.59999999999997,187.0
2020-07-16,69.425,220.975,326.9,214.88888888888889
2020-07-17,155.22500000000002,369.775,607.1999999999999,459.1111111111111
2020-07-18,85.9,279.40000000000003,410.7,214.0
2020-07-19,52.300000000000004,191.1,271.7,101.0
2020-07-20,27.0,237.89999999999998,279.5,237.0
2020-07-21,38.9,331.8,391.29999999999995,273.0
2020-07-22,283.60000000000014,833.6000000000001,1268.2000000000005,444.0
2020-07-23,195.89999999999998,700.1999999999999,1000.7,372.0
2020-07-24,188.00000000000003,457.5,745.5,214.0
2020-07-25,176.70000000000005,423.4,694.3000000000001,112.0
2020-07-26,144.90000000000003,341.6,563.7,267.0
2020-07-27,225.7,388.1,733.6999999999999,256.0
2020-07-28,47.300000000000004,230.59999999999997,303.20000000000005,153.0
2020-07-29,140.20000000000002,536.0,751.0000000000001,240.0
2020-07-30,388.6,953.3000000000001,1549.2999999999997,374.0
2020-07-31,196.30000000000004,977.8999999999999,1279.2,700.0
2020-08-01,78.4,276.09999999999997,396.59999999999997,183.0
2020-08-02,73.89999999999999,270.99999999999994,384.19999999999993,181.0
2020-08-03,39.0,254.9,314.8,158.0
2020-08-04,274.90000000000003,592.0999999999999,1013.8,316.0
2020-08-05,189.09999999999997,455.6000000000001,746.0999999999999,272.0
2020-08-06,334.70000000000005,787.8,1301.1000000000001,246.0
2020-08-07,317.20000000000005,1501.9,1988.3000000000004,589.0
2020-08-08,41.199999999999996,726.8,789.8999999999999,598.0
2020-08-09,30.500000000000004,329.90000000000003,376.7,567.0
2020-08-10,95.3,847.3000000000002,993.1,739.0
2020-08-11,103.6,1066.4,1225.5,791.0
2020-08-12,110.30000000000003,1153.0,1321.5,1072.0
2020-08-13,12.9,284.40000000000003,304.0,503.0
2020-08-14,15.299999999999999,217.10000000000002,240.20000000000002,249.0
2020-08-15,101.1,427.7,583.3,419.0
2020-08-16,128.4,767.9,964.9000000000001,644.0
2020-08-17,410.1,792.6,1421.2000000000003,208.0
2020-08-18,254.9,541.1,931.8,190.0
2020-08-19,412.20000000000005,685.8,1317.6,123.56451612903227
2020-08-20,261.09999999999997,623.3999999999999,1023.8,189.48387096774192
2020-08-21,127.80000000000001,283.9,479.70000000000005,333.4516129032258
2020-08-22,137.0,384.59999999999997,594.5,370.0
2020-08-23,66.1,228.2,329.20000000000005,261.0
2020-08-24,186.69999999999996,453.3,739.8,257.0
2020-08-25,150.79999999999998,307.4,538.6999999999999,279.0
2020-08-26,40.699999999999996,292.1,354.49999999999994,267.0
2020-08-27,348.5,660.3,1194.4,395.0
2020-08-28,200.79999999999998,376.3,684.1999999999999,221.0
2020-08-29,13.5,104.19999999999999,124.99999999999999,301.0
2020-08-30,10.6,95.00000000000001,111.7,337.0
2020-08-31,155.6,500.6,739.2,205.0
2020-09-01,384.3999999999999,851.7999999999998,1441.3999999999996,312.0
2020-09-02,550.4999999999999,965.4000000000002,1809.4,390.0
2020-09-03,202.29999999999995,455.30000000000007,765.6,283.0
2020-09-04,173.1,498.90000000000003,763.8999999999999,441.0
2020-09-05,43.70000000000001,379.2,446.2,335.0
2020-09-06,289.7,612.5000000000001,1056.7,283.0
2020-09-07,699.5,710.2,1782.4999999999998,294.0
2020-09-08,220.20000000000002,511.79999999999995,849.5999999999999,190.0
2020-09-09,91.39999999999999,378.9999999999999,519.8000000000001,255.0
2020-09-10,90.7,548.5,687.0000000000001,345.0
2020-09-11,408.7,776.6,1403.3000000000002,348.0
2020-09-12,176.7,546.9999999999999,817.8,333.0
2020-09-13,242.6,650.1,1021.6999999999999,291.0
2020-09-14,614.4999999999998,1127.8000000000002,2070.0,469.0
2020-09-15,172.29999999999998,1204.1000000000001,1468.4000000000003,952.0
2020-09-16,24.899999999999995,362.8,401.0,505.0
2020-09-17,79.4,342.3,464.49999999999994,509.0
2020-09-18,64.4,332.70000000000005,431.40000000000003,428.0
2020-09-19,29.700000000000003,236.29999999999995,281.90000000000003,449.0
2020-09-20,18.999999999999996,227.69999999999996,256.70000000000005,501.0
2020-09-21,354.9,838.1999999999999,1381.7,509.0
2020-09-22,804.1,1069.1999999999998,2301.8000000000006,537.0
2020-09-23,197.09999999999997,597.8999999999999,900.1,261.0
2020-09-24,427.1,794.5000000000001,1450.1,249.0
2020-09-25,30.699999999999996,295.1000000000001,341.90000000000003,202.0
2020-09-26,20.8,179.70000000000002,211.4,192.0
2020-09-27,12.8,120.8,140.29999999999998,201.0
2020-09-28,120.6,554.6999999999999,740.2,293.0
2020-09-29,666.0000000000001,835.9999999999999,1857.1,354.0
2020-09-30,527.5999999999999,798.1,1607.1,370.0
2020-10-01,282.3,717.8000000000002,1150.5,317.0
2020-10-02,143.6,511.09999999999997,731.5,226.0
2020-10-03,308.0,673.5999999999999,1146.2,268.0
2020-10-04,150.39999999999998,445.00000000000006,675.8000000000001,155.0
2020-10-05,344.29999999999995,752.1999999999999,1280.4,309.0
2020-10-06,227.79999999999998,550.6999999999999,899.4999999999999,223.0
2020-10-07,215.89999999999998,568.0000000000001,898.7999999999998,296.0
2020-10-08,141.49999999999997,511.09999999999997,728.0999999999998,195.0
2020-10-09,627.9999999999999,887.3000000000001,1850.5000000000002,296.0
2020-10-10,75.6,443.1999999999999,559.4,208.0
2020-10-11,39.8,345.1000000000001,406.19999999999993,150.0
2020-10-12,895.4000000000002,1048.2999999999997,2421.2000000000003,357.0
2020-10-13,54.49999999999999,363.99999999999994,447.90000000000003,236.0
2020-10-14,53.60000000000001,348.79999999999995,431.3,250.0
2020-10-15,46.69999999999999,304.0999999999999,376.29999999999995,214.0
2020-10-16,65.49999999999999,490.5,591.1,275.72727272727275
2020-10-17,25.5,372.3,411.4,377.0909090909091
2020-10-18,452.5,912.0999999999999,1605.8,377.1818181818182
2020-10-19,430.7,821.0,1481.3999999999999,396.0
2020-10-20,268.3,587.4,999.0,511.0
2020-10-21,473.70000000000005,882.8000000000002,1608.6000000000004,308.0
2020-10-22,415.69999999999993,902.0999999999999,1539.8,445.0
2020-10-23,395.40000000000003,891.8000000000001,1498.2,323.0
2020-10-24,161.60000000000002,446.69999999999993,694.7,260.0
2020-10-25,276.9,639.8,1064.1000000000001,256.04255319148933
2020-10-26,457.29999999999995,891.9000000000001,1593.1999999999998,229.7872340425531
2020-10-27,459.19999999999993,859.8,1564.1000000000004,254.29787234042556
2020-10-28,316.1000000000001,716.5999999999999,1201.1,278.8085106382978
2020-10-29,275.99999999999994,663.8,1087.1,303.3191489361703
2020-10-30,249.69999999999996,618.8,1001.5,327.82978723404244
2020-10-31,163.6,443.1,694.3000000000001,352.34042553191495
2020-11-01,106.89999999999999,284.1,448.79999999999995,376.8510638297871
2020-11-02,173.6,449.1,715.3,401.3617021276596
2020-11-03,197.6,800.4000000000001,1102.8,425.87234042553183
2020-11-04,968.5,1201.2,2686.4,583.4893617021277
2020-11-05,3139.7999999999997,1535.9,6350.599999999999,1148.0
2020-11-06,984.8000000000001,1229.2,2738.7999999999997,1644.0
2020-11-07,869.7000000000002,1046.5,2380.1,856.0
2020-11-08,725.7,912.1000000000001,2025.2,875.0
2020-11-09,1146.2,1162.6,2919.899999999999,547.0
2020-11-10,873.9000000000001,1249.8,2590.1000000000004,462.0
2020-11-11,568.9999999999999,722.7,1595.2,389.0
2020-11-12,319.4,730.3999999999999,1219.4999999999998,410.0
2020-11-13,473.8,1053.9999999999998,1780.7,468.0
2020-11-14,140.20000000000005,456.9,671.3999999999999,434.0
2020-11-15,110.0,376.2,544.9000000000001,285.0
2020-11-16,227.0,632.4,980.7,380.0
2020-11-17,183.70000000000005,523.4000000000001,804.6999999999998,404.0
2020-11-18,183.20000000000005,453.20000000000005,734.2000000000002,435.0
2020-11-19,83.80000000000001,618.0000000000001,746.3,233.0
2020-11-20,1095.4999999999995,1188.3000000000002,2867.7999999999997,368.0
2020-11-21,169.7,569.8,830.4000000000001,262.0
2020-11-22,162.6,646.4000000000001,896.0,261.0
2020-11-23,1869.3999999999999,1337.3999999999999,4203.499999999999,534.0
2020-11-24,355.30000000000007,737.9,1282.7,340.0
2020-11-25,242.8,701.0000000000001,1073.9,463.0
2020-11-26,522.8,991.8000000000002,1792.7999999999997,552.0
2020-11-27,783.8000000000002,1012.7999999999998,2214.3999999999996,539.0
2020-11-28,670.3000000000001,1156.1000000000001,2183.9,927.0
2020-11-29,215.2,912.5000000000001,1242.5,673.0
2020-11-30,379.59999999999997,750.9,1332.6,361.0
2020-12-01,34.7,505.59999999999997,558.5,273.0
2020-12-02,970.1,1336.8,2824.5,563.0
2020-12-03,873.0999999999999,1367.6000000000001,2706.2,303.0
2020-12-04,441.1,985.9,1662.2,307.0
2020-12-05,322.59999999999997,953.0999999999997,1447.7,379.0
2020-12-06,55.4,530.4,615.2,272.0
2020-12-07,213.80000000000004,819.0,1146.5000000000002,313.0
2020-12-08,1868.2999999999997,1565.4,4430.400000000001,719.0
2020-12-09,876.1000000000001,1238.1,2581.1999999999994,529.0
2020-12-10,481.1999999999999,883.1999999999998,1621.3,479.0
2020-12-11,1089.4,1469.8,3140.2000000000007,447.0
2020-12-12,138.20000000000002,712.5000000000001,924.6,406.0
2020-12-13,343.49999999999994,838.0999999999999,1365.0,270.0
2020-12-14,380.6,777.4999999999999,1361.1000000000001,450.0
2020-12-15,715.3,1195.8999999999999,2292.6000000000004,523.0
2020-12-16,429.1,893.4999999999999,1551.1999999999998,322.0
2020-12-17,432.7999999999999,836.3,1500.0,380.0
2020-12-18,178.5,403.3,676.5000000000001,279.0
2020-12-19,193.69999999999996,488.59999999999997,785.5000000000001,299.0
2020-12-20,214.0,614.3,942.1,258.0
2020-12-21,237.9,576.6999999999998,941.4000000000001,177.0
2020-12-22,483.1,779.0999999999999,1519.6,261.0
2020-12-23,444.3,968.1000000000001,1649.6000000000004,328.0
2020-12-24,19.2,170.30000000000004,200.20000000000002,140.0
2020-12-25,51.5,418.90000000000003,497.6,212.0
2020-12-26,93.2,417.29999999999995,560.1999999999999,121.0
2020-12-27,271.5,699.3000000000001,1115.8000000000002,267.0
2020-12-28,368.50000000000006,861.6,1426.7999999999997,412.0
2020-12-29,42.89999999999999,468.90000000000003,534.3,336.0
2020-12-30,809.2,1161.8999999999999,2402.7,411.0
2020-12-31,184.4,684.8,967.6999999999999,371.0
2021-01-01,92.8,580.1999999999999,722.9,435.0
2021-01-02,61.9,441.29999999999995,536.8000000000001,180.0
2021-01-03,44.8,294.1,363.1000000000001,182.0
2021-01-04,52.70000000000001,254.00000000000003,334.1,195.0
2021-01-05,49.400000000000006,276.8,352.4000000000001,171.0
2021-01-06,70.00000000000001,443.4,551.1999999999999,256.0
2021-01-07,216.2,860.9,1192.4,414.0
2021-01-08,556.4999999999999,961.0,1814.5999999999997,487.0
2021-01-09,516.6999999999999,802.4,1594.3999999999999,298.23999999999995
2021-01-10,275.90000000000003,849.3000000000003,1272.6000000000001,431.04
2021-01-11,208.8,688.7,1008.1999999999999,477.12000000000006
2021-01-12,79.5,673.8000000000001,795.9999999999999,523.2
2021-01-13,1316.9,1393.5000000000002,3412.8,503.4
2021-01-14,200.1,694.1000000000001,1000.6000000000001,183.0
2021-01-15,1026.6999999999998,1001.1999999999998,2576.2,558.0
2021-01-16,267.4,793.5999999999999,1203.7,302.0
2021-01-17,79.6,528.0,649.8,323.0
2021-01-18,472.59999999999997,1084.8999999999999,1809.4000000000003,427.0
2021-01-19,144.2,452.2,673.6000000000001,147.0
2021-01-20,116.19999999999999,349.59999999999997,528.1000000000001,224.0
2021-01-21,230.8,678.3000000000001,1032.6,354.0
2021-01-22,545.8,1132.8000000000002,1969.6999999999998,509.0
2021-01-23,292.1,824.5,1272.6000000000001,326.0
2021-01-24,309.7000000000001,1095.5,1570.1999999999998,345.0
2021-01-25,202.8,885.9000000000001,1196.8,371.0
2021-01-26,860.3,1293.5000000000002,2612.4999999999995,386.0
2021-01-27,605.1,1171.9999999999998,2099.7,338.0
2021-01-28,235.39999999999998,780.0,1141.5,261.0
2021-01-29,158.4,650.8,894.2,323.0
2021-01-30,99.60000000000001,450.7999999999999,603.7,232.0
2021-01-31,202.60000000000002,563.3,873.8,335.0
2021-02-01,143.29999999999998,608.8000000000001,829.0000000000001,406.0
2021-02-02,417.29999999999984,827.0999999999999,1466.9,499.0
2021-02-03,377.4,943.7,1522.0,452.0
2021-02-04,934.8999999999997,1284.0000000000002,2717.7,424.0
2021-02-05,471.19999999999993,1081.0000000000002,1803.1000000000001,373.0
2021-02-06,235.2,699.8000000000001,1060.2000000000003,286.0
2021-02-07,21.3,134.7,166.89999999999998,204.0
2021-02-08,64.10000000000002,263.6,361.7000000000001,197.0
2021-02-09,127.30000000000001,421.80000000000007,617.5000000000001,193.0
2021-02-10,72.2,478.8,589.0999999999999,251.0
2021-02-11,352.8,917.4,1458.2999999999997,585.0
2021-02-12,202.5,679.8000000000002,990.3,541.0
2021-02-13,195.70000000000002,601.9000000000001,901.6,443.0
2021-02-14,146.70000000000002,527.6,752.1999999999999,416.0
2021-02-15,478.8,970.2999999999997,1704.5000000000002,348.0
2021-02-16,245.80000000000004,698.3,1074.6,349.0
2021-02-17,155.59999999999997,489.9000000000002,728.2,375.0
2021-02-18,190.29999999999998,589.1,881.4,329.0
2021-02-19,219.59999999999997,592.1,928.7,410.0
2021-02-20,139.4,409.3999999999999,623.2,776.0
2021-02-21,289.2,875.2000000000002,1318.6000000000001,656.0
2021-02-22,916.6000000000003,1375.7000000000003,2780.7000000000003,714.0
2021-02-23,239.6,593.6000000000001,960.9,388.0
2021-02-24,172.00000000000003,508.49999999999994,772.1,476.0
2021-02-25,61.0,677.1,770.5999999999999,336.0
2021-02-26,713.5,1157.1,2251.5,483.0
2021-02-27,828.9999999999999,1266.9,2537.9,606.0
2021-02-28,80.2,585.8000000000001,708.6999999999999,459.0
2021-03-01,183.5,601.2,882.3999999999999,622.0
2021-03-02,567.5999999999999,847.3000000000002,1717.7,872.0
2021-03-03,894.4,1190.1,2561.1000000000004,879.0
2021-03-04,46.2,488.9000000000001,559.7,309.0
2021-03-05,83.89999999999999,434.1000000000001,562.9000000000001,656.0
2021-03-06,103.9,532.0,691.3,264.0
2021-03-07,363.19999999999993,874.6999999999999,1431.4,458.0
2021-03-08,1225.0999999999997,1607.8000000000002,3486.7000000000007,945.0
2021-03-09,202.00000000000003,832.8999999999999,1142.7000000000003,490.0
2021-03-10,140.79999999999998,517.7,733.6,377.0
2021-03-11,132.70000000000002,420.49999999999994,624.1999999999999,386.0
2021-03-12,200.6,579.6,886.7,338.0
2021-03-13,79.30000000000001,342.8,464.6,208.0
2021-03-14,43.6,262.8,329.0,191.0
2021-03-15,33.2,509.40000000000003,560.1999999999999,238.0
2021-03-16,77.4,520.5500000000001,637.95,290.13043478260875
2021-03-17,-10.599999999999998,358.6,341.2,481.86956521739125
2021-03-18,-16.900000000000002,390.1,364.40000000000003,379.0
2021-03-19,122.80000000000001,556.9,745.2,294.0
2021-03-20,14.4,557.2000000000002,579.0999999999999,293.0
2021-03-21,145.3,478.40000000000003,701.0,320.0
2021-03-22,307.5999999999999,1012.0000000000002,1483.4999999999995,574.0
2021-03-23,631.0999999999999,979.9000000000001,1947.8,643.0
2021-03-24,379.7,1066.9,1649.3,732.0
2021-03-25,270.80000000000007,788.5000000000001,1203.7,440.0
2021-03-26,217.39999999999998,614.3000000000001,947.2000000000002,424.0
2021-03-27,113.3,410.2,584.1,395.0
2021-03-28,69.8,334.2,441.59999999999997,460.0
2021-03-29,246.90000000000006,814.0,1192.4,625.0
2021-03-30,934.8000000000001,1664.2,3097.2999999999997,891.2828282828283
2021-03-31,1177.8,1964.1,3770.2,924.3636363636361
2021-04-01,70.9,396.8,505.30000000000007,773.0909090909091
2021-04-02,26.200000000000003,132.7,172.69999999999996,621.8181818181819
2021-04-03,22.1,139.7,173.6,461.44444444444446
2021-04-04,50.300000000000004,329.5,406.79999999999995,503.0
2021-04-05,10.6,137.0,152.8,304.0
2021-04-06,26.700000000000003,272.49999999999994,312.79999999999995,202.0
2021-04-07,35.300000000000004,344.2,397.8,238.0
2021-04-08,289.4,796.0999999999999,1239.5,431.0
2021-04-09,155.3,559.0,797.1,326.0
2021-04-10,60.699999999999996,267.3,360.8,301.0
2021-04-11,26.0,307.8,348.00000000000006,191.0
2021-04-12,432.59999999999997,1008.7,1671.6999999999998,396.0
2021-04-13,792.6999999999998,1244.6000000000001,2459.7,541.0
2021-04-14,184.20000000000002,732.4999999999998,1014.5,390.0
2021-04-15,68.0,428.49999999999994,532.8,253.0
2021-04-16,213.59999999999997,811.9000000000002,1139.1000000000001,395.0
2021-04-17,170.5,702.0,963.1,368.0
2021-04-18,131.10000000000002,704.1,905.3,335.0
2021-04-19,357.9,1093.2,1641.9999999999998,688.0
2021-04-20,320.1,1249.6000000000001,1739.9000000000003,938.0
2021-04-21,165.0,803.5,1056.3,924.0
2021-04-22,174.99999999999997,541.0999999999999,809.4000000000001,548.0
2021-04-23,204.90000000000003,670.2,985.1999999999998,477.0
2021-04-24,126.60000000000002,578.6000000000001,773.0000000000002,493.0
2021-04-25,47.3,180.50000000000003,253.20000000000005,314.0
2021-04-26,114.6,339.00000000000006,514.4,393.0
2021-04-27,328.1000000000001,926.2000000000002,1429.6999999999998,675.0
2021-04-28,75.49999999999999,469.6,585.3000000000002,553.0
2021-04-29,27.3,215.5,257.8,257.0
2021-04-30,127.59999999999998,574.6999999999999,770.6,543.0
2021-05-01,34.699999999999996,335.5,388.49999999999994,317.0
2021-05-02,171.6,802.8000000000001,1065.8000000000002,484.0
2021-05-03,92.7,374.59999999999997,516.7,395.0
2021-05-04,43.800000000000004,194.4,261.0,196.0
2021-05-05,150.0,473.4,703.3999999999999,162.0
2021-05-06,264.80000000000007,618.4999999999999,1024.5,279.0
2021-05-07,140.8,460.59999999999985,677.1,333.0
2021-05-08,147.70000000000002,428.80000000000007,655.0,330.0
2021-05-09,157.1,365.6,606.4,261.0
2021-05-10,156.2,383.3,622.9000000000001,415.0
2021-05-11,245.49999999999997,634.3999999999999,1011.1000000000003,348.0
2021-05-12,213.4,576.8,904.0000000000001,435.0
2021-05-13,197.6,722.0,1025.6000000000001,374.0
2021-05-14,89.1,408.9,545.4000000000001,313.0
2021-05-15,301.2,838.3,1300.3999999999999,410.0
2021-05-16,181.4,497.6,776.0,361.0
2021-05-17,150.29999999999998,545.0999999999999,775.2,280.0
2021-05-18,301.79999999999995,771.1999999999999,1233.6999999999998,327.0
2021-05-19,67.2,396.70000000000005,499.9,185.0
2021-05-20,326.0000000000001,581.6000000000001,1081.0000000000002,470.0
2021-05-21,176.2,367.49999999999994,638.2,361.0
2021-05-22,101.29999999999998,401.49999999999994,557.0,120.0
2021-05-23,115.8,338.99999999999994,516.3000000000001,120.0
2021-05-24,199.1,483.19999999999993,788.9,120.0
2021-05-25,120.80000000000001,425.79999999999995,611.4999999999999,120.0
2021-05-26,40.3,343.49999999999994,405.0,120.0
2021-05-27,147.0,640.1,865.3000000000002,120.0
2021-05-28,419.9000000000001,1066.8,1710.6000000000004,120.0
2021-05-29,130.9,572.0,772.9,120.0
2021-05-30,91.30000000000001,341.69999999999993,481.1999999999999,120.0
2021-05-31,111.30000000000003,477.50000000000006,648.0000000000001,120.0
2021-06-01,137.2,638.3999999999999,848.7,120.0
2021-06-02,156.29999999999998,933.1,1171.6000000000001,120.0
2021-06-03,118.10000000000001,509.1,690.5,120.0
2021-06-04,33.8,244.80000000000004,296.80000000000007,120.0
2021-06-05,43.599999999999994,283.09999999999997,350.2,120.0
2021-06-06,149.0,563.9,792.2,120.0
2021-06-07,227.79999999999995,645.7,994.9999999999999,120.0
2021-06-08,192.70000000000005,631.5000000000001,927.2,120.0
2021-06-09,163.70000000000002,527.1,777.8,120.0
2021-06-10,269.70000000000005,500.5,914.2999999999998,120.0
2021-06-11,145.50000000000003,306.5999999999999,529.8,120.0
2021-06-12,43.5,222.10000000000005,289.2,120.0
2021-06-13,113.1,543.7,717.3,120.0
2021-06-14,94.9,429.70000000000005,575.1999999999999,120.0
2021-06-15,136.10000000000002,463.80000000000007,672.4000000000001,120.0
2021-06-16,242.9,781.1,1153.3999999999999,120.0
2021-06-17,88.19999999999996,414.50000000000006,549.7,120.0
2021-06-18,26.200000000000003,187.20000000000002,227.90000000000003,120.0
2021-06-19,45.400000000000006,149.90000000000003,219.79999999999998,120.0
2021-06-20,55.1,130.8,215.6,120.0
2021-06-21,37.199999999999996,115.80000000000001,172.7,120.0
2021-06-22,31.1,130.89999999999998,179.1,120.0
2021-06-23,89.39999999999999,310.5,447.79999999999995,120.0
2021-06-24,152.39999999999998,498.69999999999993,732.1,120.0
2021-06-25,146.70000000000002,407.5,632.0999999999999,120.0
2021-06-26,183.09999999999997,421.29999999999995,702.2000000000002,120.0
2021-06-27,24.2,143.39999999999998,181.29999999999998,120.0
2021-06-28,41.800000000000004,187.20000000000002,251.69999999999993,120.0
2021-06-29,36.70000000000001,155.9,212.39999999999998,120.0
2021-06-30,0.6,5.4,6.2,5.0
