MeasurementDateGMT,Kingston Upon Thames - Cromwell Road: Nitric Oxide (ug/m3),Kingston Upon Thames - Cromwell Road: Nitrogen Dioxide (ug/m3),Kingston Upon Thames - Cromwell Road: Oxides of Nitrogen (ug/m3),Kingston Upon Thames - Cromwell Road: PM10 Particulate (ug/m3)
2018-01-01,2056.8000000000006,1783.1999999999994,4936.799999999997,288.0
2018-01-02,2056.8000000000006,1783.1999999999994,4936.799999999997,288.0
2018-01-03,2056.8000000000006,1783.1999999999994,4936.799999999997,288.0
2018-01-04,2056.8000000000006,1783.1999999999994,4936.799999999997,288.0
2018-01-05,2056.8000000000006,1783.1999999999994,4936.799999999997,288.0
2018-01-06,2056.8000000000006,1783.1999999999994,4936.799999999997,288.0
2018-01-07,2056.8000000000006,1783.1999999999994,4936.799999999997,288.0
2018-01-08,2056.8000000000006,1783.1999999999994,4936.799999999997,288.0
2018-01-09,2056.8000000000006,1783.1999999999994,4936.799999999997,288.0
2018-01-10,2056.8000000000006,1783.1999999999994,4936.799999999997,288.0
2018-01-11,2056.8000000000006,1783.1999999999994,4936.799999999997,288.0
2018-01-12,2056.8000000000006,1783.1999999999994,4936.799999999997,288.0
2018-01-13,2056.8000000000006,1783.1999999999994,4936.799999999997,288.0
2018-01-14,2056.8000000000006,1783.1999999999994,4936.799999999997,288.0
2018-01-15,2056.8000000000006,1783.1999999999994,4936.799999999997,288.0
2018-01-16,2056.8000000000006,1783.1999999999994,4936.799999999997,288.0
2018-01-17,2056.8000000000006,1783.1999999999994,4936.799999999997,288.0
2018-01-18,2056.8000000000006,1783.1999999999994,4936.799999999997,288.0
2018-01-19,2056.8000000000006,1783.1999999999994,4936.799999999997,288.0
2018-01-20,2056.8000000000006,1783.1999999999994,4936.799999999997,288.0
2018-01-21,2056.8000000000006,1783.1999999999994,4936.799999999997,288.0
2018-01-22,2056.8000000000006,1783.1999999999994,4936.799999999997,288.0
2018-01-23,2056.8000000000006,1783.1999999999994,4936.799999999997,288.0
2018-01-24,2056.8000000000006,1783.1999999999994,4936.799999999997,288.0
2018-01-25,2056.8000000000006,1783.1999999999994,4936.799999999997,288.0
2018-01-26,2056.8000000000006,1783.1999999999994,4936.799999999997,288.0
2018-01-27,2056.8000000000006,1783.1999999999994,4936.799999999997,288.0
2018-01-28,2056.8000000000006,1783.1999999999994,4936.799999999997,288.0
2018-01-29,2056.8000000000006,1783.1999999999994,4936.799999999997,288.0
2018-01-30,2056.8000000000006,1783.1999999999994,4936.799999999997,288.0
2018-01-31,2056.8000000000006,1783.1999999999994,4936.799999999997,288.0
2018-02-01,2056.8000000000006,1783.1999999999994,4936.799999999997,288.0
2018-02-02,2056.8000000000006,1783.1999999999994,4936.799999999997,288.0
2018-02-03,2056.8000000000006,1783.1999999999994,4936.799999999997,288.0
2018-02-04,2056.8000000000006,1783.1999999999994,4936.799999999997,288.0
2018-02-05,2056.8000000000006,1783.1999999999994,4936.799999999997,288.0
2018-02-06,2056.8000000000006,1783.1999999999994,4936.799999999997,288.0
2018-02-07,2056.8000000000006,1783.1999999999994,4936.799999999997,288.0
2018-02-08,2056.8000000000006,1783.1999999999994,4936.799999999997,288.0
2018-02-09,2056.8000000000006,1783.1999999999994,4936.799999999997,288.0
2018-02-10,2056.8000000000006,1783.1999999999994,4936.799999999997,288.0
2018-02-11,2056.8000000000006,1783.1999999999994,4936.799999999997,288.0
2018-02-12,2056.8000000000006,1783.1999999999994,4936.799999999997,288.0
2018-02-13,2056.8000000000006,1783.1999999999994,4936.799999999997,288.0
2018-02-14,2056.8000000000006,1783.1999999999994,4936.799999999997,288.0
2018-02-15,2056.8000000000006,1783.1999999999994,4936.799999999997,288.0
2018-02-16,2056.8000000000006,1783.1999999999994,4936.799999999997,288.0
2018-02-17,2056.8000000000006,1783.1999999999994,4936.799999999997,288.0
2018-02-18,2056.8000000000006,1783.1999999999994,4936.799999999997,288.0
2018-02-19,2056.8000000000006,1783.1999999999994,4936.799999999997,288.0
2018-02-20,2056.8000000000006,1783.1999999999994,4936.799999999997,288.0
2018-02-21,2056.8000000000006,1783.1999999999994,4936.799999999997,288.0
2018-02-22,2056.8000000000006,1783.1999999999994,4936.799999999997,288.0
2018-02-23,2056.8000000000006,1783.1999999999994,4936.799999999997,288.0
2018-02-24,2056.8000000000006,1783.1999999999994,4936.799999999997,288.0
2018-02-25,2056.8000000000006,1783.1999999999994,4936.799999999997,288.0
2018-02-26,2056.8000000000006,1783.1999999999994,4936.799999999997,288.0
2018-02-27,2056.8000000000006,1783.1999999999994,4936.799999999997,288.0
2018-02-28,2056.8000000000006,1783.1999999999994,4936.799999999997,288.0
2018-03-01,2056.8000000000006,1783.1999999999994,4936.799999999997,288.0
2018-03-02,2056.8000000000006,1783.1999999999994,4936.799999999997,288.0
2018-03-03,2056.8000000000006,1783.1999999999994,4936.799999999997,288.0
2018-03-04,2056.8000000000006,1783.1999999999994,4936.799999999997,288.0
2018-03-05,2056.8000000000006,1783.1999999999994,4936.799999999997,288.0
2018-03-06,2056.8000000000006,1783.1999999999994,4936.799999999997,288.0
2018-03-07,2056.8000000000006,1783.1999999999994,4936.799999999997,288.0
2018-03-08,2056.8000000000006,1783.1999999999994,4936.799999999997,288.0
2018-03-09,2056.8000000000006,1783.1999999999994,4936.799999999997,288.0
2018-03-10,2056.8000000000006,1783.1999999999994,4936.799999999997,288.0
2018-03-11,2056.8000000000006,1783.1999999999994,4936.799999999997,288.0
2018-03-12,2056.8000000000006,1783.1999999999994,4936.799999999997,288.0
2018-03-13,2056.8000000000006,1783.1999999999994,4936.799999999997,288.0
2018-03-14,2056.8000000000006,1783.1999999999994,4936.799999999997,288.0
2018-03-15,2056.8000000000006,1783.1999999999994,4936.799999999997,288.0
2018-03-16,2056.8000000000006,1783.1999999999994,4936.799999999997,288.0
2018-03-17,2056.8000000000006,1783.1999999999994,4936.799999999997,288.0
2018-03-18,2056.8000000000006,1783.1999999999994,4936.799999999997,288.0
2018-03-19,2056.8000000000006,1783.1999999999994,4936.799999999997,288.0
2018-03-20,2056.8000000000006,1783.1999999999994,4936.799999999997,288.0
2018-03-21,2056.8000000000006,1783.1999999999994,4936.799999999997,288.0
2018-03-22,2056.8000000000006,1783.1999999999994,4936.799999999997,288.0
2018-03-23,2056.8000000000006,1783.1999999999994,4936.799999999997,288.0
2018-03-24,2056.8000000000006,1783.1999999999994,4936.799999999997,288.0
2018-03-25,2056.8000000000006,1783.1999999999994,4936.799999999997,288.0
2018-03-26,2056.8000000000006,1783.1999999999994,4936.799999999997,288.0
2018-03-27,2056.8000000000006,1783.1999999999994,4936.799999999997,288.0
2018-03-28,2056.8000000000006,1783.1999999999994,4936.799999999997,288.0
2018-03-29,2056.8000000000006,1783.1999999999994,4936.799999999997,288.0
2018-03-30,2056.8000000000006,1783.1999999999994,4936.799999999997,288.0
2018-03-31,2056.8000000000006,1783.1999999999994,4936.799999999997,288.0
2018-04-01,2056.8000000000006,1783.1999999999994,4936.799999999997,288.0
2018-04-02,2056.8000000000006,1783.1999999999994,4936.799999999997,288.0
2018-04-03,2056.8000000000006,1783.1999999999994,4936.799999999997,288.0
2018-04-04,2056.8000000000006,1783.1999999999994,4936.799999999997,288.0
2018-04-05,1401.4000000000003,1402.4000000000003,3550.8999999999996,737.2391304347826
2018-04-06,921.4000000000001,1058.1,2470.5,862.6956521739131
2018-04-07,655.7,1109.0,2114.7000000000007,1003.5652173913044
2018-04-08,1538.8,1493.5000000000002,3853.3999999999996,748.0
2018-04-09,1589.2,1597.7,4033.8999999999996,794.0
2018-04-10,1448.3,1661.5000000000002,3882.4,1266.0
2018-04-11,1920.1,1616.3999999999996,4560.200000000001,1566.0
2018-04-12,1758.5000000000002,1395.1,4091.2000000000003,1362.0
2018-04-13,1592.1000000000001,1508.7999999999995,3950.5000000000005,983.0
2018-04-14,932.9999999999999,1218.6999999999998,2649.2000000000003,1027.0
2018-04-15,291.1,742.2999999999998,1188.9999999999998,751.0
2018-04-16,528.2,971.0999999999999,1780.6999999999998,664.0
2018-04-17,489.80000000000007,872.4999999999999,1623.1999999999998,575.0
2018-04-18,862.3,1163.3,2485.3999999999996,610.0188679245283
2018-04-19,1800.4999999999993,2221.9999999999995,4982.700000000001,592.5283018867924
2018-04-20,1875.5,1799.1000000000001,4675.000000000001,516.4528301886792
2018-04-21,931.9000000000001,1585.8999999999996,3015.3,440.37735849056605
2018-04-22,422.30000000000007,898.0000000000001,1544.8000000000002,364.30188679245276
2018-04-23,670.6,938.7999999999998,1966.7000000000003,532.3207547169811
2018-04-24,580.2,703.4,1592.9999999999995,462.0
2018-04-25,728.3000000000002,916.5000000000001,2032.8999999999999,601.0
2018-04-26,697.3000000000001,936.0999999999999,2005.0000000000002,613.0
2018-04-27,1820.5,1728.4000000000003,4519.700000000001,724.0
2018-04-28,1928.1,1672.0,4628.2,913.0
2018-04-29,386.7,613.5000000000002,1206.7000000000003,523.0
2018-04-30,1455.8,1391.4,3623.4999999999995,635.0
2018-05-01,932.8999999999999,1104.4,2534.6000000000004,511.5
2018-05-02,1341.3,1398.2000000000003,3454.6,545.0
2018-05-03,1761.0000000000002,1704.7999999999997,4405.1,800.0
2018-05-04,1696.1,1762.7999999999997,4363.6,1089.0
2018-05-05,950.1,1588.5999999999997,3045.1,994.0
2018-05-06,694.2999999999998,1564.8000000000002,2629.1,1245.0
2018-05-07,711.0000000000001,1755.4999999999995,2845.2000000000003,1369.0
2018-05-08,1276.6,1721.6,3679.0999999999995,1137.0
2018-05-09,1151.2999999999997,1314.0999999999997,3079.1000000000004,783.0
2018-05-10,1492.7000000000003,1643.8,3932.2000000000003,787.0
2018-05-11,589.5999999999999,1082.1,1986.1000000000001,712.0
2018-05-12,1494.1,1612.4,3902.9000000000005,716.0
2018-05-13,1030.3000000000002,1352.2,2931.9,796.0
2018-05-14,1144.6,1392.0999999999997,3147.1,850.0
2018-05-15,1265.6,1667.2000000000003,3607.3,917.0
2018-05-16,766.0,1016.1999999999999,2190.5,826.0
2018-05-17,948.15,1115.5500000000002,2568.6,888.0
2018-05-18,1787.9,1643.7,4385.2,1036.0
2018-05-19,1007.9999999999999,1333.8000000000002,2879.3,1106.0
2018-05-20,374.20000000000005,847.5000000000002,1421.1999999999998,882.0
2018-05-21,1616.0,2049.7,4527.5,1384.0
2018-05-22,935.1,1279.8000000000002,2714.1000000000004,1083.0
2018-05-23,815.9000000000001,1087.8999999999999,2338.7000000000003,1136.0
2018-05-24,2304.7000000000003,1757.1,5290.9,1485.0
2018-05-25,2386.2999999999997,2026.8000000000002,5685.999999999999,1314.0
2018-05-26,490.59999999999997,935.3000000000002,1687.8,1285.0
2018-05-27,537.0999999999999,1123.2,1947.3000000000002,1104.0
2018-05-28,574.6,981.0999999999999,1861.7999999999997,1078.0
2018-05-29,1432.9,1494.1000000000001,3691.1,1040.0
2018-05-30,2225.1173913043476,1829.4391304347828,5241.5,1267.0
2018-05-31,1398.782608695652,1642.4608695652173,3786.7,1258.0
2018-06-01,950.0000000000002,1195.8,2652.6999999999994,699.0
2018-06-02,1051.9,1277.0,2889.2000000000003,545.0
2018-06-03,550.1,1002.1000000000001,1845.3999999999999,587.0
2018-06-04,969.2,1152.8000000000002,2638.7000000000003,839.0
2018-06-05,854.5999999999998,970.5999999999999,2281.3,791.0
2018-06-06,871.4000000000002,1182.1,2518.0000000000005,991.0
2018-06-07,1503.7000000000003,1463.4,3768.6000000000004,1177.0
2018-06-08,1023.5,1277.4000000000005,2847.1,983.0
2018-06-09,645.5999999999999,907.5,1897.6000000000001,898.0
2018-06-10,300.4,613.6999999999999,1074.6,748.0
2018-06-11,729.7000000000002,935.6500000000001,2055.0,700.0
2018-06-12,1434.6,1302.6000000000001,3502.1000000000004,820.0
2018-06-13,1039.3999999999999,1148.8,2742.2999999999997,609.0
2018-06-14,1044.7,1124.3999999999999,2726.0000000000005,799.0
2018-06-15,1759.0,1620.0000000000002,4317.199999999999,917.0
2018-06-16,483.7,715.7999999999998,1457.6000000000001,538.0
2018-06-17,306.5,491.20000000000005,960.9,453.0
2018-06-18,722.4999999999999,740.7000000000003,1848.3,629.0
2018-06-19,951.1000000000001,726.8000000000001,2184.8,444.0
2018-06-20,912.7,709.5000000000001,2109.2,424.0
2018-06-21,1170.5,1241.1000000000004,3035.7000000000003,704.0
2018-06-22,1454.4,1504.5999999999995,3734.6,839.5
2018-06-23,1469.6000000000004,1670.9000000000003,3924.8,942.0
2018-06-24,606.1,1329.3999999999999,2259.1000000000004,852.0
2018-06-25,1180.3999999999999,1864.3000000000004,3674.2000000000003,1035.0
2018-06-26,964.9000000000002,1533.2000000000005,3013.1,904.0
2018-06-27,673.9000000000001,1078.6000000000001,2112.1,864.0
2018-06-28,833.6499999999999,1200.7,2478.8,1027.0
2018-06-29,820.5999999999999,1175.3999999999999,2433.9,843.0
2018-06-30,455.0,850.8,1548.4999999999998,761.0
2018-07-01,338.7,1031.3,1550.6000000000001,872.0
2018-07-02,717.6,1119.7,2219.9,730.0
2018-07-03,476.40000000000003,808.2000000000002,1538.6000000000001,729.0
2018-07-04,1240.5000000000005,1253.2,3157.1,997.0
2018-07-05,1569.4,2310.3500000000004,4717.849999999999,1183.0
2018-07-06,1654.6999999999998,2296.9,4834.000000000001,1162.0
2018-07-07,1060.4999999999998,1743.2000000000003,3368.4999999999995,1081.0
2018-07-08,617.6999999999999,1322.8,2269.5,870.0
2018-07-09,1327.4,1709.5000000000005,3744.7000000000007,941.0
2018-07-10,1119.1000000000004,1097.1000000000001,2812.899999999999,770.0
2018-07-11,1259.6,1278.8999999999999,3210.399999999999,870.0
2018-07-12,1517.9500000000003,1775.35,4102.700000000001,1032.5
2018-07-13,1153.8,1580.9999999999995,3350.5,890.0
2018-07-14,682.5999999999999,1380.8999999999999,2427.6000000000004,694.0
2018-07-15,699.5999999999999,1391.2999999999997,2464.0,699.0
2018-07-16,1065.9999999999998,1450.4,3085.3999999999996,696.0
2018-07-17,776.0000000000001,1001.6999999999999,2191.8999999999996,522.0
2018-07-18,996.9000000000002,1259.3,2787.0000000000005,645.0
2018-07-19,1107.6,1537.6,3235.8000000000006,767.0
2018-07-20,1026.2999999999997,1677.8000000000002,3251.7,783.5
2018-07-21,928.6999999999999,1560.1000000000004,2984.499999999999,807.0
2018-07-22,769.9,1296.9,2477.4,621.0
2018-07-23,605.5000000000001,1022.7000000000003,1951.1000000000001,533.0
2018-07-24,540.3999999999999,924.3000000000001,1753.0999999999997,573.0
2018-07-25,1069.6999999999998,1501.2000000000003,3140.6000000000004,711.0
2018-07-26,541.9,1304.15,2134.7000000000003,853.0
2018-07-27,888.0,1352.2,2714.2000000000007,850.0
2018-07-28,274.2,422.00000000000006,842.3000000000002,642.0
2018-07-29,151.2,196.70000000000002,428.9,357.0
2018-07-30,692.2,686.5000000000001,1748.1000000000004,519.0
2018-07-31,725.9999999999999,900.7999999999998,2014.3000000000004,608.0
2018-08-01,985.5000000000001,1096.1000000000001,2607.7999999999997,618.0
2018-08-02,1033.7000000000003,1281.2,2866.5,649.0
2018-08-03,1412.5,1753.6999999999998,3919.4999999999995,786.0
2018-08-04,855.8000000000001,1215.1999999999998,2527.2,646.0
2018-08-05,417.0,865.1,1504.2,627.0
2018-08-06,1047.8,1649.1000000000001,3255.5999999999995,704.0
2018-08-07,850.5999999999999,1382.8999999999999,2686.9999999999995,742.0
2018-08-08,522.3,753.6999999999999,1554.3000000000002,530.0
2018-08-09,2226.0,1513.2999999999997,4926.499999999998,721.0
2018-08-10,859.1000000000001,965.6500000000001,2283.5,487.0
2018-08-11,717.8,887.2,1988.4999999999998,490.0
2018-08-12,442.8,702.9999999999999,1382.1,436.0
2018-08-13,1603.9999999999998,1387.1000000000001,3846.8999999999996,680.0
2018-08-14,1456.0000000000002,1369.6,3602.2000000000003,625.0
2018-08-15,474.2,685.1000000000001,1412.1,492.0
2018-08-16,1137.7999999999997,1011.3,2756.2000000000003,526.0
2018-08-17,1170.5,1138.8999999999999,2933.2999999999997,610.0
2018-08-18,446.8,645.8,1330.6000000000001,545.0
2018-08-19,502.09999999999997,525.8000000000001,1295.1999999999998,485.0
2018-08-20,1202.8999999999999,1082.2999999999997,2926.9000000000005,484.0
2018-08-21,1197.7500000000002,1157.0,2993.3,445.5
2018-08-22,832.5,928.6999999999999,2205.7000000000003,427.0
2018-08-23,1233.1000000000001,1190.6999999999998,3081.5000000000005,532.0
2018-08-24,1094.0,1053.5,2730.999999999999,472.0
2018-08-25,1620.2,1382.6999999999998,3867.0,631.0
2018-08-26,448.5999999999999,667.9,1356.2,373.0
2018-08-27,632.8999999999999,718.1999999999999,1688.6,454.0
2018-08-28,1383.8000000000004,1394.3999999999999,3515.9,523.0
2018-08-29,2382.7999999999997,1779.7000000000005,5433.299999999999,718.0
2018-08-30,2519.5,1857.8999999999999,5721.0,858.0
2018-08-31,1858.5000000000002,1715.1000000000001,4565.2,795.0
2018-09-01,1107.3000000000002,1422.2,3119.6,817.0
2018-09-02,711.1999999999999,1271.3,2361.4,767.5
2018-09-03,1980.5000000000002,2206.6000000000004,5243.199999999999,1031.0
2018-09-04,1431.1,1578.3,3772.4,790.0
2018-09-05,1599.1499999999999,1602.0,4054.35,806.0
2018-09-06,2101.6000000000004,1692.1,4914.5,719.0
2018-09-07,1978.8999999999999,1692.7000000000003,4726.8,618.5
2018-09-08,686.9000000000001,969.3,2022.3999999999999,417.0
2018-09-09,349.80000000000007,734.7999999999998,1271.2,505.0
2018-09-10,526.5,756.7000000000002,1563.3,491.0
2018-09-11,512.9,707.4,1494.3,555.0
2018-09-12,2625.6,1849.5000000000002,5875.7,714.0
2018-09-13,2456.8,1753.6000000000006,5521.299999999998,726.0
2018-09-14,944.4,1135.2000000000003,2583.2,445.0
2018-09-15,1054.2,1285.2,2901.4999999999995,588.5
2018-09-16,424.99999999999994,844.6,1496.1999999999998,524.0
2018-09-17,711.6,1168.3000000000002,2259.3999999999996,527.0
2018-09-18,393.55,655.4499999999999,1259.05,608.0
2018-09-19,433.50000000000006,622.9,1287.9999999999998,783.0
2018-09-20,668.0,793.8999999999999,1817.9000000000005,821.0
2018-09-21,773.3999999999997,901.3000000000001,2087.2,483.5
2018-09-22,1272.4000000000003,1304.7999999999997,3255.7,564.0
2018-09-23,1158.0,1195.3000000000002,2970.9,487.0
2018-09-24,2709.4999999999995,1815.7,5970.5,712.0
2018-09-25,2688.5000000000005,1884.9,6007.499999999999,691.0
2018-09-26,2064.3999999999996,1921.0000000000002,5085.8,708.0
2018-09-27,2952.2,2276.7,6803.1,891.0
2018-09-28,1530.4999999999998,1466.2999999999997,3812.9,672.0
2018-09-29,2551.8,2007.1,5919.5,841.0
2018-09-30,1241.8999999999999,1383.9,3288.500000000001,661.5
2018-10-01,1822.1000000000004,1621.8999999999999,4415.3,634.0
2018-10-02,1743.5999999999997,1539.9999999999995,4213.599999999999,571.0
2018-10-03,2868.2999999999993,1864.7,6262.900000000001,684.0
2018-10-04,1445.7000000000003,1181.3,3397.6000000000013,535.0
2018-10-05,2262.05,1949.5,5417.85,863.0
2018-10-06,2199.6,1895.5000000000002,5268.4,576.0
2018-10-07,2225.7000000000003,1871.9999999999998,5284.300000000001,549.0
2018-10-08,895.8,1200.6999999999998,2574.5,448.0
2018-10-09,2486.5,2057.0,5869.299999999999,732.0
2018-10-10,1985.9000000000003,1787.2,4832.400000000001,1255.0
2018-10-11,567.0,877.5999999999999,1747.2,576.5
2018-10-12,360.6000000000001,525.6,1078.6,594.0
2018-10-13,337.29999999999995,534.0,1051.1,522.0
2018-10-14,914.1000000000001,1080.3000000000002,2482.2,445.0
2018-10-15,2792.0999999999995,1903.8000000000002,6184.799999999999,808.0
2018-10-16,1555.6000000000001,1376.7000000000003,3761.7,895.0
2018-10-17,2478.8,1854.9,5655.499999999999,716.0
2018-10-18,2154.4,1780.3,5084.25,800.0
2018-10-19,4309.200000000001,2507.5,9114.2,945.6724137931035
2018-10-20,2783.5999999999995,1835.1000000000001,6103.099999999999,1254.8275862068965
2018-10-21,1476.3999999999999,1381.7,3645.4000000000005,1165.4482758620688
2018-10-22,2350.1000000000004,1739.3999999999996,5342.7,1076.0689655172412
2018-10-23,2420.0999999999995,1751.0,5461.8,986.6896551724137
2018-10-24,3088.2000000000003,1897.1000000000001,6632.499999999999,1003.2931034482758
2018-10-25,2848.0,2094.5,6461.1,791.0
2018-10-26,2233.6,1936.1999999999998,5361.0,518.0
2018-10-27,1888.8999999999996,1736.3999999999996,4633.2,369.0
2018-10-28,776.5,892.4999999999998,2083.3999999999996,415.0
2018-10-29,1974.6000000000001,1596.7000000000003,4624.400000000001,619.0
2018-10-30,2068.6,1510.1000000000001,4682.1,592.0
2018-10-31,2722.7999999999997,1851.1,6026.0,704.0
2018-11-01,3530.399999999999,2135.8999999999996,7548.499999999998,765.0
2018-11-02,4093.6000000000004,2412.7000000000003,8689.499999999998,1345.0
2018-11-03,1348.1,1447.6999999999996,3514.7000000000003,776.0
2018-11-04,907.3000000000001,1105.1,2496.5,765.0
2018-11-05,3100.9,1806.1000000000004,6560.999999999999,1565.0
2018-11-06,1420.8000000000002,1220.7000000000003,3399.399999999999,970.0
2018-11-07,933.3,958.8999999999997,2390.3999999999996,515.0
2018-11-08,656.6999999999999,996.8000000000001,2003.3000000000002,545.0
2018-11-09,734.3000000000002,832.9000000000001,1958.8,527.0
2018-11-10,1424.8999999999999,1413.3,3598.0000000000005,672.0
2018-11-11,658.0,937.0,1946.0000000000002,454.0
2018-11-12,1392.7,1474.0999999999997,3609.4999999999995,586.0
2018-11-13,1079.4,1286.6000000000001,2941.9,549.0
2018-11-14,2201.0,1704.8,5079.7,754.0
2018-11-15,2468.7000000000003,1642.3000000000004,5427.800000000001,872.0
2018-11-16,2084.2999999999997,1465.75,4662.250000000001,770.0
2018-11-17,978.9999999999999,1274.8,2776.3,728.0
2018-11-18,1125.6000000000001,1297.0,3023.0000000000005,643.0
2018-11-19,802.8,943.0,2173.7,354.0
2018-11-20,2185.6000000000004,1637.9,4989.499999999999,513.0
2018-11-21,2246.0,1707.9,5151.299999999999,700.0
2018-11-22,6196.400000000001,2515.2999999999993,12015.9,1310.0
2018-11-23,2290.3999999999996,1788.6999999999998,5300.599999999999,1062.0
2018-11-24,991.0000000000001,1409.3000000000002,2929.4,827.0
2018-11-25,1030.0,1172.6999999999998,2752.5,746.0
2018-11-26,2844.2999999999997,1837.5,6198.5,778.0
2018-11-27,1474.2,1339.8,3600.0999999999995,540.0
2018-11-28,615.4,824.3000000000001,1767.7,489.5
2018-11-29,398.4,675.9,1286.6,468.0
2018-11-30,754.5999999999999,1118.6000000000001,2275.6000000000004,515.0
2018-12-01,361.7,689.3999999999999,1244.3000000000002,320.0
2018-12-02,168.29999999999995,400.50000000000006,658.6000000000001,314.0
2018-12-03,1167.0000000000002,1179.9,2969.3,632.0
2018-12-04,2835.9999999999995,2025.8999999999999,6374.9,627.0
2018-12-05,1278.1000000000001,1276.5,3236.2999999999997,464.0
2018-12-06,375.70000000000005,812.8000000000002,1388.3000000000002,415.0
2018-12-07,690.7000000000002,854.0000000000002,1912.8999999999999,384.0
2018-12-08,327.9,604.0999999999999,1107.1000000000001,418.0
2018-12-09,1136.9,1210.9,2954.2999999999997,417.0
2018-12-10,2933.75,2176.65,6674.999999999999,609.0
2018-12-11,4651.9,2459.7,9592.099999999999,992.0
2018-12-12,1211.5000000000002,1444.4,3301.7999999999997,625.0
2018-12-13,2428.3,1865.6,5588.7,725.0
2018-12-14,3914.1,2133.8,8135.700000000001,995.0
2018-12-15,294.49999999999994,685.4,1136.8,416.0
2018-12-16,1000.6999999999998,1365.7999999999997,2900.1,424.0
2018-12-17,1459.0000000000002,1452.6,3690.4,492.0
2018-12-18,303.59999999999997,578.9,1044.1999999999998,420.0
2018-12-19,801.3000000000001,1193.8,2422.4,348.0
2018-12-20,509.09999999999997,959.9000000000001,1740.1,374.0
2018-12-21,400.2,741.9,1355.8,547.0
2018-12-22,1049.3,1186.6000000000001,2795.5,586.0
2018-12-23,868.8000000000001,1177.6000000000001,2509.9999999999995,437.0
2018-12-24,3854.9,2082.4,7993.4,881.0
2018-12-25,996.8000000000002,1121.3000000000004,2650.0,614.0
2018-12-26,1496.1999999999998,1341.6000000000001,3635.900000000001,638.0
2018-12-27,5173.400000000001,2091.6000000000004,10024.2,1192.0
2018-12-28,2884.999999999999,1773.6000000000001,6197.1,848.5
2018-12-29,1749.4,1438.1000000000001,4120.3,621.0
2018-12-30,1576.0,1441.4999999999998,3857.7999999999993,595.0
2018-12-31,2409.8,1869.7000000000003,5564.4,504.0
2019-01-01,882.0999999999999,1195.1000000000001,2547.6,446.0
2019-01-02,2158.9,1938.0999999999997,5248.500000000001,568.0
2019-01-03,3031.5499999999993,2297.9500000000003,6946.400000000001,673.0
2019-01-04,3783.2,2441.0,8242.1,988.0
2019-01-05,2466.3,2010.5,5791.900000000001,801.0
2019-01-06,2128.6,1872.6000000000001,5136.4,772.0
2019-01-07,1122.1499999999999,1422.75,3143.85,523.0
2019-01-08,3237.3,2493.4,7457.299999999998,612.0
2019-01-09,3457.1,2717.9,8018.6,499.0
2019-01-10,4187.900000000001,2412.6,8833.999999999998,795.0
2019-01-11,4605.95,2896.75,9959.2,822.0
2019-01-12,2087.7000000000003,1810.3,5011.4,352.0
2019-01-13,981.3000000000002,1271.7000000000003,2776.2000000000003,472.0
2019-01-14,3666.7999999999997,2794.7000000000003,8417.200000000003,624.0
2019-01-15,922.3999999999997,1329.55,2744.2499999999995,314.5
2019-01-16,1460.6000000000001,1412.0500000000002,3652.0499999999997,306.0
2019-01-17,3754.9000000000005,2902.4999999999995,8660.5,439.0
2019-01-18,1935.2499999999998,1705.5499999999997,4672.8,709.5
2019-01-19,704.9,987.6000000000001,2068.7,623.0
2019-01-20,2687.600000000001,2041.7000000000003,6162.5999999999985,1230.0
2019-01-21,3416.7000000000007,1925.5,7164.500000000001,1032.0
2019-01-22,2680.8,2151.6500000000005,6261.65,451.5
2019-01-23,3194.6000000000004,2195.5,7094.299999999999,644.0
2019-01-24,4796.000000000001,2585.8,9939.9,944.0
2019-01-25,2681.1000000000004,1899.0,6009.4,646.0
2019-01-26,349.9000000000001,710.4999999999999,1246.7,251.0
2019-01-27,626.1999999999999,796.3,1756.4000000000003,404.0
2019-01-28,2821.2000000000003,2105.6,6431.5,805.0
2019-01-29,2450.2999999999997,2176.600000000001,5933.6,744.0
2019-01-30,3750.4000000000005,2423.7999999999997,8174.600000000002,556.0
2019-01-31,2722.6999999999994,1716.3,5890.899999999999,675.0
2019-02-01,1241.1999999999998,1400.3000000000002,3303.4,446.0
2019-02-02,1392.6999999999996,1476.4,3612.1,518.0
2019-02-03,1159.6999999999998,1352.2000000000005,3130.3999999999996,389.5
2019-02-04,1418.9,1214.8999999999999,3390.7000000000003,392.0
2019-02-05,1239.9999999999998,1259.1,3160.4,388.0
2019-02-06,1381.0,1472.8000000000002,3590.3,410.0
2019-02-07,437.55000000000007,725.8999999999999,1396.7999999999997,336.0
2019-02-08,397.99999999999994,614.5999999999999,1224.8000000000002,363.0
2019-02-09,317.3,584.2999999999998,1070.8000000000002,386.0
2019-02-10,1023.5999999999999,1359.0000000000002,2928.0000000000005,282.0
2019-02-11,3389.5,2323.3,7520.7,917.0
2019-02-12,1662.6,1790.3500000000001,4340.049999999999,635.0
2019-02-13,1726.8999999999999,1600.5,4249.0,766.0
2019-02-14,4181.4,2561.0000000000005,8972.000000000002,1217.0
2019-02-15,4216.200000000001,2467.900000000001,8932.6,1348.0
2019-02-16,1814.5,1775.4,4557.7,956.0
2019-02-17,670.4999999999999,1155.8000000000002,2183.9,853.0
2019-02-18,951.5000000000001,1318.1,2777.0,528.0
2019-02-19,1018.0,1311.8000000000002,2872.6,547.0
2019-02-20,844.0,1194.8999999999999,2488.8999999999996,544.0
2019-02-21,1067.6999999999998,1488.3999999999999,3125.1,737.0
2019-02-22,2723.3999999999996,1995.6,6171.599999999999,981.0
2019-02-23,2247.1999999999994,1890.8,5336.200000000001,1079.0
2019-02-24,3011.7,2255.3,6873.500000000001,1219.0
2019-02-25,4729.100000000001,2962.6999999999994,10213.700000000003,1377.0
2019-02-26,4803.3,2864.7000000000007,10229.599999999999,1514.5
2019-02-27,3912.2999999999997,2629.3999999999996,8627.3,1502.0
2019-02-28,1495.9999999999998,1877.6,4171.8,864.0
2019-03-01,2285.3,2024.1999999999996,5528.300000000001,1116.0
2019-03-02,609.9000000000001,933.6999999999998,1869.0,616.0
2019-03-03,243.1,556.3,929.6,431.0
2019-03-04,675.3999999999997,961.5,1997.5000000000002,312.0
2019-03-05,525.9000000000001,930.5999999999999,1736.6000000000004,393.0
2019-03-06,424.8000000000001,671.5,1323.4000000000003,492.0
2019-03-07,504.5,760.9999999999999,1534.8,364.0
2019-03-08,762.1000000000001,1064.4999999999998,2232.5,366.0
2019-03-09,634.3000000000001,1001.9000000000002,1974.1000000000004,635.0
2019-03-10,470.4,776.0000000000001,1497.1000000000001,394.0
2019-03-11,1102.5000000000002,1252.3999999999996,2943.1999999999994,621.0
2019-03-12,621.5,844.6,1797.1999999999996,320.0
2019-03-13,948.2,1115.1000000000001,2568.9,617.0
2019-03-14,869.4,1072.6,2405.7000000000003,558.0
2019-03-15,581.1999999999999,788.5,1679.8,395.0
2019-03-16,195.99999999999997,427.29999999999995,728.7000000000002,388.0
2019-03-17,866.1,1153.0000000000002,2481.1,391.0
2019-03-18,2357.1000000000004,2119.7000000000003,5734.299999999999,757.0
2019-03-19,1005.5000000000001,1239.8999999999999,2781.7999999999997,563.0
2019-03-20,807.8999999999999,1191.1999999999998,2429.8,477.0
2019-03-21,1868.3,1551.5000000000002,4416.099999999999,577.0
2019-03-22,895.4,1196.4999999999998,2569.3999999999996,495.0
2019-03-23,1221.8999999999996,1446.8000000000002,3319.9999999999995,738.0
2019-03-24,917.5,1466.3,2873.399999999999,766.0
2019-03-25,1401.5,1569.5,3718.5,745.0
2019-03-26,2474.100000000001,2168.3000000000006,5961.6,1002.0
2019-03-27,2908.6000000000004,2415.9,6875.4000000000015,970.5
2019-03-28,2464.8000000000006,2232.5,6011.4,1027.0
2019-03-29,2731.8,2348.0,6536.9,1110.0
2019-03-30,2327.4999999999995,2141.6,5710.2,1326.0
2019-03-31,346.9999999999999,786.6,1319.0000000000002,1014.0
2019-04-01,999.8000000000002,1296.4,2829.7000000000003,752.0
2019-04-02,1876.0,1886.6000000000001,4763.2,847.0
2019-04-03,2199.9,2022.3,5395.900000000001,701.0
2019-04-04,333.1000000000001,742.8,1252.9999999999998,348.0
2019-04-05,374.0,871.6500000000001,1444.9000000000003,510.0
2019-04-06,671.6,1071.0,2100.3999999999996,702.5
2019-04-07,1060.3,1195.3,2821.2,1331.0
2019-04-08,2980.4999999999995,2296.6,6866.900000000001,1508.0
2019-04-09,1471.9999999999998,1603.3,3859.900000000001,1162.0
2019-04-10,620.1999999999999,871.0000000000002,1821.8999999999999,664.0
2019-04-11,982.6999999999998,1339.6,2846.7999999999997,635.0
2019-04-12,1370.8999999999999,1573.2,3675.3000000000006,657.0
2019-04-13,883.8000000000001,1312.8000000000002,2668.1999999999994,543.0
2019-04-14,453.90000000000015,983.7999999999998,1679.1999999999998,596.0
2019-04-15,477.8,1079.6000000000001,1811.8,1005.5
2019-04-16,3064.5,2583.0,7281.599999999999,1791.0
2019-04-17,1763.4000000000003,2018.4000000000003,4721.999999999998,1575.0
2019-04-18,968.4,1747.1999999999998,3231.9,1495.0
2019-04-19,1108.5000000000002,1857.2999999999997,3557.1,1109.0
2019-04-20,934.6,1719.6,3152.2000000000007,1029.0
2019-04-21,514.2,1497.5,2285.6000000000004,1083.0
2019-04-22,485.1,1561.6,2305.6000000000004,1339.0
2019-04-23,1529.4999999999995,2385.6000000000004,4731.299999999999,1481.0
2019-04-24,853.6000000000003,1184.6,2493.2000000000003,970.0
2019-04-25,418.70000000000005,845.2,1486.8999999999999,432.0
2019-04-26,655.3999999999999,1042.1,2046.7999999999997,490.0
2019-04-27,579.4,901.3,1789.8,577.0
2019-04-28,879.9999999999999,1118.6,2467.7999999999997,541.0
2019-04-29,1610.4999999999998,1761.7499999999998,4231.45,777.5
2019-04-30,1351.7000000000005,1721.1000000000001,3793.9,851.0
2019-05-01,1530.8000000000002,1809.0000000000002,4156.4,783.0
2019-05-02,2269.3999999999996,1962.0,5441.399999999999,651.0
2019-05-03,2041.4,1681.5999999999997,4811.9,738.0
2019-05-04,870.5,967.4999999999999,2302.5000000000005,657.0
2019-05-05,881.7,1240.8,2591.9000000000005,633.0
2019-05-06,1030.8999999999999,1441.1000000000001,3021.8,525.0
2019-05-07,797.7,1216.3000000000002,2440.000000000001,563.5
2019-05-08,734.3999999999999,1115.0,2241.0,502.0
2019-05-09,2262.9000000000005,2023.8,5493.299999999999,718.0
2019-05-10,1379.6000000000004,1609.8000000000002,3724.7000000000003,644.0
2019-05-11,1562.1999999999996,1736.8999999999999,4132.0,902.0
2019-05-12,903.6,1284.9,2670.5000000000005,533.0
2019-05-13,1106.15,1383.25,3079.4,556.0
2019-05-14,898.0999999999999,1257.6000000000004,2634.6,766.0
2019-05-15,957.5999999999999,1406.1000000000001,2873.9999999999995,842.0
2019-05-16,859.0999999999999,1297.9,2614.7000000000003,749.5
2019-05-17,1585.1999999999998,1671.4,4102.099999999999,904.0
2019-05-18,1762.4999999999998,1925.3999999999999,4628.1,889.0
2019-05-19,1794.3000000000004,1950.7000000000003,4701.7,879.0
2019-05-20,1949.1999999999998,2124.6,5113.4,844.0
2019-05-21,1679.7,1932.0,4507.8,696.0
2019-05-22,1253.3999999999996,1712.1000000000001,3634.2999999999997,555.0
2019-05-23,802.1000000000001,1424.1000000000001,2653.7,492.0
2019-05-24,1848.8,1949.1,4784.0999999999985,808.0
2019-05-25,1184.2,1465.2000000000003,3280.8999999999996,587.0
2019-05-26,449.3,667.6999999999999,1356.5,444.0
2019-05-27,666.0,947.4000000000001,1968.6000000000001,497.0
2019-05-28,1670.9999999999998,1545.7999999999997,4107.599999999999,553.0
2019-05-29,857.3999999999999,1066.0000000000002,2380.8999999999996,439.0
2019-05-30,640.15,806.1500000000002,1788.0499999999997,497.0
2019-05-31,701.8,853.5999999999999,1929.9,356.0
2019-06-01,792.0,1183.3,2397.3999999999996,455.0
2019-06-02,317.6,737.8,1224.8,466.0
2019-06-03,487.6,818.9000000000001,1566.7000000000003,509.0
2019-06-04,1229.7000000000003,1389.1,3274.3,665.0
2019-06-05,548.7000000000002,926.9999999999999,1768.5000000000002,409.0
2019-06-06,670.0999999999999,1002.9999999999999,2030.3000000000002,464.0
2019-06-07,917.8,1259.8999999999996,2667.1,584.0
2019-06-08,310.2,529.9000000000001,1005.7000000000002,420.0
2019-06-09,662.1,993.4,2008.4,561.0
2019-06-10,1644.1999999999998,1516.3,4037.4000000000005,539.0
2019-06-11,1554.0000000000002,1412.8999999999999,3795.4,634.0
2019-06-12,1955.3999999999999,1761.2,4759.6,615.0
2019-06-13,726.4999999999999,1012.1000000000001,2126.5,492.0
2019-06-14,571.6999999999998,859.2000000000002,1735.6999999999998,501.0
2019-06-15,547.9000000000001,912.1999999999999,1752.1,479.0
2019-06-16,323.3000000000001,590.7,1086.1000000000001,426.0
2019-06-17,572.2,896.3,1773.6000000000001,417.0
2019-06-18,1973.3,1852.9000000000003,4878.699999999999,667.0
2019-06-19,1741.3,1580.4,4250.699999999999,707.0
2019-06-20,790.8000000000001,978.6,2191.0,432.0
2019-06-21,1222.6000000000004,1295.3,3170.0,545.0
2019-06-22,617.3999999999999,1012.8000000000002,1959.3999999999999,507.0
2019-06-23,408.50000000000006,1174.1000000000001,1799.9,1045.0
2019-06-24,1383.1000000000001,1621.4000000000003,3742.1999999999994,976.0
2019-06-25,1787.9999999999995,1685.4999999999998,4427.0,890.0
2019-06-26,730.7000000000002,986.5000000000001,2106.4999999999995,591.0
2019-06-27,653.5999999999999,862.4,1864.6000000000001,618.0
2019-06-28,684.4000000000001,946.5,1996.1,842.0
2019-06-29,474.30000000000007,1184.3,1911.7,814.0
2019-06-30,499.5,822.6000000000001,1588.3,565.0
2019-07-01,1168.7999999999997,1211.3000000000002,3003.3999999999996,520.0
2019-07-02,1315.9999999999998,1312.1,3330.0,665.0
2019-07-03,1244.4,1475.9,3384.200000000001,688.0
2019-07-04,1469.6000000000004,1784.4999999999995,4037.7000000000003,778.0
2019-07-05,1462.3999999999999,1985.9,4228.2,880.0
2019-07-06,1164.0,1308.6000000000001,3092.8999999999996,651.0
2019-07-07,518.8,750.6,1546.0999999999997,565.0
2019-07-08,1130.7999999999997,1344.9,3078.6000000000004,555.0
2019-07-09,818.5999999999999,1269.7999999999997,2525.2999999999997,618.0
2019-07-10,606.5999999999998,1078.6,2009.0,573.5
2019-07-11,1239.9,1383.6,3284.9,558.0
2019-07-12,1163.7,1234.5,3018.999999999999,548.0
2019-07-13,1096.9999999999998,1210.6999999999998,2892.9999999999995,572.0
2019-07-14,600.0999999999999,856.9999999999999,1777.8999999999999,525.0
2019-07-15,1314.1000000000004,1323.4999999999998,3338.2999999999997,531.0
2019-07-16,1006.7999999999997,1381.6999999999998,2925.2000000000003,583.0
2019-07-17,607.5,1166.0000000000002,2098.3,544.0
2019-07-18,1150.2,1254.8499999999997,3018.75,630.0
2019-07-19,1057.1000000000001,1014.8000000000001,2635.5,452.0
2019-07-20,681.6,907.1,1952.0,365.0
2019-07-21,325.40000000000003,549.7,1048.3,325.0
2019-07-22,455.59999999999997,643.45,1341.95,367.0
2019-07-23,813.0999999999999,1243.3999999999999,2490.4000000000005,625.0
2019-07-24,772.3,1342.3999999999999,2527.1000000000004,552.0
2019-07-25,834.9999999999999,1873.3999999999999,3153.9999999999995,788.0
2019-07-26,1323.8,1337.4999999999998,3367.5,671.0
2019-07-27,1891.8999999999999,1830.5,4731.3,413.0
2019-07-28,947.2999999999998,1153.4999999999998,2606.2999999999997,439.0
2019-07-29,735.5999999999999,1022.7000000000002,2150.7999999999997,436.0
2019-07-30,406.0,625.6999999999998,1248.0,566.0
2019-07-31,738.1,860.8,1992.9,363.0
2019-08-01,1507.7999999999995,1723.1999999999998,4035.4,593.0
2019-08-02,1584.1000000000004,1894.4999999999998,4323.099999999999,680.0
2019-08-03,737.5000000000001,1256.0,2387.2999999999997,593.0
2019-08-04,134.6,515.7,722.4999999999999,475.0
2019-08-05,483.75000000000006,757.5500000000001,1498.7999999999995,522.0
2019-08-06,344.80000000000007,567.7,1095.9000000000003,544.0
2019-08-07,451.3,698.8000000000001,1390.8999999999999,469.0
2019-08-08,832.1,1022.9,2298.600000000001,429.0
2019-08-09,424.5999999999999,611.3999999999999,1262.4,584.0
2019-08-10,155.80000000000004,308.09999999999997,547.1,911.0
2019-08-11,184.79999999999998,402.90000000000003,686.4000000000001,631.0
2019-08-12,1368.4999999999998,1351.8999999999999,3450.2000000000003,559.0
2019-08-13,1224.9,1397.9000000000005,3276.2,435.0
2019-08-14,799.0000000000001,960.5,2186.0,410.0
2019-08-15,1409.4999999999998,1381.4,3542.2999999999997,517.0
2019-08-16,775.3000000000001,893.3999999999999,2082.2,505.0
2019-08-17,469.2,607.6,1327.0,492.0
2019-08-18,280.49999999999994,499.6000000000001,930.0,485.0
2019-08-19,381.5,628.8,1214.2999999999997,508.0
2019-08-20,1150.7,1481.7,3246.3,564.0
2019-08-21,702.5000000000001,1108.4,2185.8999999999996,582.0
2019-08-22,528.65,961.1500000000002,1771.9999999999998,478.0
2019-08-23,1158.9999999999998,1349.6,3126.8999999999996,576.0
2019-08-24,962.4,1739.8999999999999,3215.1,845.0
2019-08-25,494.90000000000003,1585.4999999999998,2344.9,1084.0
2019-08-26,475.9,1506.4000000000003,2236.3,717.0
2019-08-27,1165.1999999999998,1984.1000000000001,3770.6,870.0
2019-08-28,594.3999999999999,978.7000000000002,1890.3,434.0
2019-08-29,725.1000000000001,935.0,2046.5,454.0
2019-08-30,527.6,862.8000000000001,1672.1000000000001,586.0
2019-08-31,918.3,1214.2,2622.2,532.0
2019-09-01,937.5,1204.9,2642.2999999999997,462.0
2019-09-02,879.2999999999998,1105.3,2453.4,472.0
2019-09-03,511.65000000000003,767.7999999999998,1552.25,378.5
2019-09-04,707.9,887.2,1972.6,415.0
2019-09-05,1266.6000000000004,1363.3,3305.3,544.0
2019-09-06,966.6000000000001,1115.9,2598.0,580.0
2019-09-07,1376.4999999999998,1357.9000000000003,3468.6,579.0
2019-09-08,1351.0,1558.0,3628.9,611.0
2019-09-09,1153.8,1565.9999999999995,3335.0000000000005,623.0
2019-09-10,1739.8000000000002,1556.6999999999998,4224.200000000002,670.0
2019-09-11,419.59999999999997,598.7000000000002,1242.1000000000001,401.0
2019-09-12,479.0000000000001,649.0,1383.6,425.0
2019-09-13,1327.6,1440.1000000000001,3476.4000000000005,671.0
2019-09-14,1603.3,1866.5,4325.2,738.0
2019-09-15,1105.1000000000001,1496.9,3191.4,638.0
2019-09-16,2130.3999999999996,1648.4999999999998,4915.0,593.0
2019-09-17,1901.8000000000002,1770.1,4686.0,560.0
2019-09-18,2250.7,2127.4,5578.200000000001,699.0
2019-09-19,2108.0,2065.4999999999995,5298.0,746.0
2019-09-20,1118.6,1381.6,3096.399999999999,807.0
2019-09-21,753.0,1460.3,2614.7999999999997,800.0
2019-09-22,514.7,1027.3,1816.2000000000007,448.0
2019-09-23,455.7000000000001,650.4,1349.5,306.0
2019-09-24,593.6,787.1,1697.3999999999999,374.0
2019-09-25,613.1,765.3,1705.7000000000005,311.0
2019-09-26,335.70000000000005,616.8000000000001,1131.3,394.0
2019-09-27,405.79999999999995,650.8000000000002,1272.5999999999997,507.0
2019-09-28,297.0,526.4,981.5999999999999,376.0
2019-09-29,360.59999999999997,517.4,1069.7,305.0
2019-09-30,1135.3000000000004,1036.9,2777.6,385.0
2019-10-01,1056.8999999999999,1126.2,2746.8,456.0
2019-10-02,2178.4,1654.6000000000001,4995.0,554.0
2019-10-03,2035.4999999999995,1401.0000000000002,4522.1,568.0
2019-10-04,1355.5000000000002,1247.8000000000002,3326.1,929.0
2019-10-05,1829.7,1621.1,4426.5,719.0
2019-10-06,824.7999999999997,1072.6000000000001,2337.2,432.0
2019-10-07,1215.6,1096.9,2960.5000000000005,419.0
2019-10-08,501.59999999999997,743.5999999999999,1512.8999999999996,661.0
2019-10-09,591.1,883.4,1790.1000000000001,414.0
2019-10-10,437.0999999999999,669.3999999999999,1339.6999999999998,492.0
2019-10-11,389.7,686.6,1284.1999999999996,410.0
2019-10-12,1590.7999999999997,1704.1,4143.200000000001,380.0
2019-10-13,467.29999999999995,822.8,1539.6999999999998,372.0
2019-10-14,1492.1999999999998,1446.8,3734.7000000000003,575.0
2019-10-15,1537.9,1491.0000000000002,3848.600000000001,457.0
2019-10-16,1462.0499999999997,1495.4499999999998,3737.2,535.0
2019-10-17,1499.1999999999996,1586.5999999999997,3885.4,512.0
2019-10-18,477.7999999999999,844.6000000000001,1577.0,493.0
2019-10-19,955.7,1247.8,2713.2000000000003,495.0
2019-10-20,1249.9,1200.9000000000003,3117.2000000000003,512.0
2019-10-21,1488.8,1398.2999999999997,3680.7999999999997,567.0
2019-10-22,3073.8000000000006,1965.1000000000004,6677.599999999999,797.0
2019-10-23,3065.300000000001,2019.9999999999995,6719.699999999999,907.0
2019-10-24,2316.7000000000003,1690.3000000000002,5242.0,896.0
2019-10-25,755.3000000000001,849.4000000000001,2007.5999999999997,585.0
2019-10-26,704.0999999999999,947.0,2026.7,530.0
2019-10-27,1828.9,1575.2,4379.1,750.0
2019-10-28,3099.5999999999995,1828.0500000000002,6580.75,834.0
2019-10-29,1067.5999999999997,1451.0000000000002,3088.0,450.5
2019-10-30,1193.7,1434.3000000000002,3264.6,675.0
2019-10-31,1982.6999999999998,1559.0,4598.900000000001,1034.0
2019-11-01,1027.9,1216.8999999999999,2792.7999999999997,508.0
2019-11-02,219.2,420.1,755.6,399.0
2019-11-03,1169.7,1252.1999999999996,3045.8000000000006,531.0
2019-11-04,2713.3999999999996,1876.5999999999997,6036.8,614.0
2019-11-05,2245.2,1695.8000000000004,5138.299999999999,672.0
2019-11-06,1870.7000000000003,1558.6000000000001,4426.799999999999,730.0
2019-11-07,1198.6000000000001,1230.9999999999998,3069.3999999999996,480.0
2019-11-08,3461.6,2039.3,7346.7,731.0
2019-11-09,1922.9,1570.8999999999999,4519.500000000001,514.0
2019-11-10,1617.9000000000003,1374.5,3855.2999999999997,678.0
2019-11-11,1191.3000000000002,1334.3,3160.9999999999995,469.0
2019-11-12,979.3,1085.1000000000001,2587.0,333.0
2019-11-13,1541.3999999999999,1403.1999999999998,3766.399999999999,480.0
2019-11-14,1992.6999999999996,1872.0,4927.199999999999,476.0
2019-11-15,1391.25,1487.25,3619.65,527.5
2019-11-16,2706.0,1806.7,5955.399999999999,717.0
2019-11-17,3440.1000000000004,1888.5,7163.6,1038.0
2019-11-18,2816.0,1814.6000000000001,6132.5,648.0
2019-11-19,4459.5,2229.2999999999997,9067.4,1034.0
2019-11-20,1136.3999999999999,1263.3000000000002,3005.9000000000005,645.0
2019-11-21,1279.8,1299.1999999999998,3261.4,706.0
2019-11-22,1029.7,1349.8000000000002,2928.2999999999993,423.0
2019-11-23,1668.8,1537.4,4096.4,686.0
2019-11-24,1616.5,1192.0000000000002,3670.5000000000005,658.0
2019-11-25,1166.4,1215.3999999999999,3003.4,509.0
2019-11-26,687.3000000000001,1011.9,2065.7,561.0
2019-11-27,1872.3999999999999,1663.1499999999999,4534.2,557.5
2019-11-28,2149.6,1492.8,4788.6,634.0
2019-11-29,3721.1,2145.8,7851.3,903.0
2019-11-30,2848.2000000000003,2097.3999999999996,6464.799999999999,680.0
2019-12-01,1018.7,1304.9,2867.0,372.0
2019-12-02,3228.0999999999995,2109.6,7059.0,701.0
2019-12-03,2643.5,2014.3,6067.599999999999,556.0
2019-12-04,5059.099999999999,2420.4,10177.400000000003,945.0
2019-12-05,1967.6000000000001,1284.6,4301.599999999999,586.0
2019-12-06,458.29999999999995,769.0,1471.8,358.0
2019-12-07,357.49999999999994,747.7,1295.9,353.0
2019-12-08,161.30000000000004,402.8999999999999,650.5,391.0
2019-12-09,1524.2,1377.5,3714.6,729.0
2019-12-10,546.6500000000002,861.5500000000001,1699.6999999999998,444.0
2019-12-11,1314.6,1449.6,3465.000000000001,381.0
2019-12-12,719.5999999999999,1126.3,2229.2,328.0
2019-12-13,916.9,1170.0,2576.0,526.0
2019-12-14,526.4,902.4,1709.7000000000003,505.0
2019-12-15,285.49999999999994,587.5,1025.0000000000002,329.0
2019-12-16,2416.6000000000004,2051.7,5757.299999999999,518.0
2019-12-17,2382.9,2114.1,5767.799999999999,537.0
2019-12-18,1350.4999999999998,1403.3999999999999,3473.6999999999994,421.0
2019-12-19,293.80000000000007,532.9000000000001,983.5,560.0
2019-12-20,1088.9,1343.0,3013.3000000000006,380.0
2019-12-21,477.09999999999997,849.1,1580.6999999999998,406.0
2019-12-22,569.1,993.3,1866.0,464.0
2019-12-23,1064.3,1267.1,2899.5,623.0
2019-12-24,414.3,743.4999999999999,1378.7,460.0
2019-12-25,714.9000000000001,930.9,2026.3999999999999,514.0
2019-12-26,442.09999999999997,805.0999999999998,1482.4,421.0
2019-12-27,2551.2999999999997,1570.3999999999999,5482.2,711.0
2019-12-28,1312.5999999999997,1329.6000000000001,3342.2999999999997,578.0
2019-12-29,1121.8000000000002,1064.0000000000002,2784.6,566.0
2019-12-30,2146.4999999999995,1420.6000000000001,4711.300000000001,608.0
2019-12-31,1445.8000000000002,1285.8,3502.8000000000006,876.0
2020-01-01,1368.0000000000002,1392.5000000000002,3490.7,1014.0
2020-01-02,551.9000000000001,796.6999999999999,1642.6999999999998,408.0
2020-01-03,1505.8,1471.8999999999999,3780.600000000001,550.0
2020-01-04,1016.4000000000002,1336.0000000000002,2895.0000000000005,487.0
2020-01-05,382.8,826.6,1413.4,271.0
2020-01-06,611.9,941.8000000000001,1879.5,435.0
2020-01-07,632.0000000000002,935.0,1903.8999999999999,591.0
2020-01-08,1339.1,1322.2,3375.6,1013.0
2020-01-09,508.09999999999985,821.3,1600.3999999999996,424.0
2020-01-10,1747.1999999999996,1698.4,4377.400000000001,523.0
2020-01-11,356.5,633.8,1180.9,432.0
2020-01-12,428.3999999999999,754.6999999999999,1411.2,343.0
2020-01-13,333.30000000000007,578.45,1089.2999999999997,411.0
2020-01-14,447.2,659.0000000000001,1344.2999999999997,533.0
2020-01-15,710.4,1151.3999999999999,2240.8999999999996,490.0
2020-01-16,411.0,702.2,1332.4,492.0
2020-01-17,787.3999999999997,1200.8,2408.0000000000005,433.0
2020-01-18,2663.1000000000004,1997.3000000000002,6080.8,899.9545454545456
2020-01-19,2987.0999999999995,2130.8,6710.6,1406.7272727272725
2020-01-20,3814.9500000000003,2411.8500000000004,8261.150000000001,1276.3181818181815
2020-01-21,4078.8999999999996,2364.6,8618.800000000001,915.0
2020-01-22,4303.400000000001,2277.1,8875.300000000001,1032.0
2020-01-23,2814.8999999999996,2087.6,6403.499999999999,644.0
2020-01-24,2296.7,1801.7999999999997,5323.300000000002,617.0
2020-01-25,1105.8999999999999,1260.0000000000002,2955.9,749.0
2020-01-26,429.2999999999999,756.4000000000002,1414.5,585.0
2020-01-27,1064.0,1408.3000000000002,3039.4000000000005,361.0
2020-01-28,561.85,959.55,1821.1500000000003,338.5
2020-01-29,412.80000000000007,867.7,1500.3999999999999,526.0
2020-01-30,506.50000000000006,866.2999999999998,1643.1000000000001,374.0
2020-01-31,426.7,682.4000000000001,1337.5999999999997,256.0
2020-02-01,376.00000000000006,626.8,1203.4999999999998,601.0
2020-02-02,210.69999999999996,509.4,832.4999999999999,575.0
2020-02-03,973.7,1168.2,2661.2999999999997,700.0
2020-02-04,1429.8,1401.8000000000002,3594.5999999999995,656.0
2020-02-05,3182.5000000000005,2140.2,7020.499999999999,1143.0
2020-02-06,4213.8,2428.6000000000004,8889.7,943.0
2020-02-07,1424.7000000000003,1372.6999999999998,3557.2000000000003,904.0
2020-02-08,422.50000000000006,738.3,1385.6999999999998,735.0
2020-02-09,126.19999999999999,205.7,399.29999999999995,418.0
2020-02-10,321.44999999999993,523.4000000000001,1016.2499999999998,351.0
2020-02-11,482.09999999999997,655.2,1394.2999999999997,519.0
2020-02-12,848.6,1053.4,2354.6,654.0
2020-02-13,1312.0,1361.8,3374.2000000000007,364.0
2020-02-14,1434.2000000000003,1300.5000000000002,3499.8,653.0
2020-02-15,260.8,364.4,763.9999999999999,376.0
2020-02-16,133.39999999999995,321.1000000000001,525.9,292.0
2020-02-17,388.40000000000003,619.7000000000002,1215.5,478.0
2020-02-18,376.0,694.9,1271.6,354.0
2020-02-19,518.7,971.6999999999999,1766.7000000000003,379.0
2020-02-20,599.5,928.9000000000001,1848.0000000000005,309.0
2020-02-21,181.69999999999993,511.0999999999999,789.9,471.0
2020-02-22,289.20000000000005,516.2,960.2,606.0
2020-02-23,760.9,936.2,2103.3,456.0
2020-02-24,242.39999999999995,560.5,932.0000000000001,248.0
2020-02-25,515.25,850.95,1640.6499999999999,319.0
2020-02-26,1304.7,1420.8,3421.1000000000004,691.0
2020-02-27,1411.3,1452.6000000000004,3616.1,546.0
2020-02-28,532.5,912.9000000000001,1729.5000000000002,364.0
2020-02-29,282.90000000000003,496.29999999999995,930.0999999999999,489.0
2020-03-01,221.6,474.3,814.2,347.0
2020-03-02,1361.2,1585.6000000000001,3673.1,550.0
2020-03-03,1560.6000000000001,1691.0999999999997,4084.0,645.0
2020-03-04,1637.3000000000002,1729.5999999999995,4240.099999999999,611.0
2020-03-05,747.6999999999999,1139.6,2286.3,425.0
2020-03-06,2556.1000000000004,2198.2000000000003,6118.0,1129.0
2020-03-07,397.1000000000001,889.2999999999998,1498.6,633.0
2020-03-08,176.20000000000002,447.0,717.4,330.0
2020-03-09,724.0000000000001,933.1999999999999,2043.4000000000003,509.0
2020-03-10,278.70000000000005,515.2,942.6,306.0
2020-03-11,327.29999999999995,649.0000000000002,1151.0,299.0
2020-03-12,332.1,537.3,1046.3,408.0
2020-03-13,1124.95,1351.7,3076.9500000000003,633.0
2020-03-14,338.40000000000003,677.6999999999999,1196.8,360.0
2020-03-15,596.8000000000001,900.8000000000001,1815.4999999999998,369.0
2020-03-16,1509.6,1600.4999999999995,3915.200000000001,705.0
2020-03-17,325.0,726.3000000000002,1224.8999999999999,483.0
2020-03-18,340.90000000000003,694.9000000000001,1217.5,520.0
2020-03-19,1046.1,1196.0000000000002,2799.5,658.0
2020-03-20,337.0999999999999,572.7,1089.6999999999998,513.0
2020-03-21,209.09999999999997,471.9,792.7000000000002,523.0
2020-03-22,167.99999999999994,547.6999999999999,804.9,526.0
2020-03-23,742.15,1169.3500000000001,2307.2000000000003,614.0
2020-03-24,645.6,1176.8999999999999,2166.7999999999997,599.0
2020-03-25,954.8999999999999,1402.4000000000003,2866.5000000000005,795.0
2020-03-26,519.2,1081.8000000000002,1877.5,940.0
2020-03-27,375.49999999999994,757.3,1332.4999999999995,984.0
2020-03-28,132.3,303.80000000000007,506.9999999999999,617.0
2020-03-29,78.49999999999999,195.3,315.7,441.0
2020-03-30,410.8,679.8999999999999,1310.3999999999999,430.0
2020-03-31,357.8,738.3000000000001,1286.6,552.0
2020-04-01,1344.9,1544.6,3606.5000000000005,639.0
2020-04-02,1019.9,1332.8,2896.7000000000003,533.0
2020-04-03,1335.5,1529.8,3577.6,646.0
2020-04-04,365.19999999999993,786.8000000000001,1346.5999999999997,437.0
2020-04-05,88.5,412.8,548.5,394.0
2020-04-06,852.8,1354.1000000000001,2661.8,664.0
2020-04-07,922.7999999999998,1301.3,2716.1,704.0
2020-04-08,695.6000000000003,1597.4,2663.6000000000004,1395.0
2020-04-09,548.5000000000001,1309.3,2150.5000000000005,1450.0
2020-04-10,204.7,881.4,1195.9999999999998,1122.0
2020-04-11,564.6999999999998,1312.8999999999999,2179.0000000000005,893.0
2020-04-12,213.2,818.2999999999998,1144.9,681.0
2020-04-13,88.69999999999999,207.6,343.6999999999999,535.0
2020-04-14,374.09999999999997,689.5999999999998,1263.2000000000003,493.0
2020-04-15,526.7,1027.7999999999997,1834.9999999999995,751.0
2020-04-16,654.3000000000002,1455.4999999999998,2458.600000000001,1379.0
2020-04-17,247.59999999999997,607.0999999999999,986.8000000000001,669.0
2020-04-18,475.4999999999999,795.5,1524.5000000000002,911.0
2020-04-19,178.00000000000003,510.7,783.3,655.0
2020-04-20,184.1,490.39999999999986,772.5999999999999,801.0
2020-04-21,183.9,540.0999999999999,822.5999999999999,880.0
2020-04-22,374.4,825.4,1399.8000000000002,865.0
2020-04-23,682.7282392026578,1095.2212624584715,2142.4312292358804,962.0
2020-04-24,616.6744186046514,1113.8372093023254,2060.2046511627905,977.0
2020-04-25,609.498338870432,1099.9634551495017,2035.32757475083,562.0
2020-04-26,602.3222591362124,1086.0897009966777,2010.45049833887,538.0
2020-04-27,595.1461794019933,1072.2159468438538,1985.5734219269098,785.0
2020-04-28,587.9700996677742,1058.34219269103,1960.6963455149498,385.0
2020-04-29,580.794019933555,1044.4684385382059,1935.81926910299,506.0
2020-04-30,573.6179401993354,1030.594684385382,1910.94219269103,420.0
2020-05-01,566.4418604651161,1016.7209302325582,1886.0651162790698,505.0
2020-05-02,559.265780730897,1002.8471760797343,1861.1880398671099,520.0
2020-05-03,552.089700996678,988.9734219269103,1836.3109634551497,569.0
2020-05-04,544.9136212624585,975.0996677740865,1811.4338870431898,609.0
2020-05-05,537.7375415282391,961.2259136212624,1786.5568106312296,494.0
2020-05-06,530.5614617940198,947.3521594684385,1761.6797342192694,668.0
2020-05-07,523.3853820598007,933.4784053156145,1736.8026578073095,714.0
2020-05-08,516.2093023255816,919.6046511627907,1711.9255813953491,643.0
2020-05-09,509.0332225913621,905.7308970099667,1687.0485049833892,852.0
2020-05-10,501.8571428571428,891.8571428571429,1662.1714285714293,731.0
2020-05-11,494.6810631229235,877.983388704319,1637.2943521594689,510.0
2020-05-12,487.5049833887044,864.109634551495,1612.4172757475087,481.5
2020-05-13,480.3289036544852,850.235880398671,1587.5401993355483,420.0
2020-05-14,473.15282392026575,836.3621262458471,1562.6631229235882,372.0
2020-05-15,465.9767441860464,822.4883720930231,1537.7860465116278,689.0
2020-05-16,458.8006644518272,808.6146179401993,1512.9089700996672,506.5
2020-05-17,451.62458471760806,794.7408637873755,1488.031893687707,514.3636363636364
2020-05-18,512.5337209302326,1007.3918604651162,1793.6302325581394,684.6363636363637
2020-05-19,602.1000000000003,1078.1,2001.1000000000001,497.0
2020-05-20,475.4000000000001,940.4,1668.8000000000004,446.0
2020-05-21,560.0999999999999,1065.1000000000004,1923.6000000000001,594.0
2020-05-22,157.20000000000002,402.4000000000001,643.0999999999999,747.0
2020-05-23,197.6,368.09999999999997,671.1,633.0
2020-05-24,413.2,763.3,1396.3,599.0
2020-05-25,302.8,748.5999999999999,1212.7,583.0
2020-05-26,663.8500000000001,1192.2500000000005,2210.2999999999997,725.0
2020-05-27,590.2,1210.1000000000004,2114.7000000000007,741.0
2020-05-28,291.59999999999997,612.9999999999999,1059.8000000000002,555.0
2020-05-29,342.99999999999994,813.4,1339.1999999999998,640.0
2020-05-30,208.39999999999998,611.0,930.5999999999999,754.0
2020-05-31,144.3,466.8999999999999,687.8,582.0
2020-06-01,430.50000000000006,896.1000000000001,1555.9,667.0
2020-06-02,693.5999999999999,1346.1,2410.1,692.0
2020-06-03,783.4,1245.7999999999997,2447.1000000000004,779.0
2020-06-04,690.7999999999998,929.8000000000001,1989.0000000000002,483.0
2020-06-05,750.9,975.0000000000001,2126.4,605.0
2020-06-06,399.7,592.4,1204.8000000000002,496.0
2020-06-07,521.8999999999999,762.5,1562.7000000000003,537.0
2020-06-08,800.7695652173911,1008.3086956521739,2236.508695652174,696.0
2020-06-09,881.8304347826088,1319.4913043478261,2671.691304347826,699.0
2020-06-10,681.1999999999999,970.9000000000001,2014.9999999999998,621.0
2020-06-11,431.7,778.5,1440.6000000000001,731.0
2020-06-12,467.49999999999994,956.8999999999999,1673.9,823.0
2020-06-13,390.49999999999994,826.7,1425.4999999999998,509.0
2020-06-14,271.19999999999993,721.4000000000001,1137.8,453.0
2020-06-15,865.7,1267.7,2594.5999999999995,589.0
2020-06-16,644.1,1086.3000000000002,2073.8999999999996,507.0
2020-06-17,1208.8999999999999,1629.3,3482.7000000000003,719.0
2020-06-18,785.9999999999999,1187.9000000000005,2393.2999999999997,454.0
2020-06-19,345.15,569.2500000000001,1098.3500000000001,430.5
2020-06-20,390.2999999999999,619.9,1218.6999999999998,464.0
2020-06-21,314.79999999999995,553.3,1036.0,431.0
2020-06-22,358.4,631.1999999999999,1180.4,605.0
2020-06-23,519.0,975.6,1770.9000000000003,729.0
2020-06-24,439.1999999999999,1284.5,1957.5,948.0
2020-06-25,423.3,1291.8999999999999,1940.9,881.0
2020-06-26,361.8,964.1999999999999,1518.8,679.0
2020-06-27,198.60000000000002,336.90000000000003,641.3,449.0
2020-06-28,136.1,281.5,490.1,387.0
2020-06-29,353.2,508.29999999999995,1049.8999999999999,455.0
2020-06-30,633.5000000000001,710.0,1681.6999999999996,427.0
2020-07-01,492.7,634.5000000000001,1390.2,378.5
2020-07-02,784.3000000000002,994.8,2197.6,457.0
2020-07-03,331.20000000000005,464.3999999999999,971.6999999999998,525.0
2020-07-04,183.6,280.99999999999994,562.6999999999998,347.0
2020-07-05,203.29999999999998,296.3,608.3,433.0
2020-07-06,1075.1999999999998,1182.6,2831.0000000000005,609.0
2020-07-07,639.1,950.2000000000002,1930.1,481.0
2020-07-08,1150.1000000000001,830.6000000000001,2593.8999999999996,455.0
2020-07-09,455.40000000000003,490.1,1188.5,343.0
2020-07-10,1107.8999999999999,1250.0,2949.0999999999995,489.0
2020-07-11,1111.3999999999999,1326.6999999999998,3030.6,532.0
2020-07-12,541.2,1039.2,1869.2,551.0
2020-07-13,823.1999999999999,1242.0,2504.3,524.0
2020-07-14,1227.4,1228.3999999999999,3110.3,543.0
2020-07-15,1449.9999999999995,1358.2000000000005,3581.1999999999994,497.0
2020-07-16,1267.3,1323.6999999999998,3266.7999999999997,512.0
2020-07-17,1161.1000000000001,1308.2999999999997,3088.9,613.0
2020-07-18,753.4,913.0,2068.9,416.0
2020-07-19,723.6999999999999,957.1000000000001,2066.8,371.0
2020-07-20,1041.3,1275.4,2872.2,542.0
2020-07-21,1055.1,1387.1000000000004,3004.9000000000005,595.0
2020-07-22,446.8,892.5999999999999,1578.2000000000003,512.0
2020-07-23,384.40000000000003,780.4999999999999,1370.0999999999997,523.0
2020-07-24,608.9000000000001,779.1,1712.7,438.0
2020-07-25,381.30000000000007,557.3,1142.3000000000002,357.0
2020-07-26,274.59999999999997,424.9,845.6,501.0
2020-07-27,449.90000000000003,564.7,1254.6000000000001,555.0
2020-07-28,919.2,1031.0,2440.4999999999995,500.0
2020-07-29,817.1999999999999,1119.6000000000001,2372.8,512.0
2020-07-30,709.3,1219.6999999999998,2306.8999999999996,542.0
2020-07-31,466.80000000000007,1065.3999999999999,1781.4000000000003,810.0
2020-08-01,529.7,760.4,1572.6,485.0
2020-08-02,385.0,620.9,1211.6000000000001,426.5
2020-08-03,1105.6999999999998,1334.1000000000004,3029.7999999999993,573.0
2020-08-04,506.3,822.5,1598.9,467.0
2020-08-05,347.7,585.9000000000001,1118.9,494.0
2020-08-06,614.4,950.3000000000001,1892.4999999999998,407.0
2020-08-07,1221.2,2144.1,4016.2999999999997,877.0
2020-08-08,569.4999999999999,1451.9000000000003,2324.6000000000004,1038.0
2020-08-09,189.10000000000002,678.1999999999999,967.6,913.0
2020-08-10,462.85,1279.0,1988.5000000000002,1018.0
2020-08-11,716.4999999999999,1967.3000000000002,3066.0,1246.0
2020-08-12,685.1000000000001,1976.4999999999998,3026.9,1331.0
2020-08-13,890.0,1697.8,3062.1000000000004,1272.0
2020-08-14,1184.2,1471.8999999999999,3287.4,742.0
2020-08-15,1232.4,1386.8000000000002,3276.1999999999994,847.0
2020-08-16,474.5,1033.3,1760.8,627.0
2020-08-17,573.0000000000001,1027.1000000000001,1905.8000000000002,342.0
2020-08-18,393.6,698.8,1302.4,310.0
2020-08-19,638.3000000000001,761.8000000000001,1739.7,287.0
2020-08-20,549.9,872.1,1715.2,936.0
2020-08-21,155.8,328.9,568.0000000000001,771.0
2020-08-22,144.30000000000004,354.80000000000007,576.1000000000001,504.0
2020-08-23,316.0999999999999,529.0000000000001,1013.9,404.0
2020-08-24,589.1142857142858,647.7285714285714,1550.1285714285711,431.0
2020-08-25,151.73571428571427,320.3214285714286,552.5714285714287,359.0
2020-08-26,959.7,1171.8999999999999,2643.2000000000003,548.0
2020-08-27,918.4000000000001,1078.4,2486.7000000000003,594.0
2020-08-28,1162.6000000000001,1161.8,2944.5000000000005,425.0
2020-08-29,601.9000000000001,714.9,1637.7,540.0
2020-08-30,543.2,796.3,1629.7,585.0
2020-08-31,1148.8999999999999,1417.7,3180.1000000000004,603.0
2020-09-01,1828.8000000000002,1879.9000000000003,4683.600000000001,757.0
2020-09-02,779.9000000000001,1203.5999999999997,2399.2999999999997,531.0
2020-09-03,367.00000000000006,621.9999999999999,1184.8000000000002,371.0
2020-09-04,841.3000000000003,1017.8,2308.0,575.0
2020-09-05,1159.6999999999998,1286.1000000000001,3064.4,598.0
2020-09-06,734.7,1088.1999999999998,2215.2,507.0
2020-09-07,897.1999999999998,933.4,2308.9999999999995,421.0
2020-09-08,939.5499999999998,994.4000000000001,2434.8,369.0
2020-09-09,1202.2,1341.8,3184.6,465.0
2020-09-10,1622.5,1850.3000000000002,4337.499999999999,648.0
2020-09-11,1072.0,1331.3000000000002,2975.1999999999994,549.0
2020-09-12,568.2999999999998,875.8000000000002,1747.4,437.0
2020-09-13,450.99999999999994,859.1,1551.1999999999998,395.0
2020-09-14,1639.0000000000002,2001.5000000000005,4514.400000000001,718.0
2020-09-15,1639.3,2403.4,4917.3,1447.0
2020-09-16,815.9000000000002,1462.4999999999995,2714.1000000000004,931.0
2020-09-17,651.1999999999999,924.9999999999999,1923.6,734.0
2020-09-18,696.9999999999999,962.0999999999999,2030.5000000000002,670.0
2020-09-19,447.79999999999995,917.9,1604.6,734.0
2020-09-20,388.2,929.9,1525.2000000000003,764.0
2020-09-21,1711.3,2143.9,4767.900000000001,922.0
2020-09-22,867.6000000000001,1258.1999999999998,2588.6000000000004,620.0
2020-09-23,546.6999999999998,902.9000000000001,1741.4,329.0
2020-09-24,797.0999999999999,1067.8,2289.7000000000003,359.0
2020-09-25,854.6500000000001,1087.0,2397.15,451.0
2020-09-26,675.8999999999999,773.1,1809.1000000000004,411.0
2020-09-27,508.5,701.2999999999998,1480.8999999999999,399.0
2020-09-28,2229.0,1832.8999999999999,5250.900000000001,614.0
2020-09-29,1865.2,1632.6999999999998,4492.5,498.0
2020-09-30,974.0000000000001,1125.2,2618.8,382.0
2020-10-01,1625.0000000000002,1510.7,4001.9999999999995,433.0
2020-10-02,925.5,1139.4,2558.5000000000005,314.0
2020-10-03,932.7,1182.4999999999998,2612.5,278.0
2020-10-04,507.40000000000003,727.8,1505.6,179.0
2020-10-05,566.4999999999998,800.4000000000001,1669.2,327.0
2020-10-06,588.3999999999999,812.1,1714.9,344.0
2020-10-07,1135.0,1189.5,2929.6000000000004,462.0
2020-10-08,1153.6000000000001,1059.2,2828.1000000000004,322.0
2020-10-09,1614.0,1407.1000000000001,3881.75,520.5
2020-10-10,1272.8,1359.5,3311.4,407.0
2020-10-11,1250.5,1322.2,3240.1000000000004,425.0
2020-10-12,1529.5,1433.9999999999998,3779.2999999999997,365.0
2020-10-13,2179.2000000000003,1620.3000000000002,4961.4000000000015,520.0
2020-10-14,1307.3000000000002,1218.3000000000002,3223.0000000000005,547.0
2020-10-15,1620.0,1448.3999999999996,3931.9999999999995,532.0
2020-10-16,3298.2000000000003,2057.2999999999997,7114.3,794.0
2020-10-17,1759.8,1711.6,4409.7,584.0
2020-10-18,1545.0000000000002,1484.5999999999997,3853.3999999999996,619.0
2020-10-19,934.3500000000001,1075.2999999999997,2508.0499999999997,519.0
2020-10-20,635.3000000000001,876.4999999999999,1850.5000000000005,651.0
2020-10-21,1126.8,1198.9000000000003,2926.5,332.0
2020-10-22,1180.6999999999998,1330.7,3140.7,559.0
2020-10-23,861.4,1203.0999999999997,2523.8000000000006,447.0
2020-10-24,292.40000000000003,550.8000000000001,999.1,359.0
2020-10-25,565.0999999999999,896.0999999999999,1762.4,337.0
2020-10-26,841.0,1107.6000000000001,2397.2,431.0
2020-10-27,790.7,1071.3000000000002,2284.0,367.0
2020-10-28,503.79999999999995,855.3,1627.1999999999998,396.0
2020-10-29,534.1999999999998,859.6999999999999,1678.6000000000001,377.0
2020-10-30,344.50000000000006,756.7,1285.2999999999997,387.0
2020-10-31,311.4,633.1,1111.1000000000001,452.0
2020-11-01,188.10000000000002,385.0,673.4000000000001,462.0
2020-11-02,282.4,622.0,1054.8,394.0
2020-11-03,882.4,1226.8999999999999,2580.3,402.0
2020-11-04,3713.1,2346.4999999999995,8039.999999999998,995.0
2020-11-05,4342.0,2107.0,8765.2,1645.0
2020-11-06,2660.6999999999994,1996.9,6076.900000000001,1445.0
2020-11-07,2237.7999999999997,1679.3000000000004,5110.900000000001,1122.0
2020-11-08,1940.6000000000004,1355.0,4330.200000000001,1167.0
2020-11-09,2125.2,1642.1999999999998,4900.4,533.0
2020-11-10,2101.1,1867.1,5089.2,570.0
2020-11-11,638.3,789.1,1767.8999999999999,362.0
2020-11-12,558.8,922.4000000000001,1779.1,450.0
2020-11-13,1204.1,1440.8,3287.1,539.0
2020-11-14,162.4,411.20000000000005,659.9,431.0
2020-11-15,169.90000000000003,436.5,697.2,269.0
2020-11-16,496.7999999999999,809.1,1571.0999999999997,366.0
2020-11-17,313.90000000000003,718.6999999999999,1199.4,460.0
2020-11-18,470.20000000000005,727.3000000000001,1447.9000000000003,498.0
2020-11-19,1676.8,1485.8,4056.6000000000004,488.0
2020-11-20,1705.1999999999996,1551.1,4165.7,436.0
2020-11-21,267.5,637.5000000000001,1047.7,316.0
2020-11-22,1624.8999999999999,1582.7000000000003,4074.5,501.0
2020-11-23,2438.0,1753.0000000000002,5490.9,691.0
2020-11-24,466.6,822.8000000000003,1538.5,380.0
2020-11-25,1037.4999999999998,1207.8,2798.5,589.0
2020-11-26,3270.8,2241.9,7257.699999999999,864.0
2020-11-27,3951.7000000000003,1983.4,8041.799999999998,924.0
2020-11-28,1053.3,1468.0,3082.7000000000007,1050.0
2020-11-29,936.0,1480.3000000000004,2915.100000000001,838.0
2020-11-30,1082.3,1030.5,2689.7999999999997,508.0
2020-12-01,1718.2000000000003,1584.3999999999996,4219.200000000001,655.5
2020-12-02,2190.5499999999997,1717.5500000000004,5076.45,715.0
2020-12-03,1380.7,1528.4999999999998,3645.6999999999994,352.0
2020-12-04,885.4000000000001,1199.6,2556.9,465.0
2020-12-05,744.7,1039.8,2181.5,433.0
2020-12-06,1729.5,1539.6000000000004,4191.800000000001,573.0
2020-12-07,3249.5,2136.9000000000005,7119.4,720.0
2020-12-08,2880.399999999999,1773.0,6189.4,613.0
2020-12-09,1646.5,1502.8,4027.3999999999996,550.0
2020-12-10,646.6,882.0999999999999,1873.8,502.5
2020-12-11,2258.5000000000005,1850.1,5312.7,554.0
2020-12-12,1525.3000000000002,1471.3999999999999,3809.5999999999995,659.0
2020-12-13,271.7,656.6999999999999,1073.2,271.0
2020-12-14,692.9999999999999,1042.2999999999997,2105.3,464.0
2020-12-15,1397.4000000000003,1509.5,3651.8999999999996,497.0
2020-12-16,772.9,1023.05,2208.2999999999997,376.0
2020-12-17,676.0000000000001,1002.7999999999998,2039.3000000000002,439.0
2020-12-18,213.30000000000004,411.49999999999994,738.8999999999997,323.0
2020-12-19,406.40000000000003,671.6000000000001,1294.3,424.0
2020-12-20,394.99999999999994,745.4,1351.1000000000001,350.0
2020-12-21,283.5,553.4,987.8999999999999,134.0
2020-12-22,2086.9,1579.7000000000003,4779.6,453.0
2020-12-23,906.4,1138.5999999999997,2528.4,265.0
2020-12-24,561.4,813.8,1674.4,410.0
2020-12-25,131.39999999999998,524.2,725.3000000000001,554.0
2020-12-26,117.3,339.9,520.3000000000001,145.0
2020-12-27,654.6,919.8000000000001,1923.5,301.0
2020-12-28,1066.9999999999998,1385.5,3021.4999999999995,411.0
2020-12-29,1790.0000000000002,1539.9,4285.0,562.0
2020-12-30,2569.9,1777.4,5717.8,681.0
2020-12-31,2212.2000000000003,1748.5,5140.900000000001,623.0
2021-01-01,1494.7,1249.8999999999999,3541.699999999999,703.0
2021-01-02,1826.7,1366.0500000000004,4166.849999999999,461.0
2021-01-03,673.8,838.4000000000002,1871.3,323.0
2021-01-04,352.15,542.4,1082.5000000000002,248.0
2021-01-05,507.90000000000003,700.2999999999998,1479.0000000000005,314.0
2021-01-06,1635.5000000000002,1214.1000000000001,3721.6000000000004,402.0
2021-01-07,2492.9999999999995,1665.1000000000001,5488.2,600.0
2021-01-08,2410.3,1616.2999999999997,5312.2,724.0
2021-01-09,2135.4,1484.3999999999999,4758.500000000001,602.0
2021-01-10,653.3000000000001,893.9000000000002,1895.9999999999998,469.0
2021-01-11,407.5,680.0999999999999,1304.8999999999999,247.0
2021-01-12,1787.6000000000001,1550.5000000000002,4291.4,378.0
2021-01-13,2089.6,1592.3,4796.800000000001,443.0
2021-01-14,1029.4,1175.6000000000001,2754.2999999999993,262.0
2021-01-15,3199.4999999999995,1771.8,6677.900000000001,724.0
2021-01-16,1303.0,1162.2,3159.9999999999995,350.0
2021-01-17,912.6000000000001,1117.6000000000001,2517.1000000000004,696.0
2021-01-18,666.6000000000001,1020.6,2042.6000000000001,336.0
2021-01-19,229.9,425.9000000000001,778.4,176.0
2021-01-20,243.30000000000004,366.7,739.7000000000002,297.0
2021-01-21,657.4999999999999,846.3,1854.9,402.0
2021-01-22,1342.3,1264.3000000000002,3321.8,501.0
2021-01-23,1908.9999999999998,1658.8000000000002,4586.0,434.0
2021-01-24,1204.5000000000002,1466.3,3313.0,425.0
2021-01-25,2024.6,1685.9,4789.799999999999,452.0
2021-01-26,2314.9,1590.6999999999998,5140.299999999999,414.0
2021-01-27,1820.1999999999996,1463.7000000000003,4254.5,383.0
2021-01-28,840.0999999999999,1060.7999999999997,2349.0,407.0
2021-01-29,1022.5999999999999,1102.4999999999998,2670.5,432.0
2021-01-30,277.90000000000003,640.5999999999999,1066.7,304.0
2021-01-31,508.79999999999995,862.6,1642.6999999999998,543.0
2021-02-01,1688.2,1366.6000000000001,3955.0999999999995,579.0
2021-02-02,454.09999999999997,787.3000000000002,1483.8,540.0
2021-02-03,1658.4,1607.0000000000002,4149.0,542.0
2021-02-04,1248.8999999999999,1396.8000000000002,3311.7000000000003,443.0
2021-02-05,1196.7,1375.8000000000002,3210.5,416.0
2021-02-06,1186.3999999999996,1212.6999999999998,3031.9,607.0
2021-02-07,154.29999999999995,294.20000000000005,531.4000000000001,393.0
2021-02-08,464.0999999999999,657.05,1369.0,326.0
2021-02-09,437.00000000000006,763.0,1432.7999999999997,325.0
2021-02-10,1017.2,1129.5,2689.1000000000004,1046.0
2021-02-11,533.8,954.9000000000001,1772.9000000000003,841.0
2021-02-12,379.3,691.6999999999999,1272.6,905.0
2021-02-13,148.20000000000005,405.0999999999999,632.4,600.0
2021-02-14,129.29999999999998,337.29999999999995,535.4000000000001,698.0
2021-02-15,489.30000000000007,702.7,1453.0999999999997,372.0
2021-02-16,424.5,703.9000000000001,1355.2,464.0
2021-02-17,276.59999999999997,434.30000000000007,858.7999999999998,418.0
2021-02-18,361.0,609.6999999999999,1163.3,383.0
2021-02-19,168.50000000000003,352.59999999999997,611.3,430.0
2021-02-20,136.4,263.2,472.7,906.0
2021-02-21,658.9,949.6999999999999,1960.1,944.0
2021-02-22,1505.6,1471.1999999999998,3779.7000000000003,959.0
2021-02-23,208.80000000000004,390.09999999999997,710.1999999999998,456.0
2021-02-24,246.70000000000002,442.29999999999995,820.9000000000001,582.0
2021-02-25,1977.0,1729.3999999999996,4760.9,1036.0
2021-02-26,2422.6500000000005,1936.65,5651.45,1152.0
2021-02-27,1697.0,1812.2999999999997,4414.4,1113.0
2021-02-28,366.99999999999994,876.2,1439.1,763.0
2021-03-01,488.99999999999994,899.4,1648.8,1045.0
2021-03-02,1854.0000000000002,1346.3999999999999,4189.0,1361.0
2021-03-03,2197.8000000000006,1664.9999999999998,5034.799999999998,1303.0
2021-03-04,965.2,1206.9000000000003,2686.7999999999997,716.0
2021-03-05,488.70000000000005,731.3000000000001,1481.1,695.0
2021-03-06,563.2,1204.2999999999997,2068.0,649.0
2021-03-07,1182.7,1570.7999999999997,3384.4999999999995,1131.0
2021-03-08,1801.1,1765.7,4527.400000000001,1302.0
2021-03-09,1212.1999999999998,1395.7999999999997,3254.4,916.0
2021-03-10,325.70000000000005,500.10000000000014,999.3000000000001,442.0
2021-03-11,223.69999999999996,375.8,718.7000000000002,521.0
2021-03-12,270.5,511.20000000000005,925.3999999999999,419.0
2021-03-13,403.7999999999999,594.9999999999999,1213.9,424.0
2021-03-14,440.2000000000001,746.4999999999999,1421.6000000000001,480.0
2021-03-15,1049.2,1343.4999999999998,2952.099999999999,868.0
2021-03-16,1045.4999999999998,1122.5,2725.6,748.0
2021-03-17,938.6999999999998,1114.0000000000002,2553.4999999999995,844.0
2021-03-18,1115.1,1306.4,3016.3,915.0
2021-03-19,663.5,913.9999999999999,1931.2,552.0
2021-03-20,1492.2000000000003,1508.3000000000004,3796.9,858.0
2021-03-21,630.2,880.9,1846.9,588.0
2021-03-22,1582.3999999999999,1703.2,4129.6,928.0
2021-03-23,907.0000000000001,1179.9999999999998,2570.3999999999996,722.0
2021-03-24,712.1999999999998,1074.8000000000002,2167.3499999999995,738.5
2021-03-25,437.7,866.5999999999999,1537.5,410.0
2021-03-26,307.6000000000001,595.1000000000001,1066.8,356.0
2021-03-27,305.00000000000006,600.1,1068.1999999999998,553.0
2021-03-28,96.79999999999998,307.59999999999997,456.19999999999993,557.0
2021-03-29,506.3,922.3,1699.3000000000002,684.0
2021-03-30,2020.2000000000003,2199.3999999999996,5297.299999999999,1071.0
2021-03-31,1868.8000000000002,2220.8,5086.4,1209.0
2021-04-01,455.99999999999994,841.0000000000001,1540.7,953.0
2021-04-02,258.4,468.90000000000003,865.3,475.0
2021-04-03,328.7,621.2,1125.1999999999998,685.0
2021-04-04,568.4000000000001,1105.1000000000001,1976.1,762.0
2021-04-05,328.50000000000006,639.3,1142.8,536.0
2021-04-06,1066.6000000000001,1265.9999999999998,2901.3,817.0
2021-04-07,982.4,1279.8000000000002,2785.9,606.0
2021-04-08,374.0,798.4000000000001,1371.7000000000003,480.0
2021-04-09,726.3000000000001,1092.3999999999999,2205.9,504.0
2021-04-10,358.55000000000007,710.1999999999999,1259.9999999999998,511.0
2021-04-11,644.8,1054.5,2043.9,771.0
2021-04-12,1652.9000000000003,1811.8999999999999,4346.399999999999,810.0
2021-04-13,1746.1000000000001,1909.5000000000005,4586.999999999999,921.0
2021-04-14,1465.8000000000002,1565.8000000000002,3813.4000000000005,890.0
2021-04-15,1109.3999999999996,1471.4,3172.3,623.0
2021-04-16,1473.9999999999998,1719.8,3979.8000000000006,885.0
2021-04-17,968.3999999999997,1422.2999999999997,2906.8999999999987,661.0
2021-04-18,849.7,1508.3000000000004,2811.1,785.0
2021-04-19,1299.7,1758.5000000000005,3751.1,1147.0
2021-04-20,1499.2,1959.9999999999998,4258.399999999999,1309.5
2021-04-21,965.9000000000002,1309.2,2789.9999999999995,1341.0
2021-04-22,762.4999999999999,998.0999999999999,2167.4,792.0
2021-04-23,620.7,1109.7,2061.7,713.0
2021-04-24,442.29999999999995,982.1999999999999,1660.1,760.0
2021-04-25,207.59999999999994,450.90000000000015,769.1,491.0
2021-04-26,552.6999999999999,805.9999999999999,1653.2,631.0
2021-04-27,1357.0,1668.1000000000001,3748.7999999999993,926.0
2021-04-28,1066.6999999999998,1493.3999999999996,3129.099999999999,998.0
2021-04-29,1278.3999999999999,1471.2,3431.7000000000003,942.0
2021-04-30,1352.9,1739.9999999999995,3813.8999999999996,1372.0
2021-05-01,1264.5,1673.6,3612.4000000000005,827.0
2021-05-02,616.4,1165.1000000000001,2110.2,691.0
2021-05-03,208.10000000000002,482.7,802.0999999999999,528.0
2021-05-04,722.3,951.4999999999999,2059.2000000000003,633.0
2021-05-05,1126.5999999999997,1281.0,3008.4000000000015,532.0
2021-05-06,1519.9999999999998,1621.3999999999999,3951.6,906.0
2021-05-07,1061.3,1391.8000000000004,3019.5000000000005,803.0
2021-05-08,281.1,469.40000000000003,900.3,429.0
2021-05-09,325.90000000000003,506.0,1005.5,446.0
2021-05-10,411.9,730.3000000000001,1361.7,555.0
2021-05-11,1569.3878048780487,1570.8268292682926,3978.848780487805,736.5806451612902
2021-05-12,1497.8829268292682,1557.2975609756097,3856.4682926829273,726.0967741935483
2021-05-13,1269.8243902439024,1360.1463414634145,3309.5024390243902,609.9677419354839
2021-05-14,1041.7658536585366,1162.9951219512195,2762.536585365853,493.83870967741944
2021-05-15,813.7073170731708,965.8439024390245,2215.5707317073175,377.7096774193549
2021-05-16,735.1317073170732,986.7902439024391,2115.2731707317075,422.3064516129033
2021-05-17,1506.1000000000001,1564.1000000000001,3873.600000000001,683.0
2021-05-18,962.3000000000002,1176.0,2651.2999999999993,534.0
2021-05-19,1618.3,1914.3000000000004,4395.599999999999,559.0
2021-05-20,775.2999999999998,958.9,2147.7,559.0
2021-05-21,227.5,404.1,753.4999999999999,481.0
2021-05-22,1403.4,1623.8999999999999,3775.4,556.0
2021-05-23,278.29999999999995,527.4999999999999,954.0999999999999,351.0
2021-05-24,863.5795918367346,1107.7877551020406,2431.508163265306,530.0
2021-05-25,1415.387755102041,1377.2326530612243,3546.2448979591836,576.0
2021-05-26,1574.9326530612243,1726.6795918367343,4140.74693877551,659.0
2021-05-27,1240.3999999999999,1680.4,3582.7000000000007,689.0
2021-05-28,1144.0,1736.7000000000003,3490.5999999999995,891.0
2021-05-29,491.70000000000005,1096.7,1850.3999999999999,691.0
2021-05-30,308.70000000000005,686.8,1160.6,823.0
2021-05-31,314.7,782.8000000000001,1265.2999999999997,823.0
2021-06-01,569.8000000000001,1235.3,2109.3,834.0
2021-06-02,564.2000000000002,1445.5,2310.5,868.0
2021-06-03,430.1,900.0,1559.1,745.5
2021-06-04,1700.0000000000002,1650.6000000000001,4257.5,722.0
2021-06-05,894.2000000000002,1260.8000000000002,2631.9,836.0
2021-06-06,569.5000000000001,903.3000000000002,1776.2999999999997,638.0
2021-06-07,629.8000000000001,985.7,1950.6999999999998,469.0
2021-06-08,704.4,1049.5,2129.2999999999997,541.0
2021-06-09,568.6,989.6999999999999,1861.2,548.0
2021-06-10,543.0,644.0,1476.6,502.5
2021-06-11,773.7,870.2000000000002,2056.3999999999996,476.0
2021-06-12,926.3000000000001,1329.1,2749.3,669.0
2021-06-13,410.8999999999999,1036.5000000000002,1666.2,822.0
2021-06-14,710.5999999999999,1195.6000000000001,2285.3,716.0
2021-06-15,765.4,1202.5,2376.7999999999997,823.0
2021-06-16,519.8,1018.7999999999998,1815.5,722.0
2021-06-17,1280.4999999999998,1357.1000000000001,3320.7000000000003,969.0
2021-06-18,1316.6000000000001,1278.4,3297.3,418.0
2021-06-19,1025.5000000000002,1088.0,2660.3999999999996,669.0
2021-06-20,527.3000000000001,694.0,1502.8000000000002,537.0
2021-06-21,646.9999999999999,842.9000000000001,1835.0000000000002,512.0
2021-06-22,917.8,985.2000000000002,2392.5,738.0
2021-06-23,1256.9,1418.8500000000001,3346.3500000000004,890.0
2021-06-24,1416.4000000000003,1423.4,3594.8000000000006,938.0
2021-06-25,995.1000000000003,1154.8999999999999,2680.2000000000003,589.0
2021-06-26,607.6000000000001,865.4,1797.7,581.0
2021-06-27,439.5,810.6,1484.1000000000001,965.0
2021-06-28,1213.9999999999998,1229.4,3091.0,744.0
2021-06-29,1411.3,1269.9,3434.1999999999994,874.0
2021-06-30,36.3,42.2,97.8,27.0
