MeasurementDateGMT,Ealing - Acton Vale : Nitric Oxide (ug/m3),Ealing - Acton Vale : Nitrogen Dioxide (ug/m3),Ealing - Acton Vale : Oxides of Nitrogen (ug/m3),Ealing - Acton Vale : PM10 Particulate (ug/m3)
2018-01-01,28.099999999999994,438.7,481.80000000000007,326.40000000000003
2018-01-02,72.79999999999997,646.9999999999999,758.6000000000003,326.40000000000003
2018-01-03,24.500000000000004,356.40000000000003,394.30000000000007,326.40000000000003
2018-01-04,86.69999999999997,640.0999999999999,772.8999999999999,326.40000000000003
2018-01-05,371.0,966.0,1534.5,326.40000000000003
2018-01-06,772.7000000000002,1110.8,2295.6,326.40000000000003
2018-01-07,62.70000000000002,474.2,570.3000000000001,326.40000000000003
2018-01-08,232.29999999999998,793.0000000000001,1149.1,326.40000000000003
2018-01-09,684.3999999999999,991.1,2040.9999999999998,326.40000000000003
2018-01-10,1366.8,1452.0,3547.7999999999997,326.40000000000003
2018-01-11,1484.7999999999997,1159.5000000000002,3436.000000000001,326.40000000000003
2018-01-12,485.50000000000006,986.6,1731.1000000000001,326.40000000000003
2018-01-13,161.20000000000005,685.6,932.4,326.40000000000003
2018-01-14,163.79999999999998,812.9999999999999,1064.3,326.40000000000003
2018-01-15,191.25000000000003,665.0,957.9000000000001,326.40000000000003
2018-01-16,153.8,772.4000000000002,1008.4000000000001,326.40000000000003
2018-01-17,151.70000000000002,684.2000000000002,916.9,326.40000000000003
2018-01-18,124.39999999999999,694.5,884.8999999999999,322.59999999999997
2018-01-19,286.90000000000003,1108.8,1549.2000000000003,394.79999999999995
2018-01-20,180.6,1178.8,1455.4,246.50000000000003
2018-01-21,300.2,1076.1000000000001,1536.6999999999998,393.5999999999999
2018-01-22,356.30000000000007,1107.7999999999997,1654.3,552.6999999999999
2018-01-23,182.39999999999995,631.1999999999998,910.9999999999999,223.8
2018-01-24,176.19999999999996,616.5,887.0999999999999,205.70000000000002
2018-01-25,244.59999999999997,870.6,1245.6999999999998,424.99999999999994
2018-01-26,828.3,1331.8000000000002,2601.6,543.0
2018-01-27,254.4000000000001,853.3000000000001,1243.6000000000004,352.90000000000003
2018-01-28,103.1,499.1000000000001,657.1999999999999,142.00000000000003
2018-01-29,242.90000000000003,822.8000000000001,1194.9,238.7
2018-01-30,1049.8,1289.6000000000001,2899.7000000000003,517.0000000000001
2018-01-31,179.50000000000003,709.6999999999999,984.6999999999998,244.9
2018-02-01,222.39999999999998,776.1,1117.1999999999998,358.2999999999999
2018-02-02,383.09999999999997,971.8,1559.2999999999997,496.2999999999999
2018-02-03,302.3999999999999,1230.5,1694.1999999999996,366.7
2018-02-04,83.89999999999999,503.70000000000005,632.4,258.7
2018-02-05,169.60000000000002,799.8000000000001,1059.7,398.1000000000001
2018-02-06,374.69999999999993,1105.3,1679.5999999999997,648.3000000000001
2018-02-07,645.0,1283.6,2272.3999999999996,561.4000000000001
2018-02-08,694.8,1109.0,2174.2000000000003,563.3000000000001
2018-02-09,164.00000000000003,790.8,1041.7000000000003,288.20000000000005
2018-02-10,259.70000000000005,843.9,1242.1999999999998,255.00000000000003
2018-02-11,88.30000000000001,415.9,551.2,170.10000000000002
2018-02-12,385.70000000000005,1041.4,1632.6000000000001,391.8
2018-02-13,215.29999999999998,766.4999999999999,1097.3000000000002,224.9
2018-02-14,388.9,847.2000000000002,1443.3000000000002,316.70000000000005
2018-02-15,199.20000000000002,871.4000000000001,1176.8000000000002,378.7
2018-02-16,421.59999999999997,1266.7,1912.8999999999999,539.9
2018-02-17,1001.3,1311.7999999999997,2847.0999999999995,677.0
2018-02-18,366.6,923.5999999999998,1486.0,533.1
2018-02-19,375.5000000000001,898.3,1474.0000000000002,468.19999999999993
2018-02-20,163.2,662.6,912.4000000000002,281.09999999999997
2018-02-21,286.70000000000005,833.0000000000002,1272.4999999999998,1028.2
2018-02-22,139.3,804.1,1017.2000000000002,721.5
2018-02-23,183.99999999999997,953.6,1235.4999999999998,667.4
2018-02-24,149.7,864.0999999999999,1094.0,817.5000000000001
2018-02-25,87.89999999999998,562.6999999999999,697.4,438.0
2018-02-26,115.59999999999998,567.3,744.5,300.59999999999997
2018-02-27,363.19999999999993,1134.8999999999999,1692.5,366.79999999999995
2018-02-28,217.40000000000003,890.0999999999999,1223.8999999999999,577.9
2018-03-01,104.80000000000001,748.3,908.9000000000002,1064.1999999999998
2018-03-02,211.00000000000003,1040.0,1362.8000000000002,1164.3
2018-03-03,305.90000000000003,1260.6999999999998,1730.2,1790.0999999999997
2018-03-04,186.50000000000003,928.4000000000001,1214.5000000000002,543.6
2018-03-05,160.8,805.9999999999999,1052.8,400.20000000000005
2018-03-06,243.59999999999997,1030.8,1404.3,311.40000000000003
2018-03-07,696.3,1291.0,2358.9,472.99999999999994
2018-03-08,127.39999999999999,657.6,852.8000000000001,295.0
2018-03-09,482.7000000000001,1258.3500000000001,1998.4500000000003,463.75
2018-03-10,176.79999999999995,696.6,967.5999999999999,490.9000000000001
2018-03-11,493.8,1431.6,2189.0,626.9
2018-03-12,285.29999999999995,1034.9,1472.2999999999995,250.65
2018-03-13,189.8,937.4,1228.5,363.79999999999995
2018-03-14,120.1,683.0999999999999,867.1000000000001,416.4
2018-03-15,137.40000000000003,813.2,1023.8,262.5
2018-03-16,357.5,899.6,1447.9,521.0
2018-03-17,68.9,469.4000000000001,574.7,456.3
2018-03-18,67.1,530.0,632.9999999999999,721.1
2018-03-19,80.0,514.9,637.6999999999999,514.4
2018-03-20,99.5,767.1000000000001,919.9999999999999,399.8
2018-03-21,575.7,1231.3,2114.1,571.1999999999999
2018-03-22,144.99999999999997,711.9999999999999,935.0000000000001,491.59999999999997
2018-03-23,120.39999999999999,555.4,739.9,501.20000000000005
2018-03-24,176.39999999999998,948.4,1219.2000000000003,660.8500000000001
2018-03-25,289.6000000000001,919.9000000000001,1364.4999999999998,843.2999999999998
2018-03-26,137.2,988.1999999999999,1198.4999999999998,375.90000000000003
2018-03-27,139.7,739.8999999999999,954.4999999999998,248.99999999999997
2018-03-28,158.99999999999997,1009.3,1253.3000000000002,236.7
2018-03-29,192.9,886.0,1181.3,245.30000000000004
2018-03-30,109.7,854.9000000000001,1023.5,242.09999999999997
2018-03-31,101.70000000000002,545.0000000000001,701.0,210.49999999999997
2018-04-01,68.49999999999999,496.59999999999997,601.5000000000001,243.39999999999998
2018-04-02,103.19999999999999,578.6,736.4,280.9000000000001
2018-04-03,139.9,511.79999999999995,726.4999999999999,265.1
2018-04-04,93.10000000000001,476.80000000000007,619.3000000000001,285.5
2018-04-05,110.45000000000002,542.5,712.3500000000001,155.89999999999998
2018-04-06,111.4,821.9999999999999,993.4,483.00000000000006
2018-04-07,156.4,1009.8999999999999,1249.9,606.5
2018-04-08,93.89999999999998,710.2,853.3,401.9
2018-04-09,187.30000000000004,1195.3,1482.3,483.80000000000007
2018-04-10,180.2,1082.3,1359.1000000000001,671.8000000000001
2018-04-11,183.0,833.1,1113.6,951.8
2018-04-12,179.5,709.4999999999999,984.9,777.1999999999999
2018-04-13,167.89999999999995,748.8999999999999,1006.0,604.3999999999999
2018-04-14,127.5,941.7,1136.8,905.2999999999998
2018-04-15,99.9,655.2,807.9999999999998,688.0000000000001
2018-04-16,104.89999999999998,540.5,701.0,459.29999999999995
2018-04-17,95.70000000000002,478.3,624.7999999999998,460.5
2018-04-18,144.0,877.1999999999998,1097.8,535.25
2018-04-19,435.2,1306.8999999999999,1974.4,906.8999999999999
2018-04-20,202.6,933.0999999999999,1244.0000000000002,777.0999999999999
2018-04-21,123.69999999999999,1090.4,1279.7,962.6
2018-04-22,57.50000000000001,477.9999999999999,566.3,586.5
2018-04-23,88.89999999999996,473.3000000000001,609.6,269.7
2018-04-24,112.3,453.7,626.1,357.9
2018-04-25,89.30000000000001,440.1,576.7,255.4
2018-04-26,105.90000000000003,468.09999999999997,630.8000000000001,368.3999999999999
2018-04-27,163.20000000000002,931.6,1181.7999999999997,351.3999999999999
2018-04-28,75.4,620.9,736.4999999999999,244.8
2018-04-29,44.2,298.1,365.59999999999997,242.29999999999998
2018-04-30,89.19999999999999,608.7,744.9999999999999,337.20000000000005
2018-05-01,208.2,765.3999999999996,1084.2,334.90000000000003
2018-05-02,174.6,726.5,994.5000000000001,193.89999999999998
2018-05-03,276.59999999999997,867.4999999999998,1291.5000000000002,382.6999999999999
2018-05-04,102.99999999999999,724.1999999999997,882.0,485.9999999999999
2018-05-05,422.29999999999995,1226.1,1873.3000000000002,711.7999999999998
2018-05-06,69.3,1226.9,1333.0000000000002,852.1999999999999
2018-05-07,195.50000000000003,1418.9,1718.6999999999998,933.0
2018-05-08,620.7,1130.9,2083.2000000000003,823.1000000000003
2018-05-09,108.2,549.5000000000001,715.5,503.5
2018-05-10,59.20000000000001,476.1000000000001,566.6000000000001,325.50000000000006
2018-05-11,87.6,594.6999999999999,728.7999999999997,498.09999999999997
2018-05-12,60.8,613.2999999999998,706.5,343.9
2018-05-13,176.29999999999998,772.2,1042.3,464.90000000000003
2018-05-14,93.4,578.8,721.7,308.3
2018-05-15,68.4,550.6,655.5,361.8
2018-05-16,59.4,366.40000000000003,457.50000000000017,484.5999999999999
2018-05-17,84.29999999999998,396.3999999999999,525.5999999999999,474.0
2018-05-18,168.9,797.6000000000001,1056.5,494.49999999999994
2018-05-19,142.7,744.2,963.2000000000002,602.4999999999999
2018-05-20,100.5,756.4,910.4000000000001,651.2999999999998
2018-05-21,121.2,895.6999999999999,1081.4999999999998,799.8
2018-05-22,70.30000000000001,429.20000000000005,536.9000000000001,708.8999999999999
2018-05-23,50.60000000000001,359.1,436.19999999999993,672.2
2018-05-24,125.10000000000001,701.3000000000001,893.0000000000001,773.0
2018-05-25,111.60000000000001,863.7,1034.7,670.8
2018-05-26,43.79999999999999,463.9,531.0999999999999,960.0
2018-05-27,40.599999999999994,418.29999999999995,480.80000000000007,701.4
2018-05-28,65.9,507.99999999999994,608.8000000000001,832.9999999999999
2018-05-29,70.2,537.5999999999999,645.0000000000001,535.9
2018-05-30,331.6,956.7999999999998,1465.1,629.3
2018-05-31,182.50000000000003,977.4000000000001,1257.1,1004.5000000000001
2018-06-01,60.500000000000014,507.7999999999999,600.4000000000001,638.3
2018-06-02,29.400000000000002,383.3999999999999,428.59999999999997,251.8
2018-06-03,63.29999999999999,577.6,674.4000000000001,316.00000000000006
2018-06-04,66.2,439.2,540.6,447.59999999999997
2018-06-05,62.1,363.3,458.6,467.2
2018-06-06,86.9,487.7000000000001,620.7,592.5
2018-06-07,95.80000000000003,522.0000000000001,669.1,633.0
2018-06-08,71.0,466.7999999999999,575.4,579.6999999999999
2018-06-09,68.30000000000001,505.6,610.6,510.0
2018-06-10,46.300000000000004,392.09999999999997,462.6,440.7
2018-06-11,95.79999999999998,488.75000000000006,635.6500000000001,359.8
2018-06-12,98.8,528.3,679.6,353.80000000000007
2018-06-13,212.79999999999998,604.8,931.3000000000004,481.99999999999994
2018-06-14,49.599999999999994,334.50000000000006,410.79999999999995,459.4
2018-06-15,82.2,514.0,639.9000000000001,690.9
2018-06-16,23.0,246.2,281.5,320.35
2018-06-17,20.4,189.19999999999996,220.29999999999998,224.49999999999994
2018-06-18,54.2,266.1,349.2,412.5999999999999
2018-06-19,80.10000000000002,245.70000000000007,368.29999999999995,211.15
2018-06-20,98.4,292.4,443.40000000000003,338.1000000000001
2018-06-21,79.4,387.00000000000006,508.5,356.5000000000001
2018-06-22,93.1,468.7999999999999,611.6999999999999,627.2
2018-06-23,49.800000000000004,468.3999999999999,545.4,378.1
2018-06-24,41.699999999999996,462.8999999999999,526.4000000000001,404.40000000000003
2018-06-25,82.09999999999998,627.0000000000001,753.0,586.5999999999999
2018-06-26,206.09999999999997,905.1999999999999,1221.3000000000002,602.45
2018-06-27,104.80000000000001,567.3000000000001,728.0000000000001,530.0
2018-06-28,90.7,397.80000000000007,537.1999999999999,547.2
2018-06-29,88.6,438.4,573.7999999999997,468.6
2018-06-30,43.800000000000004,333.59999999999997,400.79999999999995,429.59999999999997
2018-07-01,50.89999999999999,504.5,582.1999999999999,558.5
2018-07-02,73.69999999999999,481.4,594.3000000000001,464.19999999999993
2018-07-03,83.60000000000001,443.9,572.2,425.50000000000006
2018-07-04,120.10000000000001,573.4,757.6000000000001,883.3999999999999
2018-07-05,82.80000000000001,632.2,759.3000000000002,791.2
2018-07-06,81.70000000000002,752.2,877.6999999999999,729.6999999999999
2018-07-07,47.0,668.6,740.9999999999998,718.3
2018-07-08,31.2,512.3,560.1,451.30000000000007
2018-07-09,82.0,656.4000000000003,782.2999999999997,497.00000000000006
2018-07-10,87.3,293.59999999999997,427.99999999999994,316.1000000000001
2018-07-11,75.30000000000001,343.29999999999995,458.4,386.1
2018-07-12,95.79999999999998,686.0000000000001,832.7,524.6999999999999
2018-07-13,127.39999999999999,752.6999999999999,948.1000000000001,586.7000000000002
2018-07-14,43.19999999999999,413.3,479.19999999999993,474.7
2018-07-15,42.999999999999986,530.8000000000001,597.0,364.2
2018-07-16,73.8,669.5999999999998,782.4,560.0
2018-07-17,69.2,337.2,443.70000000000005,623.0999999999999
2018-07-18,73.3,458.9,571.1,427.5999999999999
2018-07-19,93.99999999999999,758.0000000000001,902.1999999999998,507.90000000000003
2018-07-20,83.80000000000001,680.6,809.3,496.99999999999994
2018-07-21,33.59999999999999,517.0999999999999,568.3000000000001,512.6999999999999
2018-07-22,39.5,443.09999999999997,503.30000000000007,345.29999999999995
2018-07-23,92.7,442.7,585.0999999999999,600.1
2018-07-24,81.9,404.2,529.9000000000001,503.71999999999997
2018-07-25,87.10000000000001,599.5999999999999,733.5,769.6800000000001
2018-07-26,104.10000000000001,747.7999999999997,907.7000000000002,934.5
2018-07-27,64.40000000000002,574.5000000000001,673.4,616.6999999999999
2018-07-28,29.5,173.7,219.0,448.6
2018-07-29,26.199999999999996,157.59999999999997,197.39999999999995,176.09999999999994
2018-07-30,76.40000000000002,212.30000000000004,330.0,239.5
2018-07-31,43.1,273.0,338.50000000000006,255.9
2018-08-01,81.30000000000001,379.9,504.2999999999999,348.5999999999999
2018-08-02,58.0,438.49999999999994,527.5999999999999,347.6
2018-08-03,174.1,729.0,996.0,379.09999999999997
2018-08-04,52.8,383.0,463.9,310.5
2018-08-05,50.39999999999999,447.6,524.6999999999999,330.2
2018-08-06,67.8,543.2,647.1,485.1
2018-08-07,78.90000000000002,627.4999999999999,748.6999999999999,556.0999999999999
2018-08-08,62.60000000000001,288.6,384.5999999999999,349.1000000000001
2018-08-09,177.39999999999998,723.4000000000001,995.5,311.75000000000006
2018-08-10,103.4,501.2,659.9,220.79999999999998
2018-08-11,109.10000000000002,516.4,684.0000000000001,225.05000000000004
2018-08-12,28.299999999999997,240.9,284.50000000000006,196.10000000000002
2018-08-13,94.74999999999999,457.75,603.1500000000001,273.70000000000005
2018-08-14,114.6,461.70000000000005,637.7,334.25
2018-08-15,51.8,276.7,356.2000000000001,303.7
2018-08-16,72.60000000000001,394.70000000000005,506.3999999999999,253.20000000000005
2018-08-17,142.10000000000002,410.5,628.4000000000002,295.5999999999999
2018-08-18,25.8,237.50000000000003,276.6000000000001,277.6
2018-08-19,35.8,205.3,260.09999999999997,224.1
2018-08-20,104.7,413.6000000000001,573.8000000000001,224.60000000000002
2018-08-21,72.2,428.6,539.6,227.60000000000002
2018-08-22,101.10000000000002,465.90000000000003,620.8000000000001,263.9
2018-08-23,78.30000000000003,362.1,481.99999999999994,238.45000000000002
2018-08-24,80.05,398.84999999999997,521.55,290.25000000000006
2018-08-25,214.3,498.49999999999994,827.4999999999999,229.1
2018-08-26,117.39999999999996,445.4000000000001,625.3,213.24999999999997
2018-08-27,33.1,329.2,379.79999999999995,191.85000000000002
2018-08-28,75.2,548.6,664.0000000000001,219.2
2018-08-29,184.10000000000002,757.6000000000001,1039.6999999999998,337.3
2018-08-30,177.70000000000002,699.8,972.3,448.4000000000001
2018-08-31,253.39999999999998,814.1999999999999,1202.5,492.7
2018-09-01,248.39999999999998,703.3000000000001,1084.3,470.8
2018-09-02,165.79999999999995,814.8,1069.2,512.3
2018-09-03,250.3,1110.9,1494.5,646.5
2018-09-04,97.69999999999997,591.3,741.1,497.20000000000005
2018-09-05,66.39999999999999,525.4,627.4,457.7
2018-09-06,130.29999999999998,610.1,809.7,371.3
2018-09-07,71.6,571.4000000000001,681.3,269.05000000000007
2018-09-08,35.900000000000006,446.50000000000006,501.89999999999986,265.40000000000003
2018-09-09,23.1,346.2999999999999,381.59999999999997,229.79999999999995
2018-09-10,52.9,340.5,422.50000000000006,376.6
2018-09-11,40.8,274.99999999999994,337.6,356.49999999999994
2018-09-12,734.6,773.8999999999999,1900.2,269.45000000000005
2018-09-13,1097.8000000000002,936.6,2620.0000000000005,599.3000000000001
2018-09-14,76.0,624.4000000000001,741.0000000000001,280.8
2018-09-15,59.40000000000001,409.8000000000002,501.0000000000001,336.7000000000001
2018-09-16,28.800000000000004,316.40000000000003,360.79999999999995,304.0
2018-09-17,37.39999999999999,412.90000000000003,469.9999999999999,329.2
2018-09-18,28.1,207.10000000000002,250.3,418.8000000000001
2018-09-19,31.0,243.29999999999998,291.20000000000005,414.29999999999995
2018-09-20,30.7,174.3,221.39999999999995,460.0999999999999
2018-09-21,65.5,341.50000000000006,442.0,262.5
2018-09-22,83.2,646.1,773.9000000000001,262.3
2018-09-23,75.7,601.0,717.3000000000001,199.00000000000003
2018-09-24,1096.1999999999998,947.9999999999999,2628.3999999999996,365.5999999999999
2018-09-25,1297.0,952.4,2941.2000000000007,486.1000000000001
2018-09-26,326.69999999999993,1097.2,1597.9,446.0000000000001
2018-09-27,310.40000000000003,1079.0,1555.2000000000003,563.4000000000001
2018-09-28,86.80000000000001,532.9000000000001,666.5000000000001,382.1000000000001
2018-09-29,780.1999999999999,1202.6,2399.2999999999997,556.4000000000001
2018-09-30,235.20000000000002,718.9000000000001,1079.6,379.89999999999986
2018-10-01,133.90000000000003,643.9000000000001,849.3000000000001,255.85000000000002
2018-10-02,103.2,499.8999999999999,658.1,283.0
2018-10-03,434.2,765.4,1430.6,311.05
2018-10-04,139.6,474.9000000000001,688.5999999999999,348.5
2018-10-05,227.6,986.4000000000001,1335.4,620.8000000000001
2018-10-06,108.40000000000003,592.6999999999999,758.5,364.70000000000005
2018-10-07,175.0,688.8000000000001,957.3,262.55
2018-10-08,135.79999999999998,679.4999999999999,887.6,260.59999999999997
2018-10-09,426.00000000000006,855.9000000000002,1509.0,362.4
2018-10-10,999.5000000000001,1661.9,3194.4,1088.95
2018-10-11,76.40000000000002,437.5,554.8000000000001,410.4
2018-10-12,40.1,238.59999999999997,300.2,323.90000000000003
2018-10-13,22.300000000000004,225.9,259.8,306.5
2018-10-14,41.5,409.8,473.3,131.70000000000002
2018-10-15,147.39999999999998,801.1000000000001,1027.6,263.4
2018-10-16,108.70000000000002,513.4000000000001,680.1999999999999,457.40000000000003
2018-10-17,368.3,956.1999999999999,1520.7,337.4
2018-10-18,219.2,846.0,1182.3999999999999,426.80000000000007
2018-10-19,1649.2000000000003,1419.8999999999999,3948.8,668.0
2018-10-20,1419.8,1064.4,3241.5000000000005,729.7500000000001
2018-10-21,331.5,769.8000000000001,1277.8999999999999,619.1500000000001
2018-10-22,490.0,894.0,1645.7,465.3
2018-10-23,232.39999999999998,841.8000000000001,1198.1999999999998,418.6499999999999
2018-10-24,315.50000000000006,872.9000000000001,1356.0000000000002,416.45000000000005
2018-10-25,214.3,793.9000000000001,1122.7999999999997,419.8
2018-10-26,94.9,720.6,866.0,253.20000000000005
2018-10-27,75.7,514.5,630.6,184.5
2018-10-28,56.5,498.79999999999995,585.8,147.49999999999997
2018-10-29,165.69999999999996,853.6,1107.4999999999998,272.99999999999994
2018-10-30,161.3,711.6999999999999,958.5000000000002,298.1
2018-10-31,1120.1,1153.2999999999997,2870.3,514.5
2018-11-01,552.3000000000001,1123.1,1969.5000000000002,365.4000000000001
2018-11-02,1124.8,1211.1,2935.9,525.25
2018-11-03,91.7,716.8,857.5000000000001,428.6
2018-11-04,74.6,573.5,688.0,547.9
2018-11-05,1336.2999999999997,1223.1999999999998,3272.2,1132.45
2018-11-06,413.1,704.4,1337.6000000000001,561.9000000000001
2018-11-07,53.600000000000016,354.2,436.8,177.4
2018-11-08,109.60000000000002,632.0999999999999,800.2000000000003,377.84999999999997
2018-11-09,129.90000000000003,544.0999999999999,743.5000000000002,359.99999999999994
2018-11-10,50.0,498.59999999999997,575.2,455.5
2018-11-11,25.200000000000003,412.8,451.20000000000005,226.39999999999998
2018-11-12,74.9,521.0000000000001,636.0,259.65000000000003
2018-11-13,81.1,657.5999999999999,782.6,360.95000000000005
2018-11-14,215.1,750.2,1079.9,374.6
2018-11-15,847.0923076923077,1108.8923076923077,2408.4538461538464,615.75
2018-11-16,733.6576923076924,1168.4576923076922,2293.3961538461535,408.2999999999999
2018-11-17,333.3,1091.0,1601.8999999999999,647.5000000000001
2018-11-18,126.30000000000003,794.3,988.1,544.1999999999999
2018-11-19,79.5,543.2,665.0,229.90000000000003
2018-11-20,169.6,794.8,1054.5,338.2000000000001
2018-11-21,587.4000000000001,1020.6000000000001,1921.1000000000001,579.9
2018-11-22,2400.4000000000005,1433.4,5113.5,1291.8000000000004
2018-11-23,750.0999999999999,1256.0999999999997,2405.9999999999995,1010.6999999999999
2018-11-24,269.40000000000003,1003.0999999999999,1415.8999999999999,715.6999999999999
2018-11-25,127.99999999999999,714.3000000000001,910.8000000000001,543.3
2018-11-26,331.20000000000005,992.4,1500.6000000000001,419.9
2018-11-27,313.0,891.6,1371.9000000000003,434.0
2018-11-28,30.2,359.59999999999997,405.19999999999993,207.50000000000003
2018-11-29,19.9,262.3,292.50000000000006,242.55000000000004
2018-11-30,55.199999999999996,615.3000000000001,699.9000000000001,315.59999999999997
2018-12-01,25.799999999999997,397.7,436.7,178.89999999999998
2018-12-02,16.999999999999996,251.19999999999996,277.40000000000003,146.19999999999996
2018-12-03,85.90000000000002,660.6,792.5,332.6
2018-12-04,832.8,1277.3999999999996,2553.9999999999995,378.9
2018-12-05,143.2,738.7,958.0999999999999,258.09999999999997
2018-12-06,55.39999999999999,515.0999999999999,599.9000000000001,151.60000000000002
2018-12-07,63.199999999999996,436.49999999999994,533.7,211.45000000000002
2018-12-08,92.60000000000001,429.1000000000001,570.4,325.70000000000005
2018-12-09,41.50000000000001,475.40000000000003,540.0999999999999,215.19999999999993
2018-12-10,327.1,1175.7,1676.9,377.29999999999995
2018-12-11,1343.8999999999999,1313.5999999999997,3374.2999999999997,645.3000000000001
2018-12-12,120.0,849.6999999999999,1034.0,465.30000000000007
2018-12-13,370.00000000000006,1079.1,1646.2999999999997,524.3
2018-12-14,993.4999999999999,1175.8000000000002,2699.0,729.5999999999999
2018-12-15,64.1,542.1999999999999,640.7,433.40000000000003
2018-12-16,238.79999999999995,747.8000000000001,1114.1000000000004,276.0
2018-12-17,182.39999999999998,915.4,1195.3000000000002,324.5
2018-12-18,33.0,360.1,410.70000000000005,295.20000000000005
2018-12-19,45.6,552.2,621.9,159.6
2018-12-20,47.699999999999996,515.3,587.8000000000002,232.3
2018-12-21,29.1,396.6,440.6,388.90000000000003
2018-12-22,46.800000000000004,652.1,724.3000000000001,354.70000000000005
2018-12-23,52.20000000000001,563.4,643.7,177.30000000000004
2018-12-24,795.5000000000001,1152.4,2371.7,514.6
2018-12-25,1058.3000000000004,976.5,2598.7999999999997,583.3000000000001
2018-12-26,194.0,754.6,1051.9,436.9
2018-12-27,3409.7000000000003,1316.3999999999999,6544.800000000001,1113.3999999999999
2018-12-28,1457.6000000000006,1016.0999999999999,3250.9999999999995,776.9000000000001
2018-12-29,206.4,715.1999999999999,1031.8,333.79999999999995
2018-12-30,118.20000000000003,603.9,784.9000000000001,237.5
2018-12-31,39.899999999999984,429.0000000000001,490.49999999999994,214.1
2019-01-01,43.0,468.9,534.6,295.6
2019-01-02,82.6,795.3000000000001,922.3000000000002,406.0
2019-01-03,156.29999999999998,992.8,1232.0,408.19999999999993
2019-01-04,288.3999999999999,1177.1000000000001,1619.0000000000002,847.3000000000002
2019-01-05,130.39999999999998,927.0999999999999,1127.1000000000001,687.4
2019-01-06,97.80000000000001,880.8000000000001,1031.1,632.1
2019-01-07,115.29999999999998,766.9000000000001,943.4,397.4999999999999
2019-01-08,129.0,753.8,951.5,507.70000000000005
2019-01-09,163.3,922.7,1173.0,378.8
2019-01-10,719.0999999999999,1225.2,2327.7,797.6000000000001
2019-01-11,320.8,1109.9,1601.5,516.2
2019-01-12,46.000000000000014,516.9,586.7999999999998,192.2
2019-01-13,34.0,303.4,355.20000000000005,176.59999999999997
2019-01-14,96.6,765.7,913.9999999999999,361.8999999999999
2019-01-15,90.30000000000001,784.8,922.7,252.00000000000003
2019-01-16,51.699999999999996,559.1,638.7999999999998,168.10000000000002
2019-01-17,249.1,999.7,1382.3999999999996,355.49999999999994
2019-01-18,538.0000000000002,1036.7,1861.9000000000005,463.29999999999995
2019-01-19,124.5,670.8000000000001,861.4999999999999,497.65
2019-01-20,913.1999999999999,1231.0,2631.4000000000005,896.7
2019-01-21,1669.6999999999998,1167.6,3727.95,1042.6
2019-01-22,446.5,1149.3,1834.5000000000002,341.59999999999997
2019-01-23,825.5000000000002,1234.8000000000002,2500.7999999999997,516.2
2019-01-24,2003.3999999999994,1604.1000000000001,4675.999999999999,892.0999999999998
2019-01-25,362.7999999999999,1059.9999999999998,1616.1999999999998,520.9983263598326
2019-01-26,25.4,351.40000000000003,390.49999999999994,456.652719665272
2019-01-27,35.5,280.20000000000005,334.4,405.07782426778243
2019-01-28,325.70000000000005,954.3,1453.9,353.50292887029286
2019-01-29,337.1,1150.0999999999997,1667.5000000000002,301.9280334728033
2019-01-30,889.3,1305.4999999999998,2668.399999999999,250.35313807531378
2019-01-31,2107.0,1342.4,4572.800000000001,198.77824267782427
2019-02-01,137.4,817.9,1029.1,147.20334728033473
2019-02-02,115.19999999999999,659.8,836.4999999999999,95.6284518828452
2019-02-03,222.39999999999998,824.6000000000001,1165.5,44.05355648535566
2019-02-04,448.99999999999994,645.7,1334.2,16.007104431730852
2019-02-05,106.29999999999998,675.8,838.2999999999997,70.31020408163266
2019-02-06,161.4,747.2,994.5,131.6718367346939
2019-02-07,45.50000000000001,420.6,490.7,193.03346938775508
2019-02-08,20.2,228.8,259.8,254.3951020408163
2019-02-09,17.1,234.30000000000004,260.40000000000003,315.75673469387755
2019-02-10,27.0,423.79999999999995,465.00000000000006,377.1183673469387
2019-02-11,376.0,1159.0000000000002,1735.2000000000003,438.47999999999996
2019-02-12,318.90000000000003,1001.6999999999999,1490.8000000000002,499.84163265306125
2019-02-13,144.70000000000002,707.0,929.0000000000001,561.2032653061223
2019-02-14,1515.5000000000002,1382.2,3706.1000000000004,629.3057142857142
2019-02-15,1553.5,1344.4,3726.0,909.1999999999999
2019-02-16,338.6000000000001,850.1,1369.0999999999997,788.3
2019-02-17,53.9,484.6,567.2,686.1999999999999
2019-02-18,42.19999999999999,567.6999999999999,631.6,360.4999999999999
2019-02-19,107.8,625.8999999999999,790.5,373.7
2019-02-20,61.59999999999999,447.6,541.5,393.40000000000003
2019-02-21,48.19999999999999,608.0,682.0,568.5
2019-02-22,467.49999999999994,1050.0,1766.7,686.7
2019-02-23,493.3,1066.2,1822.7000000000003,812.2000000000002
2019-02-24,1965.4999999999998,1635.2,4649.1,1106.3000000000002
2019-02-25,2338.0000000000005,2080.2,5665.500000000001,1242.6000000000001
2019-02-26,2947.4999999999995,2145.0,6664.299999999999,1382.4000000000005
2019-02-27,2466.0,1872.0,5653.099999999999,1567.1000000000001
2019-02-28,106.79999999999998,823.3,987.0999999999999,780.8999999999997
2019-03-01,81.19999999999999,777.5,901.9000000000001,622.7
2019-03-02,43.0,326.6,392.4,340.7
2019-03-03,11.6,175.09999999999997,192.90000000000003,205.25
2019-03-04,65.6,440.1000000000001,540.1,237.00000000000003
2019-03-05,70.75000000000001,434.6,542.6999999999999,233.95000000000002
2019-03-06,28.0,260.4,303.8999999999999,317.9
2019-03-07,34.400000000000006,335.0,387.9999999999999,209.70000000000002
2019-03-08,115.50000000000001,565.2,741.8000000000001,235.70000000000005
2019-03-09,21.1,323.6,356.0,449.0
2019-03-10,29.199999999999996,370.4000000000001,415.5,150.90000000000003
2019-03-11,38.49999999999999,353.5,412.7,298.1
2019-03-12,28.1,355.09999999999997,398.1000000000001,207.10000000000005
2019-03-13,29.100000000000005,323.69999999999993,368.6,342.59999999999997
2019-03-14,41.3,410.2,473.19999999999993,252.79999999999998
2019-03-15,28.5,277.20000000000005,321.20000000000005,120.40000000000002
2019-03-16,13.799999999999999,173.2,194.29999999999998,219.19999999999993
2019-03-17,21.799999999999997,297.3,330.79999999999995,129.65
2019-03-18,105.6,827.4000000000001,989.4000000000001,313.20000000000005
2019-03-19,149.9,735.9999999999999,965.9000000000001,390.10000000000014
2019-03-20,53.300000000000004,539.8000000000001,621.7000000000002,268.59999999999997
2019-03-21,108.9,673.6,840.4,347.0
2019-03-22,40.99999999999999,490.69999999999993,553.0999999999999,362.0
2019-03-23,67.89999999999999,732.7000000000002,836.8,493.40000000000003
2019-03-24,162.70000000000002,816.4000000000002,1065.7999999999997,473.5
2019-03-25,105.60000000000002,650.6999999999999,812.3,426.0999999999999
2019-03-26,488.70000000000005,1251.5,2000.9999999999995,637.95
2019-03-27,537.0,1244.0,2067.0,527.5999999999999
2019-03-28,466.59999999999985,1310.1000000000001,2025.4999999999998,713.5000000000002
2019-03-29,484.1,1130.9999999999998,1873.2,900.1000000000001
2019-03-30,1540.0999999999997,1205.2,3566.499999999999,1302.8000000000002
2019-03-31,42.300000000000004,367.2,431.7999999999999,760.6
2019-04-01,114.50000000000001,725.8999999999999,901.7,603.3
2019-04-02,123.80000000000001,882.7,1072.0,598.0
2019-04-03,228.60000000000002,854.5000000000001,1204.7,360.1
2019-04-04,44.9,423.1,491.7000000000001,226.59999999999997
2019-04-05,59.300000000000004,544.5,635.1999999999999,402.8
2019-04-06,59.40000000000001,465.6000000000001,556.1999999999999,479.4000000000001
2019-04-07,81.0,485.6000000000001,610.1999999999999,1104.5
2019-04-08,299.4,958.4,1418.2,1124.8999999999999
2019-04-09,167.7,733.0,990.1,936.0000000000001
2019-04-10,54.50000000000001,361.4,444.9000000000001,486.40000000000003
2019-04-11,91.25,611.9499999999999,752.0500000000001,411.90000000000003
2019-04-12,89.40000000000002,712.4,849.8000000000001,413.7
2019-04-13,89.8,676.7000000000002,814.3999999999999,403.8999999999999
2019-04-14,73.1,626.6,738.7999999999997,540.1999999999999
2019-04-15,90.1,781.4999999999998,919.1000000000001,966.6000000000001
2019-04-16,371.80000000000007,1409.6000000000001,1979.6,1399.7999999999997
2019-04-17,360.29999999999995,1141.3,1693.6,1477.1
2019-04-18,182.69999999999996,941.9,1221.7,1354.6000000000004
2019-04-19,160.89999999999998,1141.2000000000003,1388.1000000000004,913.7
2019-04-20,55.50000000000001,843.4999999999999,928.5,860.1999999999999
2019-04-21,166.8,1096.4,1352.1000000000001,946.5999999999999
2019-04-22,74.6,1088.7,1203.4,1297.1999999999998
2019-04-23,207.79999999999998,1252.8999999999999,1571.3999999999999,1049.6000000000001
2019-04-24,91.70000000000002,631.7000000000002,772.4,791.5000000000001
2019-04-25,32.300000000000004,212.5,262.0,252.40000000000003
2019-04-26,43.20000000000001,250.50000000000006,316.09999999999997,281.2
2019-04-27,18.900000000000002,145.6,174.40000000000003,391.99999999999994
2019-04-28,34.699999999999996,329.3,382.40000000000003,259.9
2019-04-29,125.30000000000001,750.4000000000001,942.4000000000001,457.20000000000005
2019-04-30,226.29999999999998,864.7999999999998,1211.3999999999999,682.5
2019-05-01,79.7,596.4000000000001,719.0,592.8999999999999
2019-05-02,67.9,469.59999999999997,573.8000000000001,327.2
2019-05-03,136.0,744.0,952.5999999999999,357.9000000000001
2019-05-04,56.0,302.9,388.2999999999999,321.7
2019-05-05,33.49999999999999,335.7,386.9000000000001,384.6000000000001
2019-05-06,28.3,307.2,350.69999999999993,253.70000000000002
2019-05-07,48.3,342.90000000000003,416.8999999999999,399.40000000000003
2019-05-08,203.8,525.9,838.4,332.8
2019-05-09,525.0999999999998,1373.6999999999998,2178.6000000000004,516.1500000000001
2019-05-10,244.90000000000003,882.2500000000001,1257.7,510.4000000000001
2019-05-11,104.90000000000002,646.1999999999999,807.5,442.9
2019-05-12,148.00000000000003,591.1000000000001,818.0000000000001,437.00000000000006
2019-05-13,192.79999999999998,719.4000000000001,1014.5999999999999,362.9500000000001
2019-05-14,105.40000000000002,478.9,640.5000000000001,432.8999999999999
2019-05-15,101.99999999999997,676.4000000000001,832.8999999999999,710.5999999999999
2019-05-16,94.80000000000001,459.20000000000005,604.4,582.6
2019-05-17,73.99999999999997,538.4,651.9,476.85
2019-05-18,199.70000000000002,858.8,1165.5,576.7
2019-05-19,312.6,814.0,1293.2000000000005,505.05000000000007
2019-05-20,100.6,746.1999999999999,900.6,496.2
2019-05-21,73.9,516.6999999999998,629.5999999999999,353.95000000000005
2019-05-22,68.39999999999996,559.2999999999998,664.1,328.35
2019-05-23,45.80000000000001,405.7,476.2,320.49999999999994
2019-05-24,69.5,536.6999999999999,642.8000000000002,368.40000000000003
2019-05-25,31.900000000000002,285.7999999999999,335.2,192.15
2019-05-26,26.20000000000001,231.29999999999998,271.5,233.4
2019-05-27,27.800000000000004,271.80000000000007,314.69999999999993,257.0
2019-05-28,71.70000000000002,406.8,517.0,180.8
2019-05-29,71.19999999999999,386.90000000000003,495.6000000000001,269.5
2019-05-30,59.79999999999999,259.20000000000005,350.99999999999994,273.8
2019-05-31,58.89999999999999,266.70000000000005,356.9,194.00000000000003
2019-06-01,35.25,271.7,325.55,257.65
2019-06-02,22.3,228.49999999999997,262.70000000000005,307.40000000000003
2019-06-03,45.80000000000002,245.40000000000003,315.6000000000001,376.1
2019-06-04,123.70000000000005,557.6,747.3,378.50000000000006
2019-06-05,42.7,272.1,337.1,243.8
2019-06-06,47.699999999999996,303.69999999999993,376.79999999999995,251.6
2019-06-07,119.49999999999999,702.7000000000002,885.7000000000002,290.0
2019-06-08,25.7,224.60000000000005,264.0,219.89999999999998
2019-06-09,36.29999999999999,315.79999999999995,371.5,229.09999999999997
2019-06-10,77.60000000000001,661.5,780.6999999999999,202.90000000000003
2019-06-11,105.10000000000002,459.20000000000005,620.8000000000001,204.4
2019-06-12,118.39999999999998,604.8,786.1000000000003,206.49999999999997
2019-06-13,85.69999999999999,360.80000000000007,492.1,217.7
2019-06-14,40.99999999999999,254.19999999999996,316.69999999999993,222.20000000000005
2019-06-15,22.799999999999997,225.2,259.99999999999994,198.80000000000004
2019-06-16,17.300000000000004,165.6,192.39999999999998,224.89999999999998
2019-06-17,44.10000000000001,243.09999999999994,310.70000000000005,253.70000000000005
2019-06-18,592.8999999999999,958.75,1867.6,479.1000000000001
2019-06-19,107.6,734.8000000000002,899.6000000000001,445.40000000000003
2019-06-20,67.89999999999999,397.4,501.7,367.69999999999993
2019-06-21,67.09999999999997,402.3999999999999,504.90000000000003,285.5
2019-06-22,39.4,409.7,470.1,274.59999999999997
2019-06-23,48.60000000000001,583.0999999999999,657.9,696.6999999999998
2019-06-24,81.30000000000001,646.9000000000001,771.3,707.2000000000002
2019-06-25,106.89999999999999,599.3999999999997,763.3,558.3
2019-06-26,47.199999999999996,257.1,329.3,351.70000000000005
2019-06-27,59.199999999999996,254.4,345.3000000000001,386.79999999999995
2019-06-28,87.6,473.2,607.6999999999999,620.3999999999999
2019-06-29,80.80000000000001,557.4000000000001,681.1,665.4000000000001
2019-06-30,20.900000000000002,190.60000000000002,222.5,321.4
2019-07-01,122.7,281.3,469.7,365.59999999999997
2019-07-02,91.20000000000002,408.90000000000003,548.4,573.1999999999999
2019-07-03,101.64999999999999,570.1,726.0500000000001,420.9
2019-07-04,117.00000000000001,716.1000000000001,895.3,398.1000000000001
2019-07-05,53.4,567.5,649.9,445.1
2019-07-06,67.69999999999999,427.40000000000003,531.0999999999999,245.89999999999995
2019-07-07,55.3,343.5,428.59999999999997,302.90000000000003
2019-07-08,48.9,363.59999999999997,438.3000000000001,297.20000000000005
2019-07-09,44.699999999999996,371.20000000000005,440.1,387.49999999999994
2019-07-10,74.10000000000002,397.5999999999999,510.90000000000003,409.4
2019-07-11,65.50000000000001,451.49999999999994,552.3,336.1000000000001
2019-07-12,62.30000000000001,282.20000000000005,378.2,292.5
2019-07-13,52.199999999999996,311.8,391.50000000000006,254.915
2019-07-14,64.99999999999999,364.99999999999994,464.20000000000005,273.78999999999996
2019-07-15,61.6,369.30000000000007,463.70000000000005,259.86999999999995
2019-07-16,53.199999999999996,385.70000000000005,467.1,245.95000000000002
2019-07-17,37.599999999999994,332.99999999999994,391.1,232.02999999999997
2019-07-18,110.39999999999999,416.90000000000003,585.8999999999999,255.795
2019-07-19,120.7,363.1000000000001,547.4,258.70000000000005
2019-07-20,26.700000000000003,176.0,217.19999999999996,200.79999999999998
2019-07-21,35.599999999999994,202.09999999999997,256.90000000000003,191.1
2019-07-22,71.4,241.1,350.8999999999999,301.00000000000006
2019-07-23,118.00000000000001,557.8000000000001,738.4000000000001,506.69999999999993
2019-07-24,102.49999999999999,721.4000000000002,878.9999999999998,539.2
2019-07-25,197.00000000000006,791.0,1092.8000000000002,732.5000000000001
2019-07-26,105.59999999999997,486.7,648.6999999999998,417.99999999999994
2019-07-27,72.00000000000001,371.7,481.69999999999993,240.49999999999997
2019-07-28,27.000000000000004,278.70000000000005,320.79999999999995,237.20000000000002
2019-07-29,48.89999999999999,290.6,365.9,288.4
2019-07-30,33.50000000000001,208.89999999999998,259.70000000000005,328.99999999999994
2019-07-31,68.1,303.9000000000001,407.90000000000003,236.90000000000006
2019-08-01,77.6,390.29999999999995,509.2,325.0
2019-08-02,63.4,421.6000000000001,518.9000000000001,416.69999999999993
2019-08-03,49.000000000000014,380.4999999999999,455.3,322.30000000000007
2019-08-04,28.5,302.20000000000005,346.1,360.9000000000001
2019-08-05,39.59999999999999,215.30000000000004,275.70000000000005,288.0
2019-08-06,31.799999999999997,156.49999999999997,205.29999999999995,319.2
2019-08-07,43.89999999999999,241.7,309.0,260.7
2019-08-08,61.400000000000006,273.70000000000005,368.0999999999999,236.3
2019-08-09,28.999999999999996,170.9,215.59999999999994,291.1
2019-08-10,11.7,72.39999999999999,90.80000000000001,434.99999999999994
2019-08-11,13.400000000000002,116.1,136.00000000000003,327.09999999999997
2019-08-12,87.3,509.09999999999997,642.9,271.59999999999997
2019-08-13,68.00000000000003,342.7,446.99999999999994,247.29999999999995
2019-08-14,44.8,278.90000000000003,347.5,161.7
2019-08-15,57.499999999999986,346.40000000000003,434.70000000000005,251.39999999999998
2019-08-16,43.2,228.60000000000002,295.09999999999997,205.49999999999997
2019-08-17,21.7,133.7,167.0,274.3
2019-08-18,19.3,157.5,187.19999999999996,248.29999999999995
2019-08-19,53.10000000000001,323.49999999999994,404.50000000000006,295.1
2019-08-20,56.0,469.6,555.8,336.95
2019-08-21,54.25,320.84999999999997,403.80000000000007,361.25000000000006
2019-08-22,44.60000000000001,257.9,326.29999999999995,328.1
2019-08-23,88.1,440.90000000000003,576.1,345.90000000000003
2019-08-24,371.7000000000001,1087.9999999999998,1657.9,754.9
2019-08-25,175.39999999999998,1065.8,1334.5,926.9999999999998
2019-08-26,205.90000000000003,957.9000000000001,1273.5000000000002,681.4000000000001
2019-08-27,333.49999999999994,1060.3000000000002,1571.3999999999999,749.4999999999999
2019-08-28,58.099999999999994,308.4000000000001,397.20000000000005,271.9
2019-08-29,61.800000000000004,282.0,376.90000000000003,229.0
2019-08-30,43.10000000000001,230.59999999999997,296.7,318.99999999999994
2019-08-31,54.40000000000001,368.7,452.50000000000006,266.09999999999997
2019-09-01,40.2,387.00000000000006,448.8,222.39999999999998
2019-09-02,81.1,426.80000000000007,550.9999999999999,317.9
2019-09-03,50.79999999999999,286.50000000000006,364.2,236.29999999999995
2019-09-04,53.0,219.6,300.8999999999999,199.40000000000003
2019-09-05,86.60000000000001,519.0,651.6999999999999,272.2
2019-09-06,95.9,589.5000000000001,736.6999999999998,308.80000000000007
2019-09-07,61.499999999999986,384.1,477.9000000000001,263.90000000000003
2019-09-08,137.1,580.6999999999998,790.9000000000001,312.09999999999997
2019-09-09,47.800000000000004,499.8,573.6,275.79999999999995
2019-09-10,294.4000000000001,696.7,1147.6000000000001,390.6
2019-09-11,57.7,333.09999999999997,421.59999999999997,195.45
2019-09-12,83.2,310.1000000000001,437.59999999999997,252.60000000000002
2019-09-13,91.39999999999998,442.29999999999995,583.0,325.9
2019-09-14,234.0,971.8999999999999,1331.1,435.00000000000006
2019-09-15,114.79999999999998,688.8999999999999,864.8000000000002,342.8000000000001
2019-09-16,150.1,524.1000000000001,754.5999999999998,378.9999999999999
2019-09-17,90.9,478.59999999999997,617.8000000000001,353.40000000000003
2019-09-18,167.60000000000002,744.3,1001.3999999999997,482.70000000000005
2019-09-19,767.4000000000001,902.9000000000001,2079.3999999999996,525.0999999999999
2019-09-20,360.2999999999999,961.3999999999997,1513.5000000000002,655.9
2019-09-21,132.79999999999998,1205.2,1409.1,680.6
2019-09-22,30.999999999999993,569.9000000000001,617.4,323.6
2019-09-23,55.39999999999999,273.09999999999997,357.4,233.45
2019-09-24,58.5,336.7000000000001,425.99999999999994,203.4
2019-09-25,89.8,335.79999999999995,473.7,149.05
2019-09-26,72.00000000000001,318.99999999999994,429.5,273.4
2019-09-27,55.99999999999999,304.6,390.8,369.9499999999999
2019-09-28,20.900000000000006,290.7,322.8,217.40000000000003
2019-09-29,22.799999999999994,210.09999999999997,245.20000000000002,140.40000000000003
2019-09-30,119.00000000000004,511.50000000000006,693.9,209.79999999999998
2019-10-01,72.99999999999999,427.2,539.5,218.39999999999998
2019-10-02,303.2,859.6999999999999,1324.8999999999999,236.75
2019-10-03,634.1999999999999,695.2,1667.5,392.0
2019-10-04,303.2,725.8,1191.0,508.00000000000006
2019-10-05,108.5,772.8,939.1999999999999,327.3
2019-10-06,45.00000000000001,384.99999999999994,453.90000000000003,229.79999999999998
2019-10-07,274.1000000000001,629.4,1049.5999999999997,203.09999999999997
2019-10-08,87.39999999999998,424.1,558.5,379.0
2019-10-09,73.89999999999998,434.90000000000015,548.1999999999998,218.95000000000002
2019-10-10,83.10000000000002,360.6,487.70000000000005,306.9
2019-10-11,38.50000000000001,294.2,353.30000000000007,198.14999999999998
2019-10-12,54.50000000000001,575.5,659.1999999999998,166.70000000000002
2019-10-13,28.199999999999996,489.40000000000003,531.9,192.90000000000003
2019-10-14,208.00000000000003,911.1999999999999,1230.1999999999998,300.2
2019-10-15,88.69999999999999,505.5,641.4999999999998,175.95
2019-10-16,235.1,722.4999999999999,1082.8,287.90000000000003
2019-10-17,117.19999999999999,621.0,801.0999999999999,241.0
2019-10-18,55.0,334.90000000000003,418.80000000000007,265.65
2019-10-19,106.10000000000001,572.7,735.0,248.80000000000004
2019-10-20,385.49999999999994,605.9,1197.4,384.9499999999999
2019-10-21,82.89999999999999,579.1,705.8,296.59999999999997
2019-10-22,873.2000000000003,970.4,2309.9000000000005,399.2
2019-10-23,1635.2999999999997,1391.5,3898.2000000000003,831.6999999999999
2019-10-24,629.55,1002.3000000000001,1967.65,696.2999999999998
2019-10-25,101.8,358.80000000000007,515.2,269.2
2019-10-26,20.900000000000002,281.50000000000006,313.70000000000005,276.75
2019-10-27,480.9,833.4999999999999,1571.1,745.8499999999999
2019-10-28,1284.7000000000003,1051.3999999999999,3021.4,1318.5500000000002
2019-10-29,88.89999999999999,789.9000000000001,925.6,316.45
2019-10-30,163.2,978.3,1228.3000000000002,544.1
2019-10-31,329.40000000000003,1012.3000000000001,1517.1,808.8999999999999
2019-11-01,166.8,639.0000000000001,895.0000000000001,296.8
2019-11-02,19.1,177.8,206.9,295.4
2019-11-03,159.10000000000005,604.0,848.1000000000001,358.8
2019-11-04,631.0,890.4999999999999,1857.8999999999999,369.4
2019-11-05,247.6,818.8000000000002,1198.2000000000003,380.90000000000003
2019-11-06,377.79999999999995,974.6999999999999,1554.1999999999998,645.5
2019-11-07,355.8,820.4000000000002,1365.6000000000001,394.90000000000003
2019-11-08,1447.9000000000003,1067.6,3288.1000000000004,516.8000000000001
2019-11-09,232.59999999999997,889.9000000000001,1246.3000000000002,355.05
2019-11-10,589.6999999999999,896.0999999999998,1800.4,485.5499999999999
2019-11-11,89.30000000000001,619.6,756.2,313.9
2019-11-12,101.19999999999999,633.7,789.0,276.40000000000003
2019-11-13,296.70000000000005,966.1,1421.1,300.99999999999994
2019-11-14,157.8,939.4,1181.4999999999998,201.09999999999997
2019-11-15,160.4,746.2000000000002,992.1,435.7
2019-11-16,530.0,1011.5999999999999,1824.3,516.7
2019-11-17,1784.7,1148.6999999999998,3885.6,754.5
2019-11-18,504.20000000000005,1016.6000000000001,1789.6000000000001,358.8
2019-11-19,1640.7,1440.5999999999997,3956.5999999999995,779.6999999999999
2019-11-20,209.69999999999996,953.2,1274.9,420.6000000000001
2019-11-21,351.20000000000005,966.5,1505.0000000000002,651.7
2019-11-22,154.6,973.0,1210.4999999999998,284.35
2019-11-23,359.29999999999995,1138.8,1689.9,454.20000000000005
2019-11-24,926.9,777.7999999999997,2199.1,495.20000000000005
2019-11-25,81.2,632.9,758.2,213.55
2019-11-26,44.800000000000004,459.29999999999995,528.0,219.89999999999995
2019-11-27,100.9,797.1999999999998,951.7,254.79999999999998
2019-11-28,199.49999999999997,687.6,993.2999999999997,308.59999999999997
2019-11-29,1253.5,1268.3,3190.7000000000003,554.3
2019-11-30,1021.8000000000001,1479.8999999999999,3046.7000000000003,590.0
2019-12-01,125.89999999999999,864.1000000000001,1057.6,260.5
2019-12-02,1023.8,1423.6999999999998,2993.5,599.0000000000001
2019-12-03,840.2,1360.1,2648.9,473.8
2019-12-04,2923.1,1603.0000000000002,6085.3,819.1000000000001
2019-12-05,1099.3999999999996,932.4999999999999,2619.1000000000004,556.0
2019-12-06,59.900000000000006,464.3,556.3,154.15
2019-12-07,38.000000000000014,434.29999999999995,492.4000000000001,228.10000000000002
2019-12-08,16.599999999999998,207.39999999999998,232.70000000000002,289.4
2019-12-09,258.4,722.3,1118.3999999999999,339.6
2019-12-10,85.29999999999998,539.0999999999999,669.9000000000001,290.40000000000003
2019-12-11,140.50000000000003,890.6999999999999,1106.2,270.79999999999995
2019-12-12,59.400000000000006,682.7,773.8,192.99999999999997
2019-12-13,61.599999999999994,493.29999999999995,587.7,272.15000000000003
2019-12-14,24.099999999999998,410.6,447.5,403.09999999999997
2019-12-15,22.500000000000004,263.0,297.5,232.3
2019-12-16,223.99999999999997,1000.5000000000001,1344.6,256.2
2019-12-17,310.00000000000006,1288.7,1764.0999999999995,324.0
2019-12-18,679.4999999999999,911.7000000000002,1953.6999999999998,361.94999999999993
2019-12-19,37.7,330.1,388.1,427.4
2019-12-20,164.20000000000002,820.8,1072.4,130.1
2019-12-21,32.6,371.3,421.5,180.29999999999995
2019-12-22,33.5,528.8,580.2,244.40000000000006
2019-12-23,46.5,607.1999999999999,678.6999999999999,367.8
2019-12-24,25.500000000000004,403.00000000000006,442.40000000000003,318.6
2019-12-25,590.9,745.1000000000001,1650.6999999999998,384.40000000000003
2019-12-26,37.9,567.3000000000001,625.2,282.07
2019-12-27,346.8,764.2000000000002,1296.0000000000002,390.38
2019-12-28,154.20000000000002,648.5999999999998,885.6000000000001,437.29999999999995
2019-12-29,67.9,502.79999999999995,606.6999999999999,424.05
2019-12-30,216.80000000000004,736.9,1069.3999999999999,533.0999999999999
2019-12-31,308.8,960.5999999999998,1433.9,715.7
2020-01-01,268.79999999999995,917.8,1330.1,892.6999999999999
2020-01-02,25.500000000000004,316.5,356.0,257.7
2020-01-03,61.99999999999999,600.6,695.8000000000002,262.2
2020-01-04,44.1,742.3,809.9,323.09999999999997
2020-01-05,24.3,395.09999999999997,432.29999999999995,155.3
2020-01-06,33.2,444.9,495.5,316.2
2020-01-07,45.50000000000001,439.90000000000003,509.49999999999994,333.79999999999995
2020-01-08,102.89999999999999,712.0999999999999,869.6,565.1999999999999
2020-01-09,35.50000000000001,350.09999999999997,404.3,157.5
2020-01-10,79.09999999999998,730.7,852.1000000000003,241.3
2020-01-11,14.9,211.5,234.0,346.99999999999994
2020-01-12,18.700000000000003,329.69999999999993,358.29999999999995,204.25
2020-01-13,30.199999999999996,308.50000000000006,354.59999999999997,237.0
2020-01-14,23.949999999999996,248.25000000000003,284.9500000000001,215.9
2020-01-15,61.4,549.9,643.6999999999998,247.90000000000003
2020-01-16,37.4,389.4,447.09999999999997,296.9
2020-01-17,46.1,542.3,613.0999999999999,174.3674418604652
2020-01-18,232.5,1083.3000000000002,1439.9000000000003,183.5282392026578
2020-01-19,846.9,1261.5,2560.1,210.1275747508305
2020-01-20,2130.0,1587.4,4853.299999999999,236.7269102990033
2020-01-21,2361.5000000000005,1564.7999999999997,5185.699999999999,263.32624584717615
2020-01-22,1715.6000000000001,1289.6999999999998,3920.7,289.92558139534873
2020-01-23,196.7,1024.7000000000003,1326.3999999999999,316.5249169435215
2020-01-24,376.70000000000005,1111.3,1688.8999999999999,343.1242524916945
2020-01-25,51.60000000000001,577.6,657.1,369.7235880398669
2020-01-26,23.1,358.4,394.2,396.32292358803977
2020-01-27,155.70000000000005,685.9,924.7,422.9222591362129
2020-01-28,81.0,607.5,731.7,449.5215946843852
2020-01-29,73.10000000000001,577.55,689.45,456.3584717607973
2020-01-30,138.6,532.0999999999999,744.5999999999998,204.80000000000004
2020-01-31,35.60000000000001,301.30000000000007,355.7000000000001,72.7
2020-02-01,17.6,274.8,301.9,339.0000000000001
2020-02-02,19.9,324.1000000000001,354.2,370.2
2020-02-03,54.900000000000006,493.20000000000005,577.5,407.4
2020-02-04,68.49999999999999,569.1999999999999,674.9000000000001,322.20000000000005
2020-02-05,840.3,1349.8999999999996,2637.7999999999997,710.7999999999998
2020-02-06,1462.8,1459.7,3703.0999999999995,772.3
2020-02-07,277.3,868.4999999999999,1292.8999999999999,797.0
2020-02-08,23.499999999999996,315.99999999999994,352.90000000000003,384.90000000000003
2020-02-09,8.6,115.4,128.6,257.2
2020-02-10,34.699999999999996,341.59999999999997,394.70000000000005,262.44999999999993
2020-02-11,36.800000000000004,371.4,427.99999999999994,343.6
2020-02-12,63.89999999999999,576.6,674.3,305.0
2020-02-13,53.1,499.19999999999993,580.9000000000001,170.84999999999997
2020-02-14,219.5,675.3000000000001,1011.75,203.88000000000005
2020-02-15,16.000000000000004,121.69999999999999,146.2,132.61999999999998
2020-02-16,10.399999999999999,162.7,179.00000000000003,98.45
2020-02-17,40.599999999999994,301.4,363.59999999999997,354.1
2020-02-18,50.20000000000001,345.9,423.1,266.8
2020-02-19,65.8,513.9999999999999,615.1999999999999,319.2
2020-02-20,28.400000000000002,366.2,409.4,158.3
2020-02-21,30.099999999999998,306.00000000000006,351.9000000000001,452.60000000000014
2020-02-22,13.8,192.4,213.5,430.44999999999993
2020-02-23,29.500000000000004,373.4,418.9,167.20000000000002
2020-02-24,31.900000000000002,342.4,391.5,126.89999999999999
2020-02-25,42.7,423.7000000000001,488.70000000000005,215.49999999999997
2020-02-26,58.900000000000006,560.5999999999999,651.3,245.5
2020-02-27,107.80000000000001,747.9000000000001,913.0999999999999,223.50000000000003
2020-02-28,49.400000000000006,549.1,624.8999999999999,221.4
2020-02-29,22.799999999999997,210.0,245.19999999999996,389.79999999999995
2020-03-01,17.5,238.8,266.0,247.9
2020-03-02,95.89999999999999,658.0,805.6999999999999,190.89999999999998
2020-03-03,113.39999999999999,827.5000000000001,1001.4,357.9
2020-03-04,196.20000000000005,1016.7999999999996,1317.7000000000003,356.6
2020-03-05,92.1,561.1000000000001,702.4,324.70000000000005
2020-03-06,514.9,1059.6999999999998,1849.2,551.7
2020-03-07,175.49999999999997,583.3000000000001,852.1999999999999,555.2
2020-03-08,16.799999999999997,225.5,251.4,257.6
2020-03-09,57.69999999999999,412.50000000000006,500.7,283.29999999999995
2020-03-10,48.1,294.0,367.5000000000001,59.699999999999996
2020-03-11,36.99999999999999,288.99999999999994,345.0,225.20000000000002
2020-03-12,41.89999999999999,276.1,340.5,612.1999999999997
2020-03-13,45.2,400.1,469.09999999999997,392.59999999999997
2020-03-14,22.300000000000004,229.6,263.90000000000003,237.8
2020-03-15,21.500000000000004,355.2,388.2,186.6
2020-03-16,102.09999999999997,734.0,890.0999999999999,328.29999999999995
2020-03-17,37.300000000000004,340.2,397.8,394.1
2020-03-18,30.500000000000004,316.79999999999995,363.4,346.90000000000003
2020-03-19,76.60000000000001,580.8000000000001,698.4000000000001,373.6000000000001
2020-03-20,46.699999999999996,327.0,398.6999999999999,298.20000000000005
2020-03-21,44.60000000000001,347.7,415.8999999999999,398.99999999999994
2020-03-22,48.2,414.4,488.6,466.90000000000003
2020-03-23,110.6,774.1999999999998,944.5999999999999,514.7
2020-03-24,48.599999999999994,607.4,681.3,494.40000000000003
2020-03-25,601.8999999999999,1064.4,1987.3,696.7
2020-03-26,104.60000000000001,774.1000000000001,934.2,923.55
2020-03-27,39.6,480.50000000000006,541.8,951.6999999999999
2020-03-28,19.000000000000004,194.00000000000003,223.30000000000004,571.0
2020-03-29,16.1,158.39999999999998,182.99999999999997,400.45
2020-03-30,41.99999999999999,288.49999999999994,352.6,289.5
2020-03-31,49.79999999999999,389.6,465.49999999999994,354.30000000000007
2020-04-01,121.4,788.1999999999998,974.3,493.09999999999997
2020-04-02,28.799999999999997,369.6,413.8,313.1
2020-04-03,62.400000000000006,570.4000000000001,666.4,363.59999999999997
2020-04-04,35.2,417.1,470.9,362.6000000000001
2020-04-05,18.2,252.20000000000005,279.70000000000005,368.20000000000005
2020-04-06,18.8,306.0,334.7999999999999,300.8
2020-04-07,169.19999999999996,877.6999999999999,1137.5,562.9000000000001
2020-04-08,86.00000000000001,1054.8,1186.6,1205.3000000000002
2020-04-09,140.4,937.7000000000002,1152.9,1322.6999999999998
2020-04-10,70.8,799.3000000000001,907.6999999999999,1066.7
2020-04-11,106.29999999999998,729.8000000000001,892.8,800.6000000000001
2020-04-12,18.500000000000004,292.3,320.80000000000007,664.7
2020-04-13,16.8,133.2,158.80000000000004,431.3500000000001
2020-04-14,33.3,294.4,345.5,376.05
2020-04-15,62.599999999999994,655.1,751.3000000000001,681.1
2020-04-16,116.9,929.9999999999998,1109.3000000000002,1275.4
2020-04-17,35.7,291.79999999999995,347.0,510.69999999999993
2020-04-18,42.199999999999996,429.9,494.4,618.8
2020-04-19,25.2,306.2,344.9,498.4000000000001
2020-04-20,30.100000000000005,284.2,330.50000000000006,632.9
2020-04-21,32.50000000000001,312.7,362.8,746.3
2020-04-22,46.60000000000001,404.20000000000005,475.59999999999997,754.8499999999998
2020-04-23,52.69999999999999,539.5,620.4,822.5
2020-04-24,52.699999999999996,554.9000000000001,635.8999999999999,756.4999999999999
2020-04-25,34.599999999999994,359.80000000000007,413.1000000000001,452.40000000000003
2020-04-26,15.100000000000001,223.50000000000006,246.8,377.79999999999995
2020-04-27,58.10000000000001,433.8,522.6999999999999,620.95
2020-04-28,36.8,351.20000000000005,407.99999999999994,188.50000000000003
2020-04-29,30.099999999999998,286.3,332.5000000000001,244.10000000000002
2020-04-30,29.000000000000004,198.29999999999998,242.30000000000004,251.3
2020-05-01,35.7,216.40000000000003,270.99999999999994,231.89999999999995
2020-05-02,18.3,252.60000000000002,280.9,191.6
2020-05-03,31.000000000000007,330.3,378.09999999999997,331.0999999999999
2020-05-04,34.9,293.09999999999997,347.0,366.45000000000005
2020-05-05,35.300000000000004,240.99999999999997,295.29999999999995,334.8
2020-05-06,51.90000000000001,428.79999999999995,508.3,522.1
2020-05-07,87.60000000000001,595.3,729.2,569.5
2020-05-08,22.400000000000002,398.80000000000007,432.70000000000005,518.9499999999999
2020-05-09,212.79999999999998,707.5,1033.6000000000001,773.05
2020-05-10,15.399999999999999,251.20000000000007,274.99999999999994,536.25
2020-05-11,29.299999999999997,207.19999999999996,251.6,340.5
2020-05-12,43.50000000000001,395.50000000000006,462.00000000000006,332.09999999999997
2020-05-13,29.199999999999996,249.5,293.84999999999997,297.50000000000006
2020-05-14,42.0,314.4,379.3,261.6
2020-05-15,77.30000000000001,599.8500000000001,718.55,334.5
2020-05-16,37.4,395.3,452.5,253.70000000000002
2020-05-17,22.1,240.4,273.90000000000003,266.20000000000005
2020-05-18,26.9,214.60000000000005,256.00000000000006,306.1
2020-05-19,35.1,293.99999999999994,348.3,232.60000000000002
2020-05-20,43.99999999999999,335.9,403.00000000000006,355.5
2020-05-21,66.2,454.40000000000003,555.6000000000001,346.2
2020-05-22,25.500000000000004,160.20000000000002,199.10000000000002,657.0999999999999
2020-05-23,14.3,82.69999999999997,104.29999999999998,444.09999999999985
2020-05-24,20.2,193.2,223.9,341.04999999999995
2020-05-25,32.3,290.70000000000005,340.0999999999999,337.79999999999995
2020-05-26,56.6,407.09999999999997,494.1000000000001,373.8
2020-05-27,69.8,563.5,670.5999999999999,412.4999999999999
2020-05-28,56.60000000000001,276.6,363.2,329.00000000000006
2020-05-29,73.1,390.0,501.90000000000003,396.0
2020-05-30,64.3,291.5,390.5,499.99999999999994
2020-05-31,30.000000000000007,222.70000000000005,268.5,385.00000000000006
2020-06-01,46.9,356.9,429.3,431.8
2020-06-02,122.29999999999998,600.1,787.5,412.8
2020-06-03,76.79999999999998,583.8000000000001,701.4,445.85
2020-06-04,36.50000000000001,236.09999999999997,292.6,234.4
2020-06-05,36.49999999999999,216.8,272.59999999999997,196.4
2020-06-06,26.999999999999996,252.6,294.6,203.90000000000003
2020-06-07,39.3,244.89999999999998,305.1,175.69999999999993
2020-06-08,52.49999999999999,278.0,358.79999999999995,338.6
2020-06-09,61.900000000000006,404.8,499.59999999999997,359.7
2020-06-10,56.89999999999999,297.8,385.09999999999997,342.1
2020-06-11,62.79999999999999,316.5,412.50000000000006,394.3
2020-06-12,66.20000000000002,464.8,566.1,545.8
2020-06-13,44.599999999999994,404.90000000000003,473.1,289.7
2020-06-14,35.800000000000004,282.00000000000006,336.5,311.7000000000001
2020-06-15,46.6,368.9000000000001,440.19999999999993,268.3999999999999
2020-06-16,34.6,232.6,285.70000000000005,250.99999999999997
2020-06-17,112.30000000000001,576.9,748.9,317.3
2020-06-18,46.800000000000004,380.49999999999994,452.50000000000006,197.69999999999996
2020-06-19,30.10000000000001,162.8,209.0,288.59999999999997
2020-06-20,20.499999999999996,130.7,162.29999999999998,202.69999999999993
2020-06-21,16.5,127.8,152.6,257.29999999999995
2020-06-22,45.100000000000016,212.29999999999995,281.1,433.2
2020-06-23,43.599999999999994,317.0,383.1,513.3999999999999
2020-06-24,82.40000000000002,766.6999999999998,893.4,723.2
2020-06-25,58.29999999999999,685.4,774.9,712.3
2020-06-26,26.500000000000004,369.50000000000006,409.6000000000001,509.9999999999999
2020-06-27,13.800000000000004,76.8,97.49999999999999,231.89999999999998
2020-06-28,12.200000000000001,71.60000000000001,89.99999999999999,193.25000000000006
2020-06-29,33.599999999999994,124.0,175.8,343.6
2020-06-30,47.9,195.30000000000007,268.9,189.75
2020-07-01,45.5,164.4,233.69999999999996,173.09999999999997
2020-07-02,77.33636363636366,218.9636363636364,336.5,232.8636363636364
2020-07-03,110.45874125874126,250.5566433566433,418.0615384615385,244.1874125874126
2020-07-04,126.97342657342658,256.1958041958042,449.0769230769231,236.53426573426572
2020-07-05,143.48811188811186,261.83496503496497,480.0923076923077,228.88111888111885
2020-07-06,160.00279720279718,267.47412587412583,511.1076923076924,221.227972027972
2020-07-07,176.5174825174825,273.1132867132867,542.1230769230771,213.57482517482515
2020-07-08,134.72307692307692,285.86153846153854,491.2384615384615,185.43076923076922
2020-07-09,74.19999999999999,220.79999999999995,334.9,141.30000000000004
2020-07-10,56.8,317.1,404.00000000000006,176.9
2020-07-11,99.8,418.1,571.6,203.90000000000003
2020-07-12,147.49999999999991,446.00000000000006,672.4999999999999,274.8999999999999
2020-07-13,60.7718151071026,330.284611048478,422.69233370913184,264.2744094488189
2020-07-14,60.482976324689965,278.2965050732807,370.2209695603156,299.82789651293587
2020-07-15,60.93754227733934,278.19909808342726,370.8054114994364,299.66591676040497
2020-07-16,61.39210822998872,278.10169109357383,371.389853438557,299.5039370078741
2020-07-17,61.8466741826381,278.0042841037204,371.97429537767755,299.3419572553432
2020-07-18,62.301240135287486,277.9068771138669,372.55873731679816,299.1799775028123
2020-07-19,62.75580608793686,277.8094701240135,373.14317925591894,299.0179977502813
2020-07-20,63.21037204058625,277.7120631341601,373.7276211950395,298.85601799775037
2020-07-21,63.664937993235625,277.61465614430665,374.3120631341601,298.6940382452195
2020-07-22,64.11950394588501,277.5172491544532,374.8965050732807,298.5320584926886
2020-07-23,64.57406989853439,277.4198421645998,375.48094701240143,298.3700787401574
2020-07-24,65.02863585118376,277.3224351747463,376.06538895152204,298.2080989876265
2020-07-25,65.48320180383315,277.2250281848929,376.6498308906426,298.0461192350956
2020-07-26,65.93776775648253,277.12762119503947,377.2342728297632,297.8841394825647
2020-07-27,66.3923337091319,277.03021420518604,377.81871476888386,297.72215973003375
2020-07-28,66.84689966178128,276.9328072153326,378.4031567080046,297.5601799775028
2020-07-29,67.30146561443065,276.83540022547913,378.98759864712514,297.3982002249719
2020-07-30,67.75603156708004,276.7379932356257,379.57204058624575,297.236220472441
2020-07-31,68.2105975197294,276.6405862457723,380.1564825253663,297.07424071991
2020-08-01,68.6651634723788,276.5431792559188,380.74092446448714,296.912260967379
2020-08-02,69.11972942502818,276.4457722660654,381.32536640360775,296.7502812148481
2020-08-03,69.57429537767756,276.34836527621195,381.9098083427283,296.5883014623172
2020-08-04,70.02886133032693,276.2509582863585,382.4942502818489,296.4263217097863
2020-08-05,70.48342728297634,276.1535512965051,383.07869222096963,296.26434195725534
2020-08-06,70.9379932356257,276.0561443066516,383.66313416009024,296.1023622047244
2020-08-07,71.39255918827509,275.9587373167982,384.24757609921085,295.9403824521935
2020-08-08,71.84712514092446,275.86133032694477,384.8320180383314,295.7784026996626
2020-08-09,72.30169109357385,275.76392333709134,385.4164599774521,295.6164229471315
2020-08-10,72.75625704622323,275.66651634723786,386.0009019165728,295.4544431946005
2020-08-11,73.2108229988726,275.56910935738443,386.58534385569334,295.2924634420696
2020-08-12,73.66538895152198,275.471702367531,387.16978579481395,295.1304836895387
2020-08-13,74.11995490417137,275.3742953776776,387.7542277339346,294.96850393700777
2020-08-14,74.57452085682073,275.27688838782416,388.3386696730553,294.8065241844768
2020-08-15,75.02908680947012,275.17948139797073,388.92311161217594,294.6445444319459
2020-08-16,75.48365276211949,275.08207440811725,389.5075535512965,294.482564679415
2020-08-17,75.93821871476888,274.9846674182638,390.0919954904171,294.3205849268841
2020-08-18,76.39278466741825,274.8872604284104,390.6764374295379,294.1586051743532
2020-08-19,76.84735062006764,274.789853438557,391.26087936865844,293.9966254218223
2020-08-20,77.30191657271702,274.6924464487035,391.84532130777905,293.8346456692914
2020-08-21,77.75648252536641,274.59503945885007,392.4297632468996,293.6726659167604
2020-08-22,78.21104847801578,274.49763246899664,393.0142051860204,293.5106861642295
2020-08-23,78.66561443066517,274.4002254791432,393.598647125141,293.34870641169863
2020-08-24,79.12018038331455,274.3028184892898,394.1830890642616,293.18672665916773
2020-08-25,79.57474633596392,274.20541149943637,394.76753100338215,293.0247469066368
2020-08-26,80.02931228861331,274.1080045095829,395.3519729425028,292.8627671541058
2020-08-27,80.48387824126269,274.01059751972946,395.9364148816235,292.7007874015749
2020-08-28,80.93844419391206,273.91319052987603,396.5208568207441,292.53880764904403
2020-08-29,81.39301014656144,273.8157835400226,397.1052987598647,292.37682789651285
2020-08-30,81.84757609921083,273.7183765501691,397.68974069898525,292.21484814398195
2020-08-31,82.3021420518602,273.6209695603157,398.274182638106,292.05286839145106
2020-09-01,82.75670800450958,273.5235625704623,398.85862457722664,291.8908886389201
2020-09-02,83.21127395715897,273.42615558060885,399.44306651634724,291.72890888638915
2020-09-03,83.66583990980833,273.3287485907554,400.0275084554678,291.56692913385825
2020-09-04,84.12040586245772,273.23134160090194,400.6119503945886,291.40494938132736
2020-09-05,84.57497181510709,273.1339346110485,401.1963923337092,291.24296962879646
2020-09-06,85.02953776775648,273.0365276211951,401.78083427282974,291.08098987626545
2020-09-07,85.48410372040587,272.93912063134167,402.36527621195034,290.9190101237345
2020-09-08,85.93866967305523,272.84171364148824,402.949718151071,290.75703037120354
2020-09-09,86.39323562570463,272.74430665163476,403.5341600901917,290.59505061867264
2020-09-10,86.847801578354,272.64689966178133,404.11860202931234,290.43307086614175
2020-09-11,87.30236753100338,272.5494926719279,404.7030439684329,290.27109111361085
2020-09-12,87.75693348365276,272.4520856820744,405.2874859075535,290.1091113610799
2020-09-13,88.21149943630213,272.354678692221,405.8719278466743,289.947131608549
2020-09-14,88.66606538895151,272.2572717023676,406.45636978579483,289.78515185601805
2020-09-15,89.1206313416009,272.15986471251415,407.04081172491544,289.623172103487
2020-09-16,89.57519729425027,272.06245772266067,407.625253664036,289.46119235095597
2020-09-17,90.02976324689966,271.9650507328072,408.2096956031568,289.2992125984251
2020-09-18,90.48432919954902,271.86764374295376,408.7941375422774,289.1372328458942
2020-09-19,90.93889515219841,271.77023675310033,409.378579481398,288.9752530933632
2020-09-20,91.39346110484779,271.67282976324685,409.96302142051854,288.81327334083227
2020-09-21,91.84802705749716,271.5754227733934,410.54746335963927,288.65129358830137
2020-09-22,92.30259301014655,271.47801578354,411.13190529875993,288.4893138357705
2020-09-23,92.75715896279594,271.3806087936866,411.7163472378805,288.3273340832396
2020-09-24,93.21172491544532,271.28320180383315,412.3007891770011,288.1653543307087
2020-09-25,73.27158962795944,275.20608793686586,386.76347237880503,246.42193475815523
2020-09-26,55.6,261.5,346.6000000000001,261.59999999999997
2020-09-27,39.2,238.50000000000003,298.7,243.70000000000005
2020-09-28,106.70000000000002,533.1999999999999,697.1,370.1000000000001
2020-09-29,188.79999999999998,527.7,817.2,297.49999999999994
2020-09-30,90.39999999999998,336.20000000000005,474.59999999999997,269.850847457627
2020-10-01,78.0,422.99999999999994,542.8,192.75254237288135
2020-10-02,90.2,566.5,704.8000000000002,197.63389830508476
2020-10-03,84.00000000000001,385.9,514.8,202.51525423728813
2020-10-04,28.200000000000003,237.60000000000002,280.59999999999997,207.39661016949154
2020-10-05,123.30000000000001,419.3500000000001,608.4499999999999,218.25084745762712
2020-10-06,76.6,302.00000000000006,419.7,185.6
2020-10-07,90.39999999999999,414.99999999999994,553.7000000000002,258.99999999999994
2020-10-08,94.91452991452992,235.42905982905984,380.49487179487176,180.73577235772356
2020-10-09,143.8153846153846,333.23076923076917,552.276923076923,201.36585365853662
2020-10-10,174.33846153846153,394.27692307692314,660.0923076923077,207.92195121951218
2020-10-11,204.86153846153846,455.32307692307694,767.9076923076922,214.47804878048777
2020-10-12,235.38461538461536,516.3692307692307,875.7230769230766,221.0341463414634
2020-10-13,191.1854700854701,601.37094017094,893.2051282051285,206.56422764227642
2020-10-14,97.89999999999999,554.0,704.0,282.29999999999995
2020-10-15,88.05000000000001,553.2,688.3000000000001,209.29999999999998
2020-10-16,122.63470883146935,553.8798303123795,742.3318935595836,248.4664098613251
2020-10-17,65.19799460084845,394.51538758195136,495.9123794832241,265.90816640986134
2020-10-18,65.642267643656,395.53721558040877,497.6006170458929,268.03821263482274
2020-10-19,66.08654068646356,396.55904357886607,499.28885460856156,270.1682588597842
2020-10-20,66.53081372927113,397.5808715773235,500.97709217123025,272.2983050847457
2020-10-21,66.97508677207868,398.6026995757809,502.66532973389906,274.42835130970724
2020-10-22,67.41935981488625,399.6245275742383,504.35356729656775,276.5583975346687
2020-10-23,67.86363285769379,400.64635557269565,506.04180485923644,278.68844375963016
2020-10-24,68.30790590050134,401.66818357115307,507.73004242190507,280.8184899845917
2020-10-25,68.75217894330892,402.6900115696104,509.4182799845739,282.94853620955314
2020-10-26,69.19645198611649,403.71183956806783,511.1065175472426,285.0785824345146
2020-10-27,69.64072502892404,404.73366756652524,512.7947551099114,287.2086286594761
2020-10-28,70.0849980717316,405.7554955649826,514.48299267258,289.33867488443764
2020-10-29,70.52927111453914,406.77732356344,516.1712302352488,291.46872110939904
2020-10-30,70.97354415734671,407.79915156189736,517.8594677979175,293.5987673343606
2020-10-31,71.41781720015427,408.8209795603548,519.5477053605863,295.7288135593221
2020-11-01,71.86209024296183,409.84280755881207,521.2359429232549,297.85885978428354
2020-11-02,72.3063632857694,410.86463555726954,522.9241804859238,299.98890600924506
2020-11-03,72.75063632857695,411.886463555727,524.6124180485924,302.1189522342066
2020-11-04,73.1949093713845,412.9082915541843,526.3006556112612,304.24899845916804
2020-11-05,73.63918241419205,413.93011955264166,527.9888931739298,306.37904468412955
2020-11-06,74.08345545699962,414.9519475510991,529.6771307365985,308.509090909091
2020-11-07,74.52772849980718,415.9737755495564,531.3653682992673,310.6391371340525
2020-11-08,74.97200154261475,416.9956035480138,533.053605861936,312.76918335901394
2020-11-09,75.4162745854223,418.0174315464712,534.7418434246048,314.89922958397545
2020-11-10,75.86054762822985,419.0392595449286,536.4300809872735,317.0292758089369
2020-11-11,76.3048206710374,420.061087543386,538.1183185499422,319.15932203389843
2020-11-12,76.74909371384497,421.0829155418434,539.8065561126108,321.2893682588599
2020-11-13,77.19336675665254,422.1047435403008,541.4947936752795,323.41941448382136
2020-11-14,77.6376397994601,423.1265715387582,543.1830312379483,325.5494607087829
2020-11-15,78.08191284226766,424.14839953721554,544.8712688006171,327.67950693374434
2020-11-16,78.52618588507521,425.17022753567295,546.5595063632859,329.8095531587058
2020-11-17,78.97045892788276,426.19205553413036,548.2477439259544,331.9395993836673
2020-11-18,79.41473197069034,427.2138835325877,549.9359814886233,334.06964560862883
2020-11-19,79.85900501349789,428.2357115310451,551.6242190512919,336.1996918335903
2020-11-20,80.30327805630544,429.2575395295025,553.3124566139608,338.32973805855175
2020-11-21,80.747551099113,430.27936752795983,555.0006941766294,340.4597842835132
2020-11-22,81.19182414192055,431.30119552641736,556.6889317392981,342.58983050847473
2020-11-23,81.63609718472811,432.32302352487454,558.3771693019668,344.7198767334362
2020-11-24,82.08037022753568,433.34485152333195,560.0654068646356,346.84992295839766
2020-11-25,82.52464327034323,434.36667952178937,561.7536444273043,348.9799691833591
2020-11-26,82.96891631315079,435.3885075202468,563.441881989973,351.1100154083206
2020-11-27,83.41318935595835,436.41033551870413,565.1301195526418,353.24006163328204
2020-11-28,83.85746239876592,437.43216351716154,566.8183571153105,355.3701078582435
2020-11-29,84.30173544157347,438.4539915156189,568.5065946779793,357.50015408320496
2020-11-30,84.74600848438102,439.4758195140763,570.1948322406479,359.6302003081664
2020-12-01,85.19028152718859,440.4976475125338,571.8830698033165,361.76024653312794
2020-12-02,85.63455456999614,441.5194755109911,573.5713073659854,363.8902927580894
2020-12-03,86.0788276128037,442.5413035094485,575.2595449286541,366.02033898305086
2020-12-04,86.52310065561127,443.56313150790595,576.9477824913229,368.1503852080123
2020-12-05,86.96737369841881,444.58495950636325,578.6360200539915,370.2804314329738
2020-12-06,87.41164674122638,445.60678750482066,580.3242576166601,372.4104776579353
2020-12-07,87.85591978403394,446.62861550327807,582.012495179329,374.54052388289676
2020-12-08,88.30019282684151,447.65044350173537,583.7007327419976,376.6705701078582
2020-12-09,88.74446586964906,448.6722715001928,585.3889703046665,378.80061633281974
2020-12-10,89.18873891245661,449.69409949865025,587.0772078673351,380.9306625577812
2020-12-11,89.63301195526417,450.71592749710754,588.7654454300039,383.06070878274267
2020-12-12,90.07728499807173,451.7377554955649,590.4536829926726,385.1907550077042
2020-12-13,90.5215580408793,452.7595834940223,592.1419205553414,387.32080123266564
2020-12-14,90.96583108368687,453.7814114924798,593.8301581180101,389.45084745762716
2020-12-15,91.41010412649442,454.8032394909371,595.5183956806789,391.5808936825886
2020-12-16,91.85437716930198,455.8250674893945,597.2066332433474,393.7109399075501
2020-12-17,92.29865021210952,456.8468954878519,598.8948708060163,395.84098613251155
2020-12-18,92.74292325491709,457.8687234863093,600.583108368685,397.97103235747306
2020-12-19,93.18719629772464,458.89055148476666,602.2713459313536,400.1010785824345
2020-12-20,93.6314693405322,459.91237948322413,603.9595834940225,402.231124807396
2020-12-21,94.07574238333977,460.9342074816814,605.6478210566911,404.36117103235745
2020-12-22,94.52001542614734,461.9560354801388,607.3360586193598,406.4912172573189
2020-12-23,94.96428846895489,462.9778634785962,609.0242961820286,408.62126348228037
2020-12-24,95.40856151176244,463.9996914770536,610.7125337446972,410.7513097072419
2020-12-25,95.85283455457001,465.02151947551096,612.400771307366,412.88135593220335
2020-12-26,96.29710759737758,466.04334747396837,614.0890088700347,415.0114021571648
2020-12-27,96.74138064018513,467.0651754724257,615.7772464327034,417.1414483821263
2020-12-28,97.1856536829927,468.08700347088313,617.4654839953722,419.2714946070878
2020-12-29,97.62992672580025,469.10883146934054,619.1537215580408,421.40154083204925
2020-12-30,98.07419976860778,470.13065946779784,620.8419591207097,423.5315870570107
2020-12-31,98.51847281141536,471.15248746625525,622.5301966833782,425.6616332819722
2021-01-01,98.96274585422292,472.1743154647126,624.2184342460471,427.79167950693363
2021-01-02,99.40701889703048,473.1961434631701,625.9066718087157,429.92172573189515
2021-01-03,99.85129193983802,474.21797146162737,627.5949093713845,432.0517719568566
2021-01-04,100.2955649826456,475.2397994600848,629.2831469340532,434.1818181818181
2021-01-05,100.73983802545315,476.26162745854225,630.971384496722,436.3118644067796
2021-01-06,101.1841110682607,477.2834554569996,632.6596220593907,438.44191063174105
2021-01-07,101.62838411106827,478.30528345545696,634.3478596220593,440.5719568567025
2021-01-08,102.07265715387582,479.32711145391437,636.0360971847281,442.702003081664
2021-01-09,102.51693019668338,480.3489394523718,637.7243347473968,444.83204930662555
2021-01-10,102.96120323949094,481.3707674508292,639.4125723100655,446.96209553158695
2021-01-11,103.40547628229851,482.39259544928655,641.1008098727343,449.0921417565485
2021-01-12,103.84974932510605,483.41442344774384,642.7890474354031,451.22218798151
2021-01-13,104.29402236791363,484.43625144620125,644.4772849980717,453.3522342064714
2021-01-14,104.7382954107212,485.4580794446586,646.1655225607404,455.4822804314329
2021-01-15,105.18256845352875,486.4799074431161,647.8537601234091,457.6123266563945
2021-01-16,105.62684149633631,487.5017354415735,649.5419976860779,459.74237288135583
2021-01-17,106.07111453914385,488.52356344003084,651.2302352487466,461.8724191063174
2021-01-18,106.5153875819514,489.54539143848825,652.9184728114155,464.0024653312789
2021-01-19,106.95966062475898,490.5672194369456,654.6067103740841,466.13251155624033
2021-01-20,107.40393366756653,491.58904743540296,656.2949479367527,468.26255778120185
2021-01-21,107.8482067103741,492.6108754338604,657.9831854994214,470.3926040061633
2021-01-22,108.29247975318165,493.6327034323178,659.6714230620902,472.52265023112477
2021-01-23,108.73675279598922,494.65453143077514,661.3596606247589,474.65269645608623
2021-01-24,109.18102583879676,495.6763594292326,663.0478981874277,476.78274268104775
2021-01-25,109.62529888160432,496.6981874276899,664.7361357500963,478.91278890600915
2021-01-26,110.06957192441189,497.72001542614737,666.4243733127652,481.0428351309707
2021-01-27,110.51384496721944,498.74184342460467,668.1126108754338,483.17288135593225
2021-01-28,110.958118010027,499.763671423062,669.8008484381025,485.3029275808937
2021-01-29,111.40239105283457,500.78549942151955,671.4890860007713,487.43297380585517
2021-01-30,111.84666409564213,501.8073274199769,673.17732356344,489.5630200308168
2021-01-31,112.29093713844968,502.8291554184342,674.8655611261087,491.6930662557782
2021-02-01,91.00744311608177,547.0871191669879,686.6482838411107,496.76764252696466
2021-02-02,85.69999999999997,386.79999999999995,518.0999999999999,421.0
2021-02-03,104.19999999999999,530.6999999999999,690.65,552.0967010309279
2021-02-04,205.50000000000003,595.0,910.3000000000001,674.4445360824743
2021-02-05,42.9,374.30000000000007,440.20000000000005,649.9793814432991
2021-02-06,85.39999999999998,460.3,591.1,625.5142268041237
2021-02-07,16.2,144.20000000000002,169.20000000000002,601.0490721649485
2021-02-08,54.69999999999999,343.0,427.3999999999999,576.5839175257732
2021-02-09,54.8,424.8999999999999,509.3,552.118762886598
2021-02-10,53.900000000000006,476.1,558.1,527.6536082474227
2021-02-11,80.1,603.5999999999999,726.8000000000002,503.18845360824747
2021-02-12,68.60000000000001,487.3000000000001,592.8000000000001,478.7232989690721
2021-02-13,48.20000000000001,366.20000000000005,440.00000000000006,454.2581443298969
2021-02-14,22.4,288.9,323.90000000000003,429.7929896907217
2021-02-15,42.599999999999994,323.4,389.2,405.32783505154634
2021-02-16,38.4,277.1,336.40000000000003,380.8626804123711
2021-02-17,76.19999999999999,202.1,319.40000000000003,356.39752577319587
2021-02-18,49.199999999999996,292.0,367.09999999999997,331.93237113402057
2021-02-19,28.9,232.99999999999997,277.0,307.46721649484533
2021-02-20,16.200000000000003,160.39999999999998,185.29999999999998,283.0020618556701
2021-02-21,30.5,393.8,440.7,258.53690721649485
2021-02-22,248.29999999999995,916.8,1297.8999999999999,234.0717525773196
2021-02-23,25.7,214.89999999999998,254.0,228.89855670103094
2021-02-24,32.2,214.5,263.4,404.2
2021-02-25,83.0,637.8,765.3,415.19999999999993
2021-02-26,520.6,1041.8999999999999,1840.0,565.6
2021-02-27,755.9,987.9999999999999,2147.1,779.9999999999999
2021-02-28,56.2,563.9,650.4999999999999,599.8
2021-03-01,83.50000000000001,558.8,686.8999999999997,822.1999999999999
2021-03-02,389.8,755.4499999999999,1353.5500000000002,1137.2
2021-03-03,905.7,1156.9,2545.6000000000004,1252.8
2021-03-04,120.0,541.8999999999999,725.7999999999998,458.41111111111104
2021-03-05,45.00000000000001,390.9,459.5,389.9999999999999
2021-03-06,40.40000000000001,567.3000000000001,629.7000000000002,511.5999999999999
2021-03-07,237.0,907.8,1271.3999999999999,633.2
2021-03-08,746.0799999999999,1244.1199999999997,2387.34,754.7999999999997
2021-03-09,314.72,754.48,1237.1599999999996,663.2888888888889
2021-03-10,67.6,259.29999999999995,362.5,383.1000000000001
2021-03-11,95.2,322.40000000000003,467.90000000000003,393.50000000000006
2021-03-12,98.80000000000003,378.4,529.6999999999999,275.7
2021-03-13,44.8,275.4,343.90000000000003,190.1
2021-03-14,44.7,294.1000000000001,362.50000000000006,199.09999999999997
2021-03-15,52.199999999999996,553.6,633.3000000000001,369.49999999999994
2021-03-16,97.3,530.2,679.5,394.2
2021-03-17,96.00000000000003,564.4,711.8000000000001,575.2
2021-03-18,91.39999999999999,650.3000000000001,790.3,502.50000000000006
2021-03-19,48.499999999999986,350.59999999999997,424.8999999999999,259.2
2021-03-20,79.39999999999999,664.6999999999999,786.3000000000001,357.19999999999993
2021-03-21,79.3,430.1,551.6,336.09999999999997
2021-03-22,159.09999999999997,853.3,1097.2,581.5
2021-03-23,173.7,676.0000000000001,941.9999999999999,661.1
2021-03-24,145.49999999999997,609.8999999999999,832.6000000000001,679.3999999999999
2021-03-25,61.29999999999998,387.1,481.1000000000001,340.7
2021-03-26,82.19999999999999,305.3,431.2,319.7
2021-03-27,52.7,272.79999999999995,353.6,331.2
2021-03-28,23.4,177.59999999999997,213.10000000000005,501.2
2021-03-29,78.3,427.99999999999994,547.8000000000001,528.1
2021-03-30,753.8,1242.9000000000003,2398.3999999999996,792.0000000000001
2021-03-31,1616.3999999999994,1551.4999999999998,4030.0999999999995,1036.6999999999998
2021-04-01,298.19999999999993,481.90000000000003,939.0999999999998,790.4000000000001
2021-04-02,25.899999999999995,189.9,229.70000000000007,299.0
2021-04-03,25.4,202.9,242.10000000000005,518.5999999999999
2021-04-04,25.3,387.8,426.3,575.5999999999999
2021-04-05,28.299999999999997,249.79999999999998,293.0,311.59999999999997
2021-04-06,91.0,432.0,571.0999999999999,245.29999999999998
2021-04-07,78.35,530.3000000000001,650.6,251.45789473684204
2021-04-08,68.40000000000002,466.79999999999995,571.6000000000001,363.3421052631579
2021-04-09,100.19999999999999,514.0000000000001,667.3,377.4999999999999
2021-04-10,31.000000000000004,333.79999999999995,381.0,342.4
2021-04-11,38.365217391304355,435.1565217391304,493.46086956521737,264.90000000000003
2021-04-12,56.84347826086957,894.1043478260868,979.7739130434785,385.95
2021-04-13,96.3413043478261,1003.8391304347826,1150.5652173913043,633.8000000000001
2021-04-14,344.80000000000007,789.4,1318.2,528.0999999999999
2021-04-15,77.1,630.5,748.2,357.20000000000005
2021-04-16,104.5,713.2,873.2999999999997,371.0000000000001
2021-04-17,95.49999999999999,681.1,827.4999999999999,296.04999999999995
2021-04-18,104.00000000000001,645.2,804.6,351.95
2021-04-19,239.99999999999997,831.6999999999999,1199.1999999999998,786.4000000000001
2021-04-20,432.1000000000001,1024.5,1686.6,1020.5500000000001
2021-04-21,106.10000000000001,749.3000000000001,911.9000000000002,1157.9
2021-04-22,88.39999999999999,508.99999999999994,644.5999999999999,575.9000000000001
2021-04-23,97.50000000000001,688.5,837.7999999999997,537.4
2021-04-24,54.599999999999994,532.6999999999999,616.0,500.2
2021-04-25,21.499999999999996,207.90000000000003,240.79999999999998,349.20000000000005
2021-04-26,36.19999999999999,309.70000000000005,365.20000000000005,374.4
2021-04-27,140.80000000000004,899.9999999999999,1116.2999999999997,660.85
2021-04-28,48.900000000000006,560.1,635.2999999999998,710.0999999999999
2021-04-29,44.7,463.09999999999997,531.5999999999999,362.50000000000006
2021-04-30,57.99999999999999,632.3,721.3000000000001,463.09999999999997
2021-05-01,46.699999999999996,510.9,582.4000000000001,407.1999999999999
2021-05-02,137.50000000000003,712.1000000000001,923.3000000000001,467.09999999999985
2021-05-03,16.8,225.20000000000002,250.70000000000002,412.9500000000001
2021-05-04,31.40000000000001,257.8,306.2,266.3
2021-05-05,68.30000000000001,483.19999999999993,587.9,211.10000000000002
2021-05-06,90.09999999999998,524.3,663.1,261.5
2021-05-07,40.99999999999999,364.9,428.1000000000001,298.55
2021-05-08,27.900000000000002,233.49999999999994,276.19999999999993,371.00000000000006
2021-05-09,24.700000000000003,191.5,229.4,239.40000000000003
2021-05-10,24.8,202.70000000000002,241.1,364.9
2021-05-11,38.099999999999994,330.2,388.2000000000001,354.8
2021-05-12,28.5,229.40000000000003,273.5,341.35
2021-05-13,70.10000000000001,677.7,785.4,343.7
2021-05-14,37.900000000000006,420.7000000000001,479.1999999999999,382.6000000000001
2021-05-15,34.4,334.5,387.00000000000006,263.15000000000003
2021-05-16,35.5,296.8,351.4,242.64999999999995
2021-05-17,49.2,424.6,499.90000000000003,252.0
2021-05-18,69.3,417.80000000000007,524.6999999999999,257.65
2021-05-19,45.300000000000004,419.1000000000001,488.49999999999994,201.70000000000002
2021-05-20,32.99999999999999,259.8,310.30000000000007,372.3
2021-05-21,23.700000000000003,170.9,207.50000000000003,347.95
2021-05-22,38.70000000000001,366.70000000000005,426.49999999999994,179.5
2021-05-23,21.7,214.29999999999998,247.9,229.8
2021-05-24,29.799999999999997,300.7,346.70000000000005,175.4
2021-05-25,49.099999999999994,365.0,440.3,217.8
2021-05-26,49.60000000000001,474.70000000000005,551.1999999999999,294.00000000000006
2021-05-27,93.90000000000002,644.4,787.9000000000001,465.24999999999994
2021-05-28,54.0,784.1999999999999,866.9999999999999,614.1
2021-05-29,46.59999999999999,606.3000000000002,677.9999999999999,547.1999999999999
2021-05-30,27.299999999999997,306.4000000000001,348.09999999999997,503.29999999999995
2021-05-31,39.1,416.79999999999995,476.7000000000001,621.2499999999999
2021-06-01,64.00000000000001,589.9,687.9,614.35
2021-06-02,73.30000000000001,703.9999999999999,815.8,808.4159999999999
2021-06-03,23.500000000000004,350.4,387.2,682.1840000000001
2021-06-04,98.00000000000001,537.1999999999999,687.4,274.49999999999994
2021-06-05,93.1,477.59999999999997,620.4000000000001,373.09999999999997
2021-06-06,57.300000000000004,332.1999999999999,420.50000000000006,262.7
2021-06-07,60.431606217616576,211.21709844559584,304.4145077720207,429.7000000000001
2021-06-08,61.81554404145078,177.7461139896373,272.8694300518135,607.2
2021-06-09,61.21865284974094,177.89533678756476,272.12331606217606,607.2
2021-06-10,60.62176165803109,178.0445595854922,271.3772020725388,607.2
2021-06-11,60.024870466321254,178.1937823834197,270.63108808290167,607.2
2021-06-12,59.42797927461141,178.34300518134717,269.8849740932642,607.2
2021-06-13,58.83108808290155,178.49222797927462,269.1388601036269,607.2
2021-06-14,58.23419689119171,178.6414507772021,268.39274611398963,607.2
2021-06-15,57.637305699481864,178.79067357512952,267.6466321243524,607.2
2021-06-16,57.04041450777203,178.939896373057,266.90051813471507,607.2
2021-06-17,56.443523316062176,179.08911917098445,266.1544041450777,607.2
2021-06-18,55.84663212435234,179.23834196891193,265.4082901554404,607.2
2021-06-19,55.249740932642496,179.38756476683938,264.6621761658032,607.2
2021-06-20,54.65284974093265,179.53678756476683,263.91606217616584,607.2
2021-06-21,54.0559585492228,179.68601036269433,263.1699481865285,607.2
2021-06-22,53.45906735751296,179.83523316062175,262.4238341968912,607.2
2021-06-23,61.30880829015545,273.9727979274611,368.2360103626944,607.2
2021-06-24,147.20000000000002,498.1,723.9000000000001,607.2
2021-06-25,96.79999999999998,349.99999999999994,498.59999999999997,607.2
2021-06-26,46.1,270.9,341.1,607.2
2021-06-27,32.89999999999999,231.1,281.49999999999994,607.2
2021-06-28,67.49999999999999,320.49999999999994,423.80000000000007,607.2
2021-06-29,89.9,339.09999999999997,476.40000000000003,607.2
2021-06-30,0.9,14.9,16.2,25.3
