MeasurementDateGMT,Westminster - Marylebone Road FDMS: PM10 Particulate (ug/m3),Westminster - Marylebone Road FDMS: PM2.5 Particulate (ug/m3)
2018-01-01,412.80000000000007,187.70000000000002
2018-01-02,589.5000000000001,241.19999999999996
2018-01-03,718.7000000000002,268.9
2018-01-04,511.5,224.9
2018-01-05,610.1,290.90000000000003
2018-01-06,515.1,357.80000000000007
2018-01-07,316.8,88.6
2018-01-08,624.3,361.90000000000003
2018-01-09,921.1,668.0000000000001
2018-01-10,771.8000000000001,442.5
2018-01-11,639.8000000000001,507.09999999999985
2018-01-12,782.5999999999999,572.3000000000001
2018-01-13,753.7,554.5
2018-01-14,870.0999999999999,619.1
2018-01-15,439.35,263.30000000000007
2018-01-16,539.0454545454546,251.71818181818182
2018-01-17,715.3870129870129,320.50909090909096
2018-01-18,803.657142857143,362.4
2018-01-19,880.5103896103898,409.27272727272725
2018-01-20,378.8,239.39999999999998
2018-01-21,530.5,410.7000000000001
2018-01-22,531.9999999999999,291.80000000000007
2018-01-23,480.6000000000001,265.2
2018-01-24,402.2,252.4
2018-01-25,719.4,334.70000000000005
2018-01-26,535.9,317.79999999999995
2018-01-27,623.3999999999999,392.4
2018-01-28,377.40000000000003,201.89999999999995
2018-01-29,349.99999999999994,183.2
2018-01-30,838.5000000000002,427.5
2018-01-31,486.29999999999995,242.79999999999998
2018-02-01,377.7,148.30000000000004
2018-02-02,417.00000000000006,215.2
2018-02-03,506.49999999999994,349.30000000000007
2018-02-04,255.6,153.89999999999998
2018-02-05,343.90000000000003,208.99999999999997
2018-02-06,543.8,388.4
2018-02-07,482.69999999999993,275.29999999999995
2018-02-08,871.1999999999999,382.9
2018-02-09,363.29999999999995,165.4
2018-02-10,560.2000000000002,251.39999999999998
2018-02-11,233.19999999999993,100.7
2018-02-12,654.8999999999999,287.4
2018-02-13,397.4,213.49999999999994
2018-02-14,530.0,317.40000000000003
2018-02-15,671.0000000000001,314.7
2018-02-16,821.2000000000002,354.20000000000005
2018-02-17,912.3,456.10000000000014
2018-02-18,756.9999999999998,427.1000000000001
2018-02-19,567.5,412.00000000000006
2018-02-20,238.20000000000002,174.69999999999996
2018-02-21,989.4,794.2999999999998
2018-02-22,753.0999999999999,558.7
2018-02-23,720.8000000000002,483.8
2018-02-24,820.5000000000001,538.8
2018-02-25,451.10000000000014,232.80000000000004
2018-02-26,364.19999999999993,150.60000000000002
2018-02-27,368.09999999999997,204.9
2018-02-28,586.9,421.40000000000003
2018-03-01,1027.1000000000001,708.1000000000001
2018-03-02,1247.4999999999998,917.1999999999998
2018-03-03,1897.9,1531.9000000000003
2018-03-04,718.4,514.45
2018-03-05,628.7,290.20000000000005
2018-03-06,566.5,344.2
2018-03-07,651.4,448.75000000000006
2018-03-08,547.6,228.55999999999997
2018-03-09,675.2,419.53999999999996
2018-03-10,624.6,371.30000000000007
2018-03-11,684.4,384.09999999999997
2018-03-12,329.5,241.4
2018-03-13,526.0,323.90000000000003
2018-03-14,505.6999999999999,264.6
2018-03-15,461.49999999999994,267.2
2018-03-16,679.8000000000002,329.29999999999995
2018-03-17,466.7000000000001,271.09999999999997
2018-03-18,676.2,415.8500000000001
2018-03-19,498.29999999999995,239.2
2018-03-20,407.2,150.80000000000004
2018-03-21,732.5000000000001,420.741935483871
2018-03-22,731.7,379.6580645161291
2018-03-23,830.6999999999998,324.69999999999993
2018-03-24,759.4,588.0
2018-03-25,820.1000000000001,613.3999999999999
2018-03-26,509.4,281.4
2018-03-27,489.69999999999993,268.7
2018-03-28,468.09999999999997,283.1
2018-03-29,566.7999999999998,270.6
2018-03-30,378.29999999999995,229.6
2018-03-31,312.6000000000001,237.20000000000002
2018-04-01,348.5,252.5
2018-04-02,405.1,302.79999999999995
2018-04-03,533.8,281.59999999999997
2018-04-04,486.30000000000007,251.60000000000002
2018-04-05,360.59999999999997,185.10000000000002
2018-04-06,592.8,326.4
2018-04-07,869.3,525.9999999999999
2018-04-08,627.9999999999999,449.9
2018-04-09,616.5,534.3
2018-04-10,763.9000000000001,545.5999999999999
2018-04-11,1020.2,888.5
2018-04-12,803.9999999999998,702.5
2018-04-13,888.8,641.2
2018-04-14,1202.6000000000001,865.5
2018-04-15,838.8,600.7
2018-04-16,694.5000000000001,305.8
2018-04-17,595.6,273.4
2018-04-18,727.9000000000001,410.5
2018-04-19,1318.5000000000002,765.8999999999999
2018-04-20,915.1999999999998,567.3000000000001
2018-04-21,1245.7,842.8
2018-04-22,843.1999999999999,562.0499999999998
2018-04-23,541.6000000000001,265.69999999999993
2018-04-24,509.6000000000001,290.7
2018-04-25,501.5,239.5
2018-04-26,618.1000000000001,288.59999999999997
2018-04-27,571.9000000000001,331.40000000000003
2018-04-28,269.59999999999997,207.3
2018-04-29,244.0,141.50000000000003
2018-04-30,340.0,179.99999999999997
2018-05-01,563.8000000000001,305.6000000000001
2018-05-02,364.09999999999997,229.7
2018-05-03,665.9,372.79999999999995
2018-05-04,694.7,380.7
2018-05-05,853.9999999999999,530.6
2018-05-06,815.6105263157896,619.55
2018-05-07,608.1894736842105,529.1142857142856
2018-05-08,434.6,400.53571428571416
2018-05-09,682.9,389.8
2018-05-10,440.1,244.20000000000002
2018-05-11,675.8,351.9000000000001
2018-05-12,595.9999999999999,386.0
2018-05-13,541.4000000000001,361.5
2018-05-14,313.49999999999994,174.3
2018-05-15,332.90000000000003,202.1
2018-05-16,463.49999999999994,225.79999999999998
2018-05-17,481.40000000000003,200.3
2018-05-18,495.8,197.42727272727274
2018-05-19,692.9999999999999,244.08671328671326
2018-05-20,746.9000000000001,320.2153846153846
2018-05-21,819.4999999999999,396.34405594405587
2018-05-22,629.8500000000001,472.4727272727272
2018-05-23,618.0,548.6013986013985
2018-05-24,810.7,666.3524475524475
2018-05-25,807.6,681.5999999999999
2018-05-26,1023.8999999999997,866.1999999999998
2018-05-27,953.3000000000002,606.5
2018-05-28,982.5999999999998,790.9999999999998
2018-05-29,549.1999999999999,495.79999999999995
2018-05-30,693.6,549.9499999999999
2018-05-31,1020.7,806.9999999999999
2018-06-01,861.2999999999998,670.6
2018-06-02,514.5,339.99999999999994
2018-06-03,522.9,328.00000000000006
2018-06-04,415.00000000000006,341.1
2018-06-05,395.0,221.89999999999995
2018-06-06,535.9000000000001,280.6
2018-06-07,509.6,252.71111111111108
2018-06-08,529.7,342.5888888888889
2018-06-09,515.4,357.0
2018-06-10,501.5,343.40000000000003
2018-06-11,400.19999999999993,231.3
2018-06-12,335.59999999999997,227.79999999999998
2018-06-13,586.3,306.0
2018-06-14,592.8,286.6
2018-06-15,533.6,304.7
2018-06-16,465.7,262.4
2018-06-17,456.6,257.53999999999996
2018-06-18,475.20000000000005,256.23999999999995
2018-06-19,364.90000000000003,283.12
2018-06-20,431.2999999999999,310.00000000000006
2018-06-21,344.40000000000003,336.87999999999994
2018-06-22,389.2999999999999,363.32
2018-06-23,439.99999999999994,232.4
2018-06-24,428.79999999999995,283.6
2018-06-25,586.38,346.72499999999997
2018-06-26,610.32,341.525
2018-06-27,533.9,330.7
2018-06-28,497.4,349.7
2018-06-29,479.54999999999995,311.0
2018-06-30,438.1999999999999,265.5
2018-07-01,560.5,363.09999999999997
2018-07-02,431.5999999999999,245.2
2018-07-03,449.0,248.59999999999997
2018-07-04,652.4,411.1
2018-07-05,797.0500000000001,578.6
2018-07-06,671.5999999999999,515.2
2018-07-07,813.1999999999999,620.2000000000002
2018-07-08,485.3,366.8
2018-07-09,458.49999999999994,337.29999999999995
2018-07-10,297.79999999999995,187.00000000000003
2018-07-11,360.89230769230767,256.0480769230769
2018-07-12,463.1076923076923,336.576923076923
2018-07-13,609.9999999999998,422.025
2018-07-14,703.4,456.7000000000001
2018-07-15,559.3000000000001,368.50000000000006
2018-07-16,557.8999999999999,403.09999999999997
2018-07-17,525.5,308.7653179190752
2018-07-18,554.3,371.2092485549133
2018-07-19,587.8000000000001,399.84277456647396
2018-07-20,611.8,428.4763005780347
2018-07-21,671.6999999999999,457.1098265895954
2018-07-22,499.70000000000005,485.74335260115606
2018-07-23,582.1999999999999,514.3768786127168
2018-07-24,618.4499999999999,516.2763005780347
2018-07-25,589.5000000000001,383.05000000000007
2018-07-26,932.2999999999998,667.1
2018-07-27,743.5999999999999,502.8
2018-07-28,602.3,273.00000000000006
2018-07-29,392.99999999999994,197.7
2018-07-30,443.4000000000001,257.2
2018-07-31,533.3000000000001,309.40000000000003
2018-08-01,569.4999999999999,336.40000000000003
2018-08-02,586.3,348.59999999999997
2018-08-03,451.4,297.4
2018-08-04,290.59999999999997,208.20000000000002
2018-08-05,427.7,274.7
2018-08-06,635.9,428.5
2018-08-07,690.1000000000001,448.6000000000001
2018-08-08,456.8,284.7
2018-08-09,410.90000000000003,268.0333333333333
2018-08-10,411.50000000000006,282.71666666666664
2018-08-11,445.70000000000005,277.69999999999993
2018-08-12,387.29999999999995,260.70000000000005
2018-08-13,386.4,265.90000000000003
2018-08-14,405.3,284.4
2018-08-15,530.9,339.2
2018-08-16,526.6999999999999,358.0
2018-08-17,529.0,322.09999999999997
2018-08-18,535.5,324.19999999999993
2018-08-19,420.2,287.70000000000005
2018-08-20,430.40000000000003,284.4
2018-08-21,409.6000000000001,295.4
2018-08-22,534.0000000000001,401.4999999999999
2018-08-23,383.8,267.05
2018-08-24,383.0,231.85000000000002
2018-08-25,321.40000000000003,218.4
2018-08-26,419.29999999999995,287.80000000000007
2018-08-27,360.3999999999999,256.1
2018-08-28,489.0999999999999,348.3
2018-08-29,352.70000000000005,293.9
2018-08-30,375.7,257.79999999999995
2018-08-31,510.3,369.5
2018-09-01,653.8,450.20000000000005
2018-09-02,636.9,499.1
2018-09-03,656.4999999999999,524.2
2018-09-04,428.69999999999993,351.2
2018-09-05,414.90000000000003,327.24999999999994
2018-09-06,465.8,377.70000000000005
2018-09-07,439.4000000000001,287.3
2018-09-08,583.1,337.6
2018-09-09,442.8,293.59999999999997
2018-09-10,517.5999999999999,315.30000000000007
2018-09-11,463.90000000000003,365.69999999999993
2018-09-12,250.49999999999997,227.19999999999996
2018-09-13,543.9999999999999,406.29999999999995
2018-09-14,502.0,377.59999999999997
2018-09-15,552.6999999999999,356.79999999999995
2018-09-16,472.3,320.1
2018-09-17,487.20000000000005,358.5
2018-09-18,513.8000000000001,344.59999999999997
2018-09-19,600.1999999999999,363.3
2018-09-20,602.3,371.20000000000005
2018-09-21,462.19999999999993,301.90000000000003
2018-09-22,442.1000000000001,340.06470588235294
2018-09-23,188.225,443.8823529411765
2018-09-24,340.72499999999997,515.0529411764707
2018-09-25,670.0000000000001,491.09999999999997
2018-09-26,681.3,490.2000000000001
2018-09-27,745.15,540.3500000000001
2018-09-28,358.19999999999993,199.19999999999996
2018-09-29,643.8000000000001,398.7
2018-09-30,456.5,316.8
2018-10-01,345.59999999999997,217.40000000000006
2018-10-02,398.3000000000001,251.70000000000002
2018-10-03,486.7,341.8999999999999
2018-10-04,696.4000000000001,504.2
2018-10-05,882.5,606.5000000000001
2018-10-06,362.79999999999995,289.7999999999999
2018-10-07,363.49999999999994,240.39999999999998
2018-10-08,552.0000000000001,357.9
2018-10-09,649.8000000000001,433.9
2018-10-10,1226.1000000000001,970.3
2018-10-11,595.4,396.6
2018-10-12,511.6,286.0
2018-10-13,533.7,329.20000000000005
2018-10-14,155.79999999999998,150.575
2018-10-15,309.9,293.125
2018-10-16,778.3000000000001,546.4
2018-10-17,549.6999999999999,378.3999999999999
2018-10-18,413.90000000000003,286.2
2018-10-19,535.1999999999999,378.19999999999993
2018-10-20,1106.3999999999999,822.5
2018-10-21,653.0,512.0
2018-10-22,484.3,272.40000000000003
2018-10-23,609.9,332.4999999999999
2018-10-24,544.1,342.29999999999995
2018-10-25,551.3,374.7
2018-10-26,328.0999999999999,210.19999999999996
2018-10-27,154.50000000000003,113.8
2018-10-28,159.25000000000003,129.0
2018-10-29,175.5,138.79999999999998
2018-10-30,430.0,309.90000000000003
2018-10-31,646.4000000000001,455.0000000000001
2018-11-01,572.8,454.09999999999997
2018-11-02,807.0999999999999,498.1
2018-11-03,644.8000000000001,433.0
2018-11-04,677.4000000000001,481.79999999999995
2018-11-05,1331.0,1057.8999999999999
2018-11-06,796.9999999999998,606.5000000000001
2018-11-07,431.7,286.6
2018-11-08,583.9,289.6000000000001
2018-11-09,531.3000000000001,312.19999999999993
2018-11-10,528.9000000000001,324.5000000000001
2018-11-11,422.79999999999995,273.2
2018-11-12,533.2,316.0999999999999
2018-11-13,674.5999999999999,343.5999999999999
2018-11-14,655.3000000000001,370.6
2018-11-15,820.1999999999999,611.7
2018-11-16,533.6,438.8999999999999
2018-11-17,777.1999999999998,622.2000000000002
2018-11-18,511.79999999999984,361.1000000000001
2018-11-19,233.6,171.5
2018-11-20,325.70000000000005,309.09999999999997
2018-11-21,718.9,619.4000000000001
2018-11-22,1257.8999999999999,1057.2
2018-11-23,1162.8,941.0999999999999
2018-11-24,735.9000000000001,630.8000000000001
2018-11-25,516.1,458.40000000000003
2018-11-26,376.19999999999993,289.09999999999997
2018-11-27,613.4,502.3999999999999
2018-11-28,432.5,291.20000000000005
2018-11-29,458.1999999999999,259.70000000000005
2018-11-30,623.6000000000001,356.29999999999995
2018-12-01,406.40000000000003,285.1
2018-12-02,319.2,221.3
2018-12-03,479.0,270.9
2018-12-04,665.1000000000001,430.5
2018-12-05,501.8,359.4000000000001
2018-12-06,485.70000000000005,336.29999999999995
2018-12-07,375.59999999999997,258.19999999999993
2018-12-08,489.29999999999995,271.0
2018-12-09,287.69999999999993,186.49999999999997
2018-12-10,484.1499999999999,302.4
2018-12-11,826.3499999999999,546.0999999999999
2018-12-12,598.3,422.7
2018-12-13,612.3928571428572,495.2
2018-12-14,768.9571428571429,641.6000000000001
2018-12-15,553.8,534.2
2018-12-16,475.05,302.50000000000006
2018-12-17,653.7499999999998,371.65000000000003
2018-12-18,509.29999999999984,313.7
2018-12-19,428.0,295.0
2018-12-20,502.50000000000006,307.1
2018-12-21,605.0,325.0999999999999
2018-12-22,540.9,330.9
2018-12-23,292.09999999999997,220.3
2018-12-24,476.8999999999999,417.40000000000003
2018-12-25,693.7999999999998,618.2999999999998
2018-12-26,550.6,473.90000000000003
2018-12-27,1108.8999999999999,1025.0
2018-12-28,907.7000000000003,794.1
2018-12-29,502.0000000000001,381.1
2018-12-30,390.6,374.00000000000006
2018-12-31,266.40000000000003,246.60000000000002
2019-01-01,338.99999999999994,231.6
2019-01-02,372.69999999999993,191.34999999999997
2019-01-03,380.79999999999995,274.79999999999995
2019-01-04,763.1999999999998,628.3
2019-01-05,670.2999999999998,571.3
2019-01-06,664.9,482.0999999999999
2019-01-07,604.2999999999998,371.09999999999997
2019-01-08,465.5,217.79999999999998
2019-01-09,336.1,214.9
2019-01-10,839.0,664.0
2019-01-11,569.6000000000001,442.40000000000003
2019-01-12,386.7000000000001,260.09999999999997
2019-01-13,280.8,193.6
2019-01-14,428.5,250.69999999999996
2019-01-15,517.8000000000001,319.09999999999997
2019-01-16,351.40000000000003,260.6
2019-01-17,337.0999999999999,223.1
2019-01-18,650.1999999999999,366.8000000000001
2019-01-19,617.4,385.3
2019-01-20,794.0000000000001,687.7
2019-01-21,1257.9999999999998,927.0
2019-01-22,528.4357142857143,349.7642857142856
2019-01-23,517.9142857142857,428.88571428571436
2019-01-24,955.7,813.9
2019-01-25,692.2,577.2
2019-01-26,462.6,271.90000000000003
2019-01-27,321.90000000000003,179.0
2019-01-28,535.4000000000001,244.79999999999998
2019-01-29,768.8,359.59999999999985
2019-01-30,502.20000000000005,346.7
2019-01-31,889.4,617.8999999999999
2019-02-01,333.30000000000007,296.8051724137931
2019-02-02,364.0,401.44137931034487
2019-02-03,664.3999999999999,439.10344827586204
2019-02-04,467.99999999999994,421.44642857142856
2019-02-05,531.0,437.80357142857144
2019-02-06,595.8000000000001,443.5
2019-02-07,508.9,354.00000000000006
2019-02-08,380.9000000000001,331.40000000000003
2019-02-09,469.50000000000006,339.79999999999995
2019-02-10,246.79999999999998,258.49999999999994
2019-02-11,411.40000000000003,328.5
2019-02-12,761.7,502.3999999999999
2019-02-13,825.9000000000002,565.0000000000001
2019-02-14,1099.4000000000003,774.7
2019-02-15,1299.4,936.3000000000001
2019-02-16,1054.9,764.3000000000001
2019-02-17,914.3999999999999,627.0999999999999
2019-02-18,646.9999999999999,400.99999999999994
2019-02-19,737.4000000000001,367.99999999999994
2019-02-20,682.5,407.7
2019-02-21,848.9999999999999,563.4
2019-02-22,1042.6999999999998,820.0000000000002
2019-02-23,990.7,920.6
2019-02-24,1140.2,1030.5
2019-02-25,1314.7,1087.0
2019-02-26,1479.6000000000001,1127.3999999999999
2019-02-27,1647.2999999999997,1319.9
2019-02-28,967.4999999999999,797.0000000000001
2019-03-01,798.6,624.6
2019-03-02,542.5000000000001,341.1
2019-03-03,348.5,228.9
2019-03-04,456.1000000000001,246.00000000000003
2019-03-05,523.8999999999999,275.00000000000006
2019-03-06,505.1000000000001,324.8
2019-03-07,391.25000000000006,239.19999999999996
2019-03-08,529.1999999999999,331.0
2019-03-09,662.8000000000002,361.00000000000006
2019-03-10,297.90000000000003,225.7
2019-03-11,506.0,254.69999999999996
2019-03-12,402.90000000000003,258.40000000000003
2019-03-13,528.1000000000001,291.4
2019-03-14,400.1,282.50000000000006
2019-03-15,348.0,247.4
2019-03-16,391.19999999999993,256.5
2019-03-17,267.75,197.0
2019-03-18,498.3,316.1
2019-03-19,703.5,489.20000000000005
2019-03-20,588.4,405.09999999999997
2019-03-21,629.4000000000001,443.09999999999997
2019-03-22,628.1,501.7999999999999
2019-03-23,558.8,401.8999999999999
2019-03-24,511.5999999999999,345.4
2019-03-25,398.0,250.00000000000003
2019-03-26,711.9,444.8
2019-03-27,476.69999999999993,324.3
2019-03-28,747.8000000000001,541.1
2019-03-29,1150.9,824.9000000000001
2019-03-30,1362.1000000000001,1134.0000000000002
2019-03-31,748.7999999999998,548.4
2019-04-01,619.7,335.40000000000003
2019-04-02,747.6,573.3
2019-04-03,473.0,355.6
2019-04-04,433.09999999999997,278.59999999999997
2019-04-05,550.5,390.19999999999993
2019-04-06,451.70000000000005,382.09999999999997
2019-04-07,1084.4,1046.1000000000001
2019-04-08,1154.3999999999999,1066.4999999999998
2019-04-09,899.8,775.4000000000001
2019-04-10,452.80000000000007,294.59999999999997
2019-04-11,482.59999999999997,313.0
2019-04-12,459.59999999999997,365.74999999999994
2019-04-13,432.7999999999999,365.2999999999999
2019-04-14,607.6999999999999,521.05
2019-04-15,1048.2,862.7
2019-04-16,1384.4,1172.8
2019-04-17,1485.7999999999997,1236.6
2019-04-18,1362.8000000000002,1157.6000000000001
2019-04-19,928.0999999999999,747.5999999999999
2019-04-20,896.1999999999999,723.5000000000002
2019-04-21,948.2999999999998,809.1999999999998
2019-04-22,1373.1000000000001,1204.1
2019-04-23,1054.3999999999999,780.4000000000002
2019-04-24,902.3000000000001,644.4000000000001
2019-04-25,410.0,265.0
2019-04-26,510.6,294.0
2019-04-27,474.5000000000001,287.40000000000003
2019-04-28,284.90000000000003,223.4
2019-04-29,542.7,437.8999999999999
2019-04-30,768.8,600.3
2019-05-01,683.1,547.9
2019-05-02,351.20000000000005,312.79999999999995
2019-05-03,413.2499999999999,328.80000000000007
2019-05-04,290.7,159.59999999999997
2019-05-05,525.6,285.6
2019-05-06,340.79999999999995,248.95000000000002
2019-05-07,562.0,403.25
2019-05-08,502.0,367.9
2019-05-09,719.13125,491.36875
2019-05-10,747.275,496.32500000000005
2019-05-11,698.0749999999998,411.125
2019-05-12,648.8750000000001,325.92500000000007
2019-05-13,497.24375,272.55625
2019-05-14,452.69999999999993,319.29999999999995
2019-05-15,792.7,536.0999999999999
2019-05-16,583.9000000000002,399.70000000000005
2019-05-17,483.09999999999997,397.8
2019-05-18,608.6,537.3499999999999
2019-05-19,569.4999999999999,577.1999999999999
2019-05-20,517.5,475.2
2019-05-21,354.9,270.0
2019-05-22,510.3,345.2
2019-05-23,534.7,358.65000000000003
2019-05-24,416.75,342.49999999999994
2019-05-25,300.1999999999999,287.5999999999999
2019-05-26,375.69999999999993,333.95000000000005
2019-05-27,396.2999999999999,279.6
2019-05-28,224.79999999999998,209.19999999999996
2019-05-29,478.79999999999995,356.80000000000007
2019-05-30,501.1999999999999,374.54999999999995
2019-05-31,416.3,360.79999999999995
2019-06-01,461.99999999999994,392.1375
2019-06-02,436.00000000000006,405.8125
2019-06-03,549.8,365.1
2019-06-04,581.5,432.09999999999997
2019-06-05,472.30000000000007,307.85
2019-06-06,468.4,204.49999999999997
2019-06-07,443.79999999999995,225.70000000000002
2019-06-08,436.1000000000001,166.3
2019-06-09,423.29999999999984,184.39999999999995
2019-06-10,254.6875,132.4227272727273
2019-06-11,209.21249999999995,79.62727272727271
2019-06-12,292.79999999999995,163.49999999999997
2019-06-13,448.29999999999995,240.49999999999997
2019-06-14,518.6999999999999,209.7
2019-06-15,527.3000000000001,184.89999999999998
2019-06-16,412.3999999999999,168.4
2019-06-17,491.1000000000001,216.1
2019-06-18,516.9,263.00000000000006
2019-06-19,594.8000000000002,326.00000000000006
2019-06-20,492.3999999999999,223.7
2019-06-21,450.0,190.69999999999996
2019-06-22,449.4,198.60000000000002
2019-06-23,725.5999999999999,449.0
2019-06-24,913.3,569.6000000000001
2019-06-25,582.2999999999998,364.49999999999994
2019-06-26,367.0,202.59999999999997
2019-06-27,471.6000000000001,208.79999999999995
2019-06-28,672.7,276.1
2019-06-29,752.6999999999999,369.9
2019-06-30,425.8999999999999,170.58861788617887
2019-07-01,288.8,155.09268292682927
2019-07-02,285.5,194.89756097560974
2019-07-03,395.1,234.70243902439023
2019-07-04,394.7,274.5073170731708
2019-07-05,477.2,317.0113821138211
2019-07-06,236.20000000000002,129.7
2019-07-07,380.1,189.40975609756097
2019-07-08,412.09999999999997,186.09024390243903
2019-07-09,550.3,288.09999999999997
2019-07-10,604.9000000000001,365.09999999999997
2019-07-11,448.69999999999993,256.29999999999995
2019-07-12,262.50000000000006,133.00000000000003
2019-07-13,234.49999999999997,135.8
2019-07-14,226.50000000000003,109.80000000000001
2019-07-15,304.3,109.50000000000001
2019-07-16,528.8,255.29999999999998
2019-07-17,597.1999999999999,323.0
2019-07-18,488.2999999999999,208.8
2019-07-19,449.7000000000001,162.8
2019-07-20,418.90000000000003,115.7
2019-07-21,491.20000000000005,120.50000000000003
2019-07-22,583.0,220.90000000000003
2019-07-23,702.0999999999999,282.1
2019-07-24,768.4,374.19999999999993
2019-07-25,814.9000000000001,369.8000000000001
2019-07-26,558.6,248.30000000000004
2019-07-27,299.6,84.19999999999999
2019-07-28,353.29999999999995,77.69999999999999
2019-07-29,443.53853211009175,153.88163265306122
2019-07-30,497.9119266055045,174.94897959183677
2019-07-31,547.0568807339449,170.54081632653057
2019-08-01,596.2018348623852,166.13265306122452
2019-08-02,644.9908256880735,161.72448979591832
2019-08-03,474.3,157.31632653061226
2019-08-04,514.6999999999999,152.9081632653061
2019-08-05,491.70000000000005,148.50000000000003
2019-08-06,489.79999999999995,159.09693877551018
2019-08-07,506.1499999999999,164.19999999999996
2019-08-08,438.6000000000001,177.49999999999997
2019-08-09,457.40000000000003,169.70000000000002
2019-08-10,539.9999999999999,194.1
2019-08-11,476.90000000000015,166.39999999999998
2019-08-12,414.20000000000005,180.09999999999997
2019-08-13,351.49999999999994,132.35
2019-08-14,359.29999999999995,189.8
2019-08-15,356.4,132.10000000000002
2019-08-16,373.29999999999995,190.1
2019-08-17,418.4,174.6
2019-08-18,389.1,165.50000000000003
2019-08-19,457.4,178.2
2019-08-20,515.4,214.29999999999998
2019-08-21,543.0,246.99999999999994
2019-08-22,519.8,258.7
2019-08-23,522.0999999999999,278.90000000000003
2019-08-24,830.0999999999999,574.3
2019-08-25,970.6000000000001,748.6999999999999
2019-08-26,800.4000000000001,581.78
2019-08-27,703.0000000000001,400.82
2019-08-28,433.7,227.0
2019-08-29,358.5,156.99999999999997
2019-08-30,431.90000000000003,198.60000000000002
2019-08-31,437.9,195.09999999999997
2019-09-01,262.1,85.2
2019-09-02,443.50000000000006,170.1
2019-09-03,406.99999999999994,178.4
2019-09-04,324.3,54.9
2019-09-05,298.4,74.85000000000001
2019-09-06,451.0000000000001,192.89999999999998
2019-09-07,239.79999999999998,73.2
2019-09-08,255.1,90.8
2019-09-09,436.79999999999995,231.5
2019-09-10,457.2999999999999,245.00000000000003
2019-09-11,439.29999999999995,170.9
2019-09-12,434.7,206.09999999999997
2019-09-13,326.90000000000003,128.04999999999998
2019-09-14,475.90000000000003,233.7
2019-09-15,418.0,243.10000000000002
2019-09-16,380.5,246.5
2019-09-17,285.7,116.00000000000001
2019-09-18,446.0,149.1
2019-09-19,495.59999999999997,200.90000000000006
2019-09-20,688.6,295.90000000000003
2019-09-21,699.5,305.1
2019-09-22,497.59999999999997,261.8
2019-09-23,368.6,148.79999999999998
2019-09-24,385.1000000000001,192.0
2019-09-25,361.1,159.6
2019-09-26,450.0,215.0
2019-09-27,452.9,201.0
2019-09-28,386.4,154.79999999999998
2019-09-29,227.8,89.99999999999999
2019-09-30,397.7999999999999,197.5
2019-10-01,370.6,167.4
2019-10-02,259.79999999999995,105.49999999999997
2019-10-03,548.3,322.1
2019-10-04,599.6,309.0
2019-10-05,398.1,256.2
2019-10-06,292.5999999999999,156.70000000000002
2019-10-07,380.20000000000005,193.20000000000002
2019-10-08,595.0,260.7
2019-10-09,427.1,185.7
2019-10-10,498.4000000000001,218.9
2019-10-11,347.7,169.2
2019-10-12,322.6,162.7
2019-10-13,303.90000000000003,126.44999999999997
2019-10-14,403.90000000000003,218.79999999999995
2019-10-15,400.5999999999999,224.20000000000002
2019-10-16,463.50000000000006,256.79999999999995
2019-10-17,441.1000000000001,226.6
2019-10-18,408.5,181.39999999999998
2019-10-19,448.09999999999997,240.20000000000002
2019-10-20,297.5,177.10000000000002
2019-10-21,225.0,83.0
2019-10-22,618.7499999999999,458.77241379310345
2019-10-23,855.6,483.62758620689664
2019-10-24,769.4000000000002,547.3000000000001
2019-10-25,430.30000000000007,171.4
2019-10-26,318.0,151.3
2019-10-27,356.00000000000006,203.8
2019-10-28,413.0,252.7
2019-10-29,280.3,115.19999999999999
2019-10-30,563.1,310.6
2019-10-31,921.1999999999999,679.7
2019-11-01,459.7,325.2
2019-11-02,362.4,173.0
2019-11-03,485.5999999999999,271.40000000000003
2019-11-04,458.1,252.29999999999998
2019-11-05,326.1,212.49999999999997
2019-11-06,692.4,461.8
2019-11-07,474.0999999999999,240.20000000000002
2019-11-08,487.8,310.80000000000007
2019-11-09,478.2,300.6
2019-11-10,378.4,245.60000000000002
2019-11-11,427.4,218.39999999999995
2019-11-12,393.0,205.0
2019-11-13,425.2,228.4
2019-11-14,316.20000000000005,177.9
2019-11-15,344.0,209.00000000000003
2019-11-16,488.09999999999997,382.7000000000001
2019-11-17,638.4,544.3999999999999
2019-11-18,285.6,145.4
2019-11-19,814.3999999999997,550.1999999999999
2019-11-20,514.5,284.7
2019-11-21,909.8999999999999,633.6999999999999
2019-11-22,379.79999999999995,218.6
2019-11-23,478.6,337.19999999999993
2019-11-24,568.1,412.70000000000005
2019-11-25,364.59999999999997,212.9
2019-11-26,364.20000000000005,200.6
2019-11-27,354.5999999999999,226.29999999999998
2019-11-28,359.0,222.30000000000004
2019-11-29,403.00000000000006,218.60000000000002
2019-11-30,540.0,394.1
2019-12-01,245.00000000000003,160.29999999999998
2019-12-02,694.9999999999999,485.1
2019-12-03,848.0999999999999,567.7000000000002
2019-12-04,977.3,686.0999999999999
2019-12-05,975.5000000000001,649.9000000000002
2019-12-06,341.0,229.10000000000005
2019-12-07,377.8,187.29999999999998
2019-12-08,337.29999999999995,165.00000000000006
2019-12-09,326.4,146.2
2019-12-10,392.2,217.5
2019-12-11,453.8000000000001,262.7
2019-12-12,521.2,350.69999999999993
2019-12-13,361.5,196.4
2019-12-14,415.70000000000016,195.40000000000003
2019-12-15,307.59999999999997,126.8
2019-12-16,337.0,190.60000000000002
2019-12-17,365.09999999999997,298.8
2019-12-18,393.7000000000001,237.0
2019-12-19,418.90000000000003,260.8
2019-12-20,265.69999999999993,167.0
2019-12-21,264.5,135.39999999999998
2019-12-22,311.0,182.70000000000002
2019-12-23,394.40000000000003,197.7
2019-12-24,342.50000000000006,182.6
2019-12-25,313.5,200.70000000000005
2019-12-26,301.4,175.20000000000002
2019-12-27,400.50000000000006,325.5
2019-12-28,524.3999999999999,411.9000000000001
2019-12-29,520.3,437.00000000000006
2019-12-30,641.7000000000002,537.7
2019-12-31,679.3,500.9
2020-01-01,972.6000000000001,892.4
2020-01-02,364.49999999999994,234.19999999999993
2020-01-03,285.6,127.60000000000002
2020-01-04,339.20000000000005,200.49999999999997
2020-01-05,257.6,162.3
2020-01-06,352.90000000000003,197.99999999999994
2020-01-07,461.80000000000007,193.20000000000002
2020-01-08,554.0,276.70000000000005
2020-01-09,310.8,162.1
2020-01-10,270.09999999999997,186.29999999999995
2020-01-11,352.8,138.9
2020-01-12,259.0,107.39999999999999
2020-01-13,305.20000000000005,117.89999999999999
2020-01-14,289.79999999999995,123.69999999999999
2020-01-15,306.70000000000005,152.7
2020-01-16,378.8,192.49999999999997
2020-01-17,297.4,169.1
2020-01-18,367.3,210.59999999999997
2020-01-19,404.0999999999999,246.49999999999997
2020-01-20,1009.1000000000003,720.0999999999999
2020-01-21,1026.9,794.5
2020-01-22,691.4,579.9
2020-01-23,435.99999999999994,355.6
2020-01-24,552.1,438.3000000000001
2020-01-25,749.2000000000002,527.6999999999999
2020-01-26,551.9,381.2
2020-01-27,304.88301886792453,134.87547169811322
2020-01-28,420.45283018867923,180.52075471698114
2020-01-29,545.9641509433961,216.50377358490564
2020-01-30,369.20000000000005,165.4
2020-01-31,241.5,103.0
2020-02-01,432.5999999999999,161.9
2020-02-02,464.49999999999994,190.5
2020-02-03,506.0,186.10000000000002
2020-02-04,365.00000000000006,109.80000000000001
2020-02-05,752.3000000000001,388.6
2020-02-06,846.3000000000001,479.90000000000003
2020-02-07,868.8,576.4999999999999
2020-02-08,536.7,213.00000000000003
2020-02-09,273.6,63.8
2020-02-10,339.09999999999997,125.6
2020-02-11,436.1,130.5
2020-02-12,392.7,149.7
2020-02-13,280.09999999999997,148.8
2020-02-14,561.8,224.70000000000002
2020-02-15,211.0,68.49999999999999
2020-02-16,153.10000000000002,45.29999999999999
2020-02-17,436.69999999999993,156.20000000000002
2020-02-18,357.00000000000006,136.9
2020-02-19,429.3,172.8
2020-02-20,248.70000000000002,81.49999999999999
2020-02-21,505.9,169.1
2020-02-22,481.0,149.9
2020-02-23,214.59999999999994,70.10000000000001
2020-02-24,232.70000000000002,86.7
2020-02-25,319.6,114.8
2020-02-26,344.3,109.50000000000003
2020-02-27,274.4,107.59999999999998
2020-02-28,349.2,162.00000000000003
2020-02-29,434.9,171.5
2020-03-01,326.0,115.69999999999999
2020-03-02,239.9,103.2
2020-03-03,463.39999999999986,199.90000000000006
2020-03-04,457.9,229.20000000000002
2020-03-05,302.69999999999993,178.1
2020-03-06,465.00000000000006,221.60000000000002
2020-03-07,638.3,347.6
2020-03-08,325.2000000000001,125.29999999999997
2020-03-09,385.70000000000005,161.2
2020-03-10,194.9,89.09999999999998
2020-03-11,267.90000000000003,81.8
2020-03-12,402.2,129.70000000000002
2020-03-13,426.3999999999999,168.8
2020-03-14,295.7,111.00000000000001
2020-03-15,233.9,88.39999999999999
2020-03-16,356.29999999999995,175.89999999999998
2020-03-17,386.4,150.20000000000002
2020-03-18,374.4999999999999,163.20000000000002
2020-03-19,328.80000000000007,184.7
2020-03-20,251.70000000000002,56.300000000000004
2020-03-21,304.09999999999997,116.3
2020-03-22,381.3,192.29999999999998
2020-03-23,475.99999999999994,267.1
2020-03-24,427.40000000000003,270.2
2020-03-25,677.7,494.9
2020-03-26,787.9,629.1
2020-03-27,816.3999999999999,641.2999999999998
2020-03-28,527.8000000000001,300.19999999999993
2020-03-29,296.70000000000005,81.69999999999999
2020-03-30,219.79999999999998,77.69999999999999
2020-03-31,308.4,133.0
2020-04-01,295.49999999999994,183.70000000000005
2020-04-02,240.89999999999998,133.2
2020-04-03,323.19999999999993,157.9
2020-04-04,354.8,251.4
2020-04-05,342.40000000000003,229.09999999999997
2020-04-06,300.25,137.1
2020-04-07,476.0,290.1
2020-04-08,1057.4999999999998,805.6999999999999
2020-04-09,1242.2,1044.4000000000003
2020-04-10,952.9000000000001,679.1000000000003
2020-04-11,745.5000000000001,532.1999999999999
2020-04-12,583.0000000000001,437.6
2020-04-13,320.30000000000007,129.7
2020-04-14,296.7,134.9
2020-04-15,619.5,388.1
2020-04-16,1133.6000000000001,835.0000000000001
2020-04-17,463.0999999999999,208.59999999999994
2020-04-18,515.0,280.90000000000003
2020-04-19,436.7,229.60000000000005
2020-04-20,475.8,203.40000000000003
2020-04-21,586.0,233.0
2020-04-22,609.0999999999999,302.0
2020-04-23,718.9,437.79999999999995
2020-04-24,683.9999999999999,479.9999999999999
2020-04-25,415.59999999999997,257.1
2020-04-26,415.99999999999994,268.1
2020-04-27,573.3000000000001,378.19999999999993
2020-04-28,184.9,101.70000000000002
2020-04-29,313.40000000000003,132.2
2020-04-30,267.1,58.79999999999999
2020-05-01,269.50000000000006,85.5
2020-05-02,194.99999999999997,73.7
2020-05-03,296.2,136.29999999999998
2020-05-04,349.50000000000006,185.30000000000004
2020-05-05,304.6000000000001,104.49999999999997
2020-05-06,425.7,208.1
2020-05-07,555.4,337.3999999999999
2020-05-08,481.29999999999995,327.1
2020-05-09,758.3999999999999,597.0
2020-05-10,462.4999999999999,302.09999999999997
2020-05-11,238.5,52.20000000000001
2020-05-12,223.5,91.10000000000001
2020-05-13,213.0,80.19999999999999
2020-05-14,185.20000000000002,72.5
2020-05-15,271.09999999999997,145.9
2020-05-16,221.00000000000003,129.2
2020-05-17,293.0,168.89999999999998
2020-05-18,310.09999999999997,144.4
2020-05-19,270.2,131.0
2020-05-20,330.3,167.19999999999996
2020-05-21,392.80000000000007,203.60000000000002
2020-05-22,479.7000000000001,195.60000000000002
2020-05-23,415.3999999999999,110.5
2020-05-24,326.2,118.89999999999999
2020-05-25,360.9,191.30000000000004
2020-05-26,303.59999999999997,153.39999999999998
2020-05-27,320.40000000000003,159.4
2020-05-28,285.5,109.40000000000002
2020-05-29,327.2,134.8
2020-05-30,345.2,176.09999999999997
2020-05-31,292.4,141.90000000000003
2020-06-01,291.4,146.20000000000002
2020-06-02,288.40000000000003,158.4
2020-06-03,397.7,244.79999999999995
2020-06-04,190.29999999999998,76.19999999999999
2020-06-05,191.2,68.3
2020-06-06,222.9,96.50000000000001
2020-06-07,196.3,100.5
2020-06-08,218.1,90.8
2020-06-09,275.9,138.0
2020-06-10,377.8999999999999,217.1
2020-06-11,333.70000000000005,238.99999999999997
2020-06-12,487.7,401.99999999999994
2020-06-13,297.29999999999995,163.0
2020-06-14,350.50000000000006,236.20000000000005
2020-06-15,285.0,156.29999999999998
2020-06-16,274.7,149.79999999999998
2020-06-17,305.5,179.2
2020-06-18,230.70000000000002,129.8
2020-06-19,247.6,131.5
2020-06-20,240.4,107.50000000000003
2020-06-21,224.70000000000002,99.9
2020-06-22,334.40000000000003,148.1
2020-06-23,371.0,185.60000000000002
2020-06-24,517.1,336.9
2020-06-25,519.1,339.6
2020-06-26,470.8999999999999,333.79999999999995
2020-06-27,233.00000000000006,103.8
2020-06-28,215.6,67.2
2020-06-29,256.4,100.89999999999999
2020-06-30,256.1,82.4
2020-07-01,218.75,99.64999999999999
2020-07-02,207.80000000000004,122.19999999999997
2020-07-03,276.5,172.60000000000002
2020-07-04,185.79999999999998,118.2
2020-07-05,228.50000000000003,116.3
2020-07-06,223.39999999999995,134.4
2020-07-07,264.70000000000005,179.6
2020-07-08,220.70000000000005,119.19999999999999
2020-07-09,229.10000000000002,143.3
2020-07-10,136.20000000000002,58.8
2020-07-11,169.29999999999998,109.29999999999998
2020-07-12,283.09999999999997,200.1
2020-07-13,250.7,151.10000000000002
2020-07-14,173.8,125.7
2020-07-15,174.5,108.2
2020-07-16,138.2,82.7
2020-07-17,270.6,187.80000000000004
2020-07-18,200.20000000000005,127.79999999999998
2020-07-19,132.60000000000002,87.1
2020-07-20,176.1,82.8
2020-07-21,188.8,103.7
2020-07-22,320.40000000000003,188.39999999999998
2020-07-23,289.1,177.2
2020-07-24,219.6,146.00000000000003
2020-07-25,174.7,126.6
2020-07-26,209.2,116.69999999999999
2020-07-27,231.3,131.8
2020-07-28,202.0867924528302,107.89056603773585
2020-07-29,248.37735849056602,145.6981132075472
2020-07-30,299.2358490566038,169.311320754717
2020-07-31,583.5999999999999,376.9
2020-08-01,256.25000000000006,150.3
2020-08-02,182.99999999999994,125.4
2020-08-03,153.79999999999998,110.7
2020-08-04,268.19999999999993,179.1
2020-08-05,206.6,112.10000000000001
2020-08-06,211.7,144.1
2020-08-07,465.9,329.1
2020-08-08,517.6,403.7
2020-08-09,514.3,445.59999999999997
2020-08-10,579.1999999999999,466.9000000000001
2020-08-11,801.5999999999999,736.7
2020-08-12,998.4,940.8000000000001
2020-08-13,602.7999999999998,588.1999999999998
2020-08-14,310.8999999999999,266.0
2020-08-15,377.3,333.0
2020-08-16,584.0000000000001,542.1999999999999
2020-08-17,297.3999999999999,228.29999999999998
2020-08-18,190.0,146.10000000000002
2020-08-19,199.79999999999998,168.60000000000002
2020-08-20,328.80000000000007,205.4
2020-08-21,249.20000000000002,167.3
2020-08-22,180.30000000000004,142.4
2020-08-23,214.62286585365854,177.9
2020-08-24,236.1262195121951,189.74999999999994
2020-08-25,237.03353658536588,133.5
2020-08-26,237.9408536585366,137.0
2020-08-27,238.8481707317074,183.80000000000004
2020-08-28,239.75548780487804,119.99999999999997
2020-08-29,240.66280487804875,87.59999999999998
2020-08-30,241.5701219512195,108.3
2020-08-31,242.47743902439032,126.0
2020-09-01,243.38475609756105,289.79999999999995
2020-09-02,244.2920731707317,254.09999999999997
2020-09-03,245.19939024390243,175.1
2020-09-04,246.10670731707316,178.49999999999997
2020-09-05,247.01402439024395,191.69999999999996
2020-09-06,247.92134146341468,198.6
2020-09-07,248.82865853658535,224.6
2020-09-08,249.73597560975605,158.29999999999998
2020-09-09,250.64329268292684,152.49999999999997
2020-09-10,251.55060975609766,154.9
2020-09-11,252.45792682926833,259.90000000000003
2020-09-12,253.36524390243898,177.60000000000005
2020-09-13,254.27256097560976,176.09999999999997
2020-09-14,255.1798780487805,344.5
2020-09-15,256.0871951219513,733.2000000000002
2020-09-16,256.994512195122,450.80000000000007
2020-09-17,257.90182926829266,128.70000000000002
2020-09-18,258.80914634146336,155.00000000000006
2020-09-19,259.7164634146342,171.8
2020-09-20,260.62378048780494,207.3
2020-09-21,261.53109756097564,371.09999999999997
2020-09-22,262.4384146341463,442.79999999999984
2020-09-23,263.3457317073171,213.00000000000003
2020-09-24,264.2530487804878,118.10000000000001
2020-09-25,265.1603658536586,129.89999999999998
2020-09-26,266.06768292682926,92.9
2020-09-27,266.9749999999999,109.3
2020-09-28,267.8823170731707,210.09999999999997
2020-09-29,268.78963414634154,257.80000000000007
2020-09-30,269.69695121951224,202.99999999999997
2020-10-01,270.60426829268295,151.0
2020-10-02,271.5115853658536,141.9
2020-10-03,272.4189024390244,185.8
2020-10-04,273.32621951219517,93.4
2020-10-05,274.2335365853659,213.40909090909088
2020-10-06,275.14085365853657,223.72363636363636
2020-10-07,276.0481707317073,213.8672727272727
2020-10-08,276.95548780487803,126.7
2020-10-09,277.8628048780489,239.40000000000006
2020-10-10,278.77012195121955,153.89999999999998
2020-10-11,279.67743902439025,118.10000000000001
2020-10-12,280.58475609756096,246.49999999999997
2020-10-13,281.4920731707317,132.4
2020-10-14,282.39939024390253,154.8
2020-10-15,283.30670731707323,98.0
2020-10-16,284.2140243902439,86.21677730838866
2020-10-17,285.12134146341464,85.83439951719976
2020-10-18,286.02865853658534,85.45202172601086
2020-10-19,286.9359756097562,85.06964393482195
2020-10-20,287.84329268292686,84.68726614363305
2020-10-21,288.7506097560975,84.30488835244418
2020-10-22,289.65792682926826,83.9225105612553
2020-10-23,290.5652439024391,83.5401327700664
2020-10-24,291.47256097560984,83.1577549788775
2020-10-25,292.3798780487805,82.7753771876886
2020-10-26,293.2871951219512,82.3929993964997
2020-10-27,294.1945121951219,82.0106216053108
2020-10-28,295.10182926829276,81.6282438141219
2020-10-29,296.0091463414635,81.245866022933
2020-10-30,296.91646341463417,80.8634882317441
2020-10-31,297.8237804878048,80.48111044055521
2020-11-01,298.73109756097557,80.09873264936631
2020-11-02,299.6384146341464,79.71635485817741
2020-11-03,300.54573170731715,79.33397706698851
2020-11-04,301.4530487804878,78.95159927579961
2020-11-05,302.3603658536585,78.56922148461074
2020-11-06,303.2676829268292,78.18684369342185
2020-11-07,304.1750000000001,77.80446590223296
2020-11-08,305.08231707317077,77.42208811104409
2020-11-09,305.9896341463414,77.03971031985519
2020-11-10,306.8969512195121,76.65733252866627
2020-11-11,307.8042682926829,76.27495473747737
2020-11-12,308.7115853658538,75.89257694628849
2020-11-13,464.7960365853658,75.51019915509958
2020-11-14,359.4000000000001,75.1278213639107
2020-11-15,237.04999999999998,74.7454435727218
2020-11-16,410.0999999999999,74.3630657815329
2020-11-17,414.5,73.980687990344
2020-11-18,426.59999999999997,73.5983101991551
2020-11-19,320.7,73.21593240796619
2020-11-20,427.19999999999993,72.8335546167773
2020-11-21,295.59999999999997,72.45117682558842
2020-11-22,311.1,72.06879903439952
2020-11-23,628.8,71.68642124321063
2020-11-24,401.5,71.30404345202173
2020-11-25,518.9,70.92166566083283
2020-11-26,488.1,70.53928786964393
2020-11-27,639.6,70.15691007845503
2020-11-28,1083.3,69.77453228726613
2020-11-29,767.5,69.39215449607724
2020-11-30,561.5000000000001,69.00977670488834
2020-12-01,279.09999999999997,68.62739891369944
2020-12-02,715.9,68.24502112251055
2020-12-03,369.5,67.86264333132165
2020-12-04,373.5,67.48026554013275
2020-12-05,329.2,67.09788774894385
2020-12-06,371.49999999999994,66.71550995775496
2020-12-07,474.1999999999999,66.33313216656609
2020-12-08,739.1000000000001,65.95075437537719
2020-12-09,550.4,65.56837658418833
2020-12-10,450.0,65.18599879299943
2020-12-11,438.79999999999995,64.80362100181053
2020-12-12,426.0,64.42124321062163
2020-12-13,253.20000000000002,64.03886541943272
2020-12-14,366.1,63.65648762824383
2020-12-15,421.29999999999995,63.27410983705495
2020-12-16,352.59999999999997,62.89173204586605
2020-12-17,438.3,62.50935425467715
2020-12-18,353.0882352941176,62.12697646348825
2020-12-19,258.7058823529412,61.744598672299354
2020-12-20,255.3176470588235,61.36222088111045
2020-12-21,251.9294117647059,60.97984308992155
2020-12-22,248.5411764705882,60.59746529873266
2020-12-23,250.51764705882354,60.21508750754376
2020-12-24,127.59999999999998,92.20066385033192
2020-12-25,229.10000000000002,171.0
2020-12-26,207.4000000000001,163.50000000000003
2020-12-27,219.9,218.4
2020-12-28,311.9,255.09999999999994
2020-12-29,391.9,309.90000000000003
2020-12-30,502.19999999999993,364.9
2020-12-31,449.50000000000006,384.70000000000005
2021-01-01,580.6,518.6000000000001
2021-01-02,201.79999999999998,170.3
2021-01-03,205.0,183.49999999999997
2021-01-04,164.6,150.25
2021-01-05,173.70000000000002,115.19999999999997
2021-01-06,212.60000000000002,167.0
2021-01-07,627.8999999999999,551.5
2021-01-08,615.0,571.3000000000001
2021-01-09,507.5,456.6000000000001
2021-01-10,492.49999999999994,465.2
2021-01-11,371.8,302.8
2021-01-12,193.5,184.3
2021-01-13,518.5000000000001,401.9999999999999
2021-01-14,181.0,165.1148148148148
2021-01-15,520.3,385.88518518518515
2021-01-16,320.3,259.4
2021-01-17,386.4000000000001,284.70000000000005
2021-01-18,492.0,326.79999999999995
2021-01-19,197.20000000000002,93.2
2021-01-20,265.23999999999995,140.9
2021-01-21,329.26,115.8
2021-01-22,419.50000000000006,209.0
2021-01-23,345.5,244.60000000000002
2021-01-24,342.99999999999994,239.60000000000002
2021-01-25,404.19999999999993,265.5
2021-01-26,483.275,289.0
2021-01-27,453.67499999999995,295.90000000000003
2021-01-28,289.99999999999994,154.29999999999998
2021-01-29,358.40000000000003,157.6
2021-01-30,260.8,158.80000000000004
2021-01-31,388.80000000000007,229.70000000000005
2021-02-01,444.4,373.6
2021-02-02,484.3000000000001,271.1
2021-02-03,523.5,229.39999999999998
2021-02-04,389.8,187.10000000000002
2021-02-05,348.0,178.7
2021-02-06,308.0,249.20000000000002
2021-02-07,308.40000000000003,165.0
2021-02-08,222.09999999999997,155.29999999999995
2021-02-09,261.4,158.29999999999998
2021-02-10,299.00000000000006,149.7
2021-02-11,745.4000000000001,356.59999999999997
2021-02-12,741.5999999999999,376.09999999999997
2021-02-13,530.0000000000001,293.1
2021-02-14,578.4000000000001,289.7
2021-02-15,412.40000000000003,243.80000000000007
2021-02-16,406.79999999999995,209.70000000000005
2021-02-17,386.79999999999995,147.79999999999998
2021-02-18,392.69999999999993,167.99999999999997
2021-02-19,401.24999999999994,158.0
2021-02-20,791.9000000000001,341.49999999999994
2021-02-21,596.2000000000002,312.2
2021-02-22,809.0000000000001,519.5
2021-02-23,367.80000000000007,216.99999999999997
2021-02-24,467.20000000000005,220.89999999999998
2021-02-25,481.3999999999999,192.5
2021-02-26,595.5,300.2
2021-02-27,688.3,457.7
2021-02-28,563.3000000000001,431.8999999999999
2021-03-01,820.2,675.0
2021-03-02,1057.7000000000003,958.3
2021-03-03,1224.2,1082.5
2021-03-04,416.6,315.09999999999997
2021-03-05,302.09999999999997,111.2
2021-03-06,323.50000000000006,156.59999999999997
2021-03-07,460.8,361.7
2021-03-08,1057.8,733.3999999999999
2021-03-09,675.7,409.49999999999994
2021-03-10,418.3,309.09999999999997
2021-03-11,493.3999999999999,158.5
2021-03-12,425.6,140.6
2021-03-13,262.79999999999995,102.00000000000003
2021-03-14,311.50000000000006,102.49999999999999
2021-03-15,339.80000000000007,167.99999999999997
2021-03-16,396.2,211.4
2021-03-17,552.7,218.60000000000002
2021-03-18,444.73571428571427,218.5
2021-03-19,300.1142857142857,96.39999999999998
2021-03-20,349.7,245.9
2021-03-21,330.59999999999997,198.7
2021-03-22,608.8,381.59999999999997
2021-03-23,743.2,465.8999999999999
2021-03-24,844.6,473.0999999999999
2021-03-25,414.49999999999994,186.10000000000002
2021-03-26,415.29999999999995,151.79999999999998
2021-03-27,446.19999999999993,141.20000000000002
2021-03-28,530.6,193.0
2021-03-29,570.5999999999999,244.10000000000002
2021-03-30,749.5999999999999,421.0
2021-03-31,1091.8000000000002,671.9
2021-04-01,653.7999999999998,450.6000000000001
2021-04-02,187.89999999999998,76.59999999999998
2021-04-03,441.80000000000007,187.20000000000002
2021-04-04,553.1,293.5
2021-04-05,288.2,143.79999999999998
2021-04-06,185.18399999999997,106.5923076923077
2021-04-07,322.61599999999993,156.70769230769233
2021-04-08,458.79999999999995,199.7
2021-04-09,379.40000000000003,195.39999999999998
2021-04-10,314.4,178.3
2021-04-11,210.3,161.5
2021-04-12,445.5999999999999,239.89999999999995
2021-04-13,670.2000000000002,408.70000000000005
2021-04-14,480.90000000000003,295.3
2021-04-15,266.8,126.9
2021-04-16,402.99999999999994,192.39999999999995
2021-04-17,319.70000000000005,151.7
2021-04-18,392.99999999999994,210.7
2021-04-19,791.1,464.0
2021-04-20,1087.8,803.7
2021-04-21,1136.5000000000002,838.5000000000003
2021-04-22,595.1,187.4
2021-04-23,561.4,221.90000000000003
2021-04-24,532.0,250.4
2021-04-25,336.2,141.4
2021-04-26,418.9,136.5
2021-04-27,722.4999999999999,369.20000000000005
2021-04-28,606.3000000000001,382.1
2021-04-29,327.70000000000005,127.00000000000003
2021-04-30,459.70000000000005,263.99999999999994
2021-05-01,368.70000000000005,260.40000000000003
2021-05-02,516.5,396.5
2021-05-03,445.9,207.4
2021-05-04,300.1,112.5
2021-05-05,237.79999999999998,123.39999999999998
2021-05-06,376.70000000000005,165.10000000000002
2021-05-07,427.3,177.7
2021-05-08,344.2,144.1
2021-05-09,253.10000000000005,157.29999999999998
2021-05-10,417.70000000000005,196.9
2021-05-11,388.79999999999995,169.99999999999997
2021-05-12,441.1,203.35
2021-05-13,420.20000000000005,294.7
2021-05-14,371.8999999999999,265.2
2021-05-15,335.0,235.70000000000005
2021-05-16,311.40000000000003,171.4
2021-05-17,278.8,215.6
2021-05-18,399.2,221.90000000000006
2021-05-19,248.9,152.0
2021-05-20,423.4000000000001,207.0
2021-05-21,364.5,201.50000000000003
2021-05-22,246.5,174.5
2021-05-23,270.49999999999994,144.79999999999998
2021-05-24,257.3,141.0
2021-05-25,324.09999999999997,172.7
2021-05-26,270.90000000000003,185.2
2021-05-27,414.29999999999995,305.5
2021-05-28,537.9999999999999,383.9
2021-05-29,494.9,361.80000000000007
2021-05-30,423.09999999999997,344.70000000000005
2021-05-31,529.4999999999999,394.8
2021-06-01,531.6999999999999,369.09999999999997
2021-06-02,596.6,403.79999999999995
2021-06-03,541.9000000000001,416.99999999999994
2021-06-04,210.50000000000003,219.69999999999996
2021-06-05,346.0,260.49999999999994
2021-06-06,328.09999999999997,230.4
2021-06-07,324.29999999999995,234.6
2021-06-08,389.3999999999999,267.90000000000003
2021-06-09,366.29999999999995,229.1
2021-06-10,318.99999999999994,224.3
2021-06-11,295.79999999999995,206.8
2021-06-12,309.5999999999999,231.99999999999997
2021-06-13,435.2,334.0
2021-06-14,358.19999999999993,270.70000000000005
2021-06-15,410.70000000000005,262.6
2021-06-16,497.29999999999995,354.00000000000006
2021-06-17,452.0214285714286,370.857894736842
2021-06-18,322.6,244.0210526315789
2021-06-19,212.5285714285714,154.08421052631584
2021-06-20,183.39999999999998,143.33684210526317
2021-06-21,220.79999999999998,168.5
2021-06-22,245.8,139.70000000000005
2021-06-23,307.50000000000006,213.50000000000003
2021-06-24,435.9000000000001,338.90000000000003
2021-06-25,289.9,208.9
2021-06-26,310.5999999999999,257.8
2021-06-27,502.8,437.1
2021-06-28,316.70000000000005,291.7
2021-06-29,314.40000000000003,260.40000000000003
2021-06-30,10.3,10.7
