MeasurementDateGMT,Westminster - Ebury Street (Grosvenor): Nitric Oxide (ug/m3),Westminster - Ebury Street (Grosvenor): Nitrogen Dioxide (ug/m3),Westminster - Ebury Street (Grosvenor): Oxides of Nitrogen (ug/m3)
2018-01-01,1471.1999999999994,1519.1999999999994,3775.2000000000016
2018-01-02,1471.1999999999994,1519.1999999999994,3775.2000000000016
2018-01-03,1471.1999999999994,1519.1999999999994,3775.2000000000016
2018-01-04,1471.1999999999994,1519.1999999999994,3775.2000000000016
2018-01-05,1471.1999999999994,1519.1999999999994,3775.2000000000016
2018-01-06,1471.1999999999994,1519.1999999999994,3775.2000000000016
2018-01-07,1471.1999999999994,1519.1999999999994,3775.2000000000016
2018-01-08,1471.1999999999994,1519.1999999999994,3775.2000000000016
2018-01-09,1471.1999999999994,1519.1999999999994,3775.2000000000016
2018-01-10,1471.1999999999994,1519.1999999999994,3775.2000000000016
2018-01-11,1471.1999999999994,1519.1999999999994,3775.2000000000016
2018-01-12,1471.1999999999994,1519.1999999999994,3775.2000000000016
2018-01-13,1471.1999999999994,1519.1999999999994,3775.2000000000016
2018-01-14,1471.1999999999994,1519.1999999999994,3775.2000000000016
2018-01-15,1471.1999999999994,1519.1999999999994,3775.2000000000016
2018-01-16,1471.1999999999994,1519.1999999999994,3775.2000000000016
2018-01-17,1471.1999999999994,1519.1999999999994,3775.2000000000016
2018-01-18,1471.1999999999994,1519.1999999999994,3775.2000000000016
2018-01-19,1471.1999999999994,1519.1999999999994,3775.2000000000016
2018-01-20,1471.1999999999994,1519.1999999999994,3775.2000000000016
2018-01-21,1471.1999999999994,1519.1999999999994,3775.2000000000016
2018-01-22,1471.1999999999994,1519.1999999999994,3775.2000000000016
2018-01-23,1471.1999999999994,1519.1999999999994,3775.2000000000016
2018-01-24,1471.1999999999994,1519.1999999999994,3775.2000000000016
2018-01-25,1471.1999999999994,1519.1999999999994,3775.2000000000016
2018-01-26,1471.1999999999994,1519.1999999999994,3775.2000000000016
2018-01-27,1471.1999999999994,1519.1999999999994,3775.2000000000016
2018-01-28,1471.1999999999994,1519.1999999999994,3775.2000000000016
2018-01-29,1471.1999999999994,1519.1999999999994,3775.2000000000016
2018-01-30,1471.1999999999994,1519.1999999999994,3775.2000000000016
2018-01-31,1471.1999999999994,1519.1999999999994,3775.2000000000016
2018-02-01,1471.1999999999994,1519.1999999999994,3775.2000000000016
2018-02-02,1471.1999999999994,1519.1999999999994,3775.2000000000016
2018-02-03,1471.1999999999994,1519.1999999999994,3775.2000000000016
2018-02-04,1471.1999999999994,1519.1999999999994,3775.2000000000016
2018-02-05,1471.1999999999994,1519.1999999999994,3775.2000000000016
2018-02-06,1471.1999999999994,1519.1999999999994,3775.2000000000016
2018-02-07,1471.1999999999994,1519.1999999999994,3775.2000000000016
2018-02-08,1471.1999999999994,1519.1999999999994,3775.2000000000016
2018-02-09,1471.1999999999994,1519.1999999999994,3775.2000000000016
2018-02-10,1471.1999999999994,1519.1999999999994,3775.2000000000016
2018-02-11,1471.1999999999994,1519.1999999999994,3775.2000000000016
2018-02-12,1471.1999999999994,1519.1999999999994,3775.2000000000016
2018-02-13,1471.1999999999994,1519.1999999999994,3775.2000000000016
2018-02-14,1471.1999999999994,1519.1999999999994,3775.2000000000016
2018-02-15,1471.1999999999994,1519.1999999999994,3775.2000000000016
2018-02-16,1471.1999999999994,1519.1999999999994,3775.2000000000016
2018-02-17,1471.1999999999994,1519.1999999999994,3775.2000000000016
2018-02-18,1471.1999999999994,1519.1999999999994,3775.2000000000016
2018-02-19,1471.1999999999994,1519.1999999999994,3775.2000000000016
2018-02-20,1471.1999999999994,1519.1999999999994,3775.2000000000016
2018-02-21,1471.1999999999994,1519.1999999999994,3775.2000000000016
2018-02-22,1471.1999999999994,1519.1999999999994,3775.2000000000016
2018-02-23,1471.1999999999994,1519.1999999999994,3775.2000000000016
2018-02-24,1471.1999999999994,1519.1999999999994,3775.2000000000016
2018-02-25,1471.1999999999994,1519.1999999999994,3775.2000000000016
2018-02-26,1471.1999999999994,1519.1999999999994,3775.2000000000016
2018-02-27,1471.1999999999994,1519.1999999999994,3775.2000000000016
2018-02-28,1471.1999999999994,1519.1999999999994,3775.2000000000016
2018-03-01,1471.1999999999994,1519.1999999999994,3775.2000000000016
2018-03-02,1471.1999999999994,1519.1999999999994,3775.2000000000016
2018-03-03,1471.1999999999994,1519.1999999999994,3775.2000000000016
2018-03-04,1471.1999999999994,1519.1999999999994,3775.2000000000016
2018-03-05,1471.1999999999994,1519.1999999999994,3775.2000000000016
2018-03-06,1471.1999999999994,1519.1999999999994,3775.2000000000016
2018-03-07,1471.1999999999994,1519.1999999999994,3775.2000000000016
2018-03-08,1471.1999999999994,1519.1999999999994,3775.2000000000016
2018-03-09,1471.1999999999994,1519.1999999999994,3775.2000000000016
2018-03-10,1471.1999999999994,1519.1999999999994,3775.2000000000016
2018-03-11,1471.1999999999994,1519.1999999999994,3775.2000000000016
2018-03-12,1471.1999999999994,1519.1999999999994,3775.2000000000016
2018-03-13,1471.1999999999994,1519.1999999999994,3775.2000000000016
2018-03-14,1471.1999999999994,1519.1999999999994,3775.2000000000016
2018-03-15,1471.1999999999994,1519.1999999999994,3775.2000000000016
2018-03-16,1471.1999999999994,1519.1999999999994,3775.2000000000016
2018-03-17,1471.1999999999994,1519.1999999999994,3775.2000000000016
2018-03-18,1471.1999999999994,1519.1999999999994,3775.2000000000016
2018-03-19,1471.1999999999994,1519.1999999999994,3775.2000000000016
2018-03-20,1471.1999999999994,1519.1999999999994,3775.2000000000016
2018-03-21,1471.1999999999994,1519.1999999999994,3775.2000000000016
2018-03-22,1471.1999999999994,1519.1999999999994,3775.2000000000016
2018-03-23,1471.1999999999994,1519.1999999999994,3775.2000000000016
2018-03-24,1471.1999999999994,1519.1999999999994,3775.2000000000016
2018-03-25,1471.1999999999994,1519.1999999999994,3775.2000000000016
2018-03-26,1471.1999999999994,1519.1999999999994,3775.2000000000016
2018-03-27,1471.1999999999994,1519.1999999999994,3775.2000000000016
2018-03-28,1471.1999999999994,1519.1999999999994,3775.2000000000016
2018-03-29,1471.1999999999994,1519.1999999999994,3775.2000000000016
2018-03-30,1471.1999999999994,1519.1999999999994,3775.2000000000016
2018-03-31,1471.1999999999994,1519.1999999999994,3775.2000000000016
2018-04-01,1471.1999999999994,1519.1999999999994,3775.2000000000016
2018-04-02,1471.1999999999994,1519.1999999999994,3775.2000000000016
2018-04-03,1471.1999999999994,1519.1999999999994,3775.2000000000016
2018-04-04,1471.1999999999994,1519.1999999999994,3775.2000000000016
2018-04-05,1471.1999999999994,1519.1999999999994,3775.2000000000016
2018-04-06,1471.1999999999994,1519.1999999999994,3775.2000000000016
2018-04-07,1471.1999999999994,1519.1999999999994,3775.2000000000016
2018-04-08,1471.1999999999994,1519.1999999999994,3775.2000000000016
2018-04-09,1471.1999999999994,1519.1999999999994,3775.2000000000016
2018-04-10,1471.1999999999994,1519.1999999999994,3775.2000000000016
2018-04-11,1471.1999999999994,1519.1999999999994,3775.2000000000016
2018-04-12,1471.1999999999994,1519.1999999999994,3775.2000000000016
2018-04-13,1471.1999999999994,1519.1999999999994,3775.2000000000016
2018-04-14,1471.1999999999994,1519.1999999999994,3775.2000000000016
2018-04-15,1471.1999999999994,1519.1999999999994,3775.2000000000016
2018-04-16,1471.1999999999994,1519.1999999999994,3775.2000000000016
2018-04-17,1471.1999999999994,1519.1999999999994,3775.2000000000016
2018-04-18,1471.1999999999994,1519.1999999999994,3775.2000000000016
2018-04-19,1471.1999999999994,1519.1999999999994,3775.2000000000016
2018-04-20,1471.1999999999994,1519.1999999999994,3775.2000000000016
2018-04-21,1471.1999999999994,1519.1999999999994,3775.2000000000016
2018-04-22,1471.1999999999994,1519.1999999999994,3775.2000000000016
2018-04-23,1471.1999999999994,1519.1999999999994,3775.2000000000016
2018-04-24,1471.1999999999994,1519.1999999999994,3775.2000000000016
2018-04-25,1471.1999999999994,1519.1999999999994,3775.2000000000016
2018-04-26,1471.1999999999994,1519.1999999999994,3775.2000000000016
2018-04-27,1471.1999999999994,1519.1999999999994,3775.2000000000016
2018-04-28,1471.1999999999994,1519.1999999999994,3775.2000000000016
2018-04-29,1471.1999999999994,1519.1999999999994,3775.2000000000016
2018-04-30,1471.1999999999994,1519.1999999999994,3775.2000000000016
2018-05-01,1471.1999999999994,1519.1999999999994,3775.2000000000016
2018-05-02,1471.1999999999994,1519.1999999999994,3775.2000000000016
2018-05-03,1471.1999999999994,1519.1999999999994,3775.2000000000016
2018-05-04,1471.1999999999994,1519.1999999999994,3775.2000000000016
2018-05-05,1471.1999999999994,1519.1999999999994,3775.2000000000016
2018-05-06,1471.1999999999994,1519.1999999999994,3775.2000000000016
2018-05-07,1471.1999999999994,1519.1999999999994,3775.2000000000016
2018-05-08,1471.1999999999994,1519.1999999999994,3775.2000000000016
2018-05-09,1471.1999999999994,1519.1999999999994,3775.2000000000016
2018-05-10,1471.1999999999994,1519.1999999999994,3775.2000000000016
2018-05-11,1471.1999999999994,1519.1999999999994,3775.2000000000016
2018-05-12,1471.1999999999994,1519.1999999999994,3775.2000000000016
2018-05-13,1471.1999999999994,1519.1999999999994,3775.2000000000016
2018-05-14,1471.1999999999994,1519.1999999999994,3775.2000000000016
2018-05-15,1471.1999999999994,1519.1999999999994,3775.2000000000016
2018-05-16,1471.1999999999994,1519.1999999999994,3775.2000000000016
2018-05-17,1471.1999999999994,1519.1999999999994,3775.2000000000016
2018-05-18,1471.1999999999994,1519.1999999999994,3775.2000000000016
2018-05-19,1471.1999999999994,1519.1999999999994,3775.2000000000016
2018-05-20,1471.1999999999994,1519.1999999999994,3775.2000000000016
2018-05-21,1471.1999999999994,1519.1999999999994,3775.2000000000016
2018-05-22,1471.1999999999994,1519.1999999999994,3775.2000000000016
2018-05-23,1471.1999999999994,1519.1999999999994,3775.2000000000016
2018-05-24,1471.1999999999994,1519.1999999999994,3775.2000000000016
2018-05-25,1471.1999999999994,1519.1999999999994,3775.2000000000016
2018-05-26,1471.1999999999994,1519.1999999999994,3775.2000000000016
2018-05-27,1471.1999999999994,1519.1999999999994,3775.2000000000016
2018-05-28,1471.1999999999994,1519.1999999999994,3775.2000000000016
2018-05-29,1471.1999999999994,1519.1999999999994,3775.2000000000016
2018-05-30,1471.1999999999994,1519.1999999999994,3775.2000000000016
2018-05-31,1471.1999999999994,1519.1999999999994,3775.2000000000016
2018-06-01,1471.1999999999994,1519.1999999999994,3775.2000000000016
2018-06-02,1471.1999999999994,1519.1999999999994,3775.2000000000016
2018-06-03,1471.1999999999994,1519.1999999999994,3775.2000000000016
2018-06-04,1471.1999999999994,1519.1999999999994,3775.2000000000016
2018-06-05,1471.1999999999994,1519.1999999999994,3775.2000000000016
2018-06-06,1471.1999999999994,1519.1999999999994,3775.2000000000016
2018-06-07,1471.1999999999994,1519.1999999999994,3775.2000000000016
2018-06-08,1471.1999999999994,1519.1999999999994,3775.2000000000016
2018-06-09,1471.1999999999994,1519.1999999999994,3775.2000000000016
2018-06-10,1471.1999999999994,1519.1999999999994,3775.2000000000016
2018-06-11,1471.1999999999994,1519.1999999999994,3775.2000000000016
2018-06-12,1471.1999999999994,1519.1999999999994,3775.2000000000016
2018-06-13,1471.1999999999994,1519.1999999999994,3775.2000000000016
2018-06-14,1471.1999999999994,1519.1999999999994,3775.2000000000016
2018-06-15,1471.1999999999994,1519.1999999999994,3775.2000000000016
2018-06-16,1471.1999999999994,1519.1999999999994,3775.2000000000016
2018-06-17,1471.1999999999994,1519.1999999999994,3775.2000000000016
2018-06-18,1471.1999999999994,1519.1999999999994,3775.2000000000016
2018-06-19,1471.1999999999994,1519.1999999999994,3775.2000000000016
2018-06-20,1471.1999999999994,1519.1999999999994,3775.2000000000016
2018-06-21,1471.1999999999994,1519.1999999999994,3775.2000000000016
2018-06-22,1471.1999999999994,1519.1999999999994,3775.2000000000016
2018-06-23,1471.1999999999994,1519.1999999999994,3775.2000000000016
2018-06-24,1471.1999999999994,1519.1999999999994,3775.2000000000016
2018-06-25,1471.1999999999994,1519.1999999999994,3775.2000000000016
2018-06-26,1471.1999999999994,1519.1999999999994,3775.2000000000016
2018-06-27,1471.1999999999994,1519.1999999999994,3775.2000000000016
2018-06-28,1471.1999999999994,1519.1999999999994,3775.2000000000016
2018-06-29,1471.1999999999994,1519.1999999999994,3775.2000000000016
2018-06-30,1471.1999999999994,1519.1999999999994,3775.2000000000016
2018-07-01,1471.1999999999994,1519.1999999999994,3775.2000000000016
2018-07-02,1471.1999999999994,1519.1999999999994,3775.2000000000016
2018-07-03,1471.1999999999994,1519.1999999999994,3775.2000000000016
2018-07-04,1471.1999999999994,1519.1999999999994,3775.2000000000016
2018-07-05,1471.1999999999994,1519.1999999999994,3775.2000000000016
2018-07-06,1471.1999999999994,1519.1999999999994,3775.2000000000016
2018-07-07,1471.1999999999994,1519.1999999999994,3775.2000000000016
2018-07-08,1471.1999999999994,1519.1999999999994,3775.2000000000016
2018-07-09,1471.1999999999994,1519.1999999999994,3775.2000000000016
2018-07-10,1471.1999999999994,1519.1999999999994,3775.2000000000016
2018-07-11,1471.1999999999994,1519.1999999999994,3775.2000000000016
2018-07-12,1471.1999999999994,1519.1999999999994,3775.2000000000016
2018-07-13,1471.1999999999994,1519.1999999999994,3775.2000000000016
2018-07-14,1471.1999999999994,1519.1999999999994,3775.2000000000016
2018-07-15,1471.1999999999994,1519.1999999999994,3775.2000000000016
2018-07-16,1471.1999999999994,1519.1999999999994,3775.2000000000016
2018-07-17,1471.1999999999994,1519.1999999999994,3775.2000000000016
2018-07-18,1471.1999999999994,1519.1999999999994,3775.2000000000016
2018-07-19,1471.1999999999994,1519.1999999999994,3775.2000000000016
2018-07-20,1471.1999999999994,1519.1999999999994,3775.2000000000016
2018-07-21,1471.1999999999994,1519.1999999999994,3775.2000000000016
2018-07-22,1471.1999999999994,1519.1999999999994,3775.2000000000016
2018-07-23,1471.1999999999994,1519.1999999999994,3775.2000000000016
2018-07-24,1471.1999999999994,1519.1999999999994,3775.2000000000016
2018-07-25,1471.1999999999994,1519.1999999999994,3775.2000000000016
2018-07-26,1471.1999999999994,1519.1999999999994,3775.2000000000016
2018-07-27,1471.1999999999994,1519.1999999999994,3775.2000000000016
2018-07-28,1471.1999999999994,1519.1999999999994,3775.2000000000016
2018-07-29,1471.1999999999994,1519.1999999999994,3775.2000000000016
2018-07-30,1471.1999999999994,1519.1999999999994,3775.2000000000016
2018-07-31,1471.1999999999994,1519.1999999999994,3775.2000000000016
2018-08-01,1471.1999999999994,1519.1999999999994,3775.2000000000016
2018-08-02,1471.1999999999994,1519.1999999999994,3775.2000000000016
2018-08-03,1471.1999999999994,1519.1999999999994,3775.2000000000016
2018-08-04,1471.1999999999994,1519.1999999999994,3775.2000000000016
2018-08-05,1471.1999999999994,1519.1999999999994,3775.2000000000016
2018-08-06,1471.1999999999994,1519.1999999999994,3775.2000000000016
2018-08-07,1471.1999999999994,1519.1999999999994,3775.2000000000016
2018-08-08,1471.1999999999994,1519.1999999999994,3775.2000000000016
2018-08-09,1471.1999999999994,1519.1999999999994,3775.2000000000016
2018-08-10,1471.1999999999994,1519.1999999999994,3775.2000000000016
2018-08-11,1471.1999999999994,1519.1999999999994,3775.2000000000016
2018-08-12,1471.1999999999994,1519.1999999999994,3775.2000000000016
2018-08-13,1471.1999999999994,1519.1999999999994,3775.2000000000016
2018-08-14,1471.1999999999994,1519.1999999999994,3775.2000000000016
2018-08-15,1471.1999999999994,1519.1999999999994,3775.2000000000016
2018-08-16,1471.1999999999994,1519.1999999999994,3775.2000000000016
2018-08-17,1471.1999999999994,1519.1999999999994,3775.2000000000016
2018-08-18,1471.1999999999994,1519.1999999999994,3775.2000000000016
2018-08-19,1471.1999999999994,1519.1999999999994,3775.2000000000016
2018-08-20,1471.1999999999994,1519.1999999999994,3775.2000000000016
2018-08-21,1471.1999999999994,1519.1999999999994,3775.2000000000016
2018-08-22,1471.1999999999994,1519.1999999999994,3775.2000000000016
2018-08-23,1471.1999999999994,1519.1999999999994,3775.2000000000016
2018-08-24,1471.1999999999994,1519.1999999999994,3775.2000000000016
2018-08-25,1471.1999999999994,1519.1999999999994,3775.2000000000016
2018-08-26,1471.1999999999994,1519.1999999999994,3775.2000000000016
2018-08-27,1471.1999999999994,1519.1999999999994,3775.2000000000016
2018-08-28,1471.1999999999994,1519.1999999999994,3775.2000000000016
2018-08-29,1471.1999999999994,1519.1999999999994,3775.2000000000016
2018-08-30,1471.1999999999994,1519.1999999999994,3775.2000000000016
2018-08-31,1471.1999999999994,1519.1999999999994,3775.2000000000016
2018-09-01,1471.1999999999994,1519.1999999999994,3775.2000000000016
2018-09-02,1471.1999999999994,1519.1999999999994,3775.2000000000016
2018-09-03,1471.1999999999994,1519.1999999999994,3775.2000000000016
2018-09-04,1471.1999999999994,1519.1999999999994,3775.2000000000016
2018-09-05,1471.1999999999994,1519.1999999999994,3775.2000000000016
2018-09-06,1471.1999999999994,1519.1999999999994,3775.2000000000016
2018-09-07,1471.1999999999994,1519.1999999999994,3775.2000000000016
2018-09-08,1471.1999999999994,1519.1999999999994,3775.2000000000016
2018-09-09,1471.1999999999994,1519.1999999999994,3775.2000000000016
2018-09-10,1471.1999999999994,1519.1999999999994,3775.2000000000016
2018-09-11,1471.1999999999994,1519.1999999999994,3775.2000000000016
2018-09-12,1471.1999999999994,1519.1999999999994,3775.2000000000016
2018-09-13,1471.1999999999994,1519.1999999999994,3775.2000000000016
2018-09-14,1471.1999999999994,1519.1999999999994,3775.2000000000016
2018-09-15,1471.1999999999994,1519.1999999999994,3775.2000000000016
2018-09-16,1471.1999999999994,1519.1999999999994,3775.2000000000016
2018-09-17,1471.1999999999994,1519.1999999999994,3775.2000000000016
2018-09-18,1471.1999999999994,1519.1999999999994,3775.2000000000016
2018-09-19,1471.1999999999994,1519.1999999999994,3775.2000000000016
2018-09-20,1471.1999999999994,1519.1999999999994,3775.2000000000016
2018-09-21,1471.1999999999994,1519.1999999999994,3775.2000000000016
2018-09-22,1471.1999999999994,1519.1999999999994,3775.2000000000016
2018-09-23,1471.1999999999994,1519.1999999999994,3775.2000000000016
2018-09-24,1471.1999999999994,1519.1999999999994,3775.2000000000016
2018-09-25,1471.1999999999994,1519.1999999999994,3775.2000000000016
2018-09-26,1471.1999999999994,1519.1999999999994,3775.2000000000016
2018-09-27,1471.1999999999994,1519.1999999999994,3775.2000000000016
2018-09-28,1471.1999999999994,1519.1999999999994,3775.2000000000016
2018-09-29,1471.1999999999994,1519.1999999999994,3775.2000000000016
2018-09-30,1471.1999999999994,1519.1999999999994,3775.2000000000016
2018-10-01,1471.1999999999994,1519.1999999999994,3775.2000000000016
2018-10-02,1471.1999999999994,1519.1999999999994,3775.2000000000016
2018-10-03,1471.1999999999994,1519.1999999999994,3775.2000000000016
2018-10-04,1471.1999999999994,1519.1999999999994,3775.2000000000016
2018-10-05,1471.1999999999994,1519.1999999999994,3775.2000000000016
2018-10-06,1471.1999999999994,1519.1999999999994,3775.2000000000016
2018-10-07,1471.1999999999994,1519.1999999999994,3775.2000000000016
2018-10-08,1471.1999999999994,1519.1999999999994,3775.2000000000016
2018-10-09,1471.1999999999994,1519.1999999999994,3775.2000000000016
2018-10-10,1471.1999999999994,1519.1999999999994,3775.2000000000016
2018-10-11,1471.1999999999994,1519.1999999999994,3775.2000000000016
2018-10-12,1471.1999999999994,1519.1999999999994,3775.2000000000016
2018-10-13,1471.1999999999994,1519.1999999999994,3775.2000000000016
2018-10-14,1471.1999999999994,1519.1999999999994,3775.2000000000016
2018-10-15,1471.1999999999994,1519.1999999999994,3775.2000000000016
2018-10-16,1471.1999999999994,1519.1999999999994,3775.2000000000016
2018-10-17,1471.1999999999994,1519.1999999999994,3775.2000000000016
2018-10-18,1471.1999999999994,1519.1999999999994,3775.2000000000016
2018-10-19,1471.1999999999994,1519.1999999999994,3775.2000000000016
2018-10-20,1471.1999999999994,1519.1999999999994,3775.2000000000016
2018-10-21,1471.1999999999994,1519.1999999999994,3775.2000000000016
2018-10-22,1471.1999999999994,1519.1999999999994,3775.2000000000016
2018-10-23,1471.1999999999994,1519.1999999999994,3775.2000000000016
2018-10-24,1471.1999999999994,1519.1999999999994,3775.2000000000016
2018-10-25,1471.1999999999994,1519.1999999999994,3775.2000000000016
2018-10-26,1471.1999999999994,1519.1999999999994,3775.2000000000016
2018-10-27,1471.1999999999994,1519.1999999999994,3775.2000000000016
2018-10-28,1471.1999999999994,1519.1999999999994,3775.2000000000016
2018-10-29,1471.1999999999994,1519.1999999999994,3775.2000000000016
2018-10-30,1471.1999999999994,1519.1999999999994,3775.2000000000016
2018-10-31,1471.1999999999994,1519.1999999999994,3775.2000000000016
2018-11-01,1471.1999999999994,1519.1999999999994,3775.2000000000016
2018-11-02,1471.1999999999994,1519.1999999999994,3775.2000000000016
2018-11-03,1471.1999999999994,1519.1999999999994,3775.2000000000016
2018-11-04,1471.1999999999994,1519.1999999999994,3775.2000000000016
2018-11-05,1471.1999999999994,1519.1999999999994,3775.2000000000016
2018-11-06,1471.1999999999994,1519.1999999999994,3775.2000000000016
2018-11-07,1471.1999999999994,1519.1999999999994,3775.2000000000016
2018-11-08,1471.1999999999994,1519.1999999999994,3775.2000000000016
2018-11-09,1471.1999999999994,1519.1999999999994,3775.2000000000016
2018-11-10,1471.1999999999994,1519.1999999999994,3775.2000000000016
2018-11-11,1471.1999999999994,1519.1999999999994,3775.2000000000016
2018-11-12,1471.1999999999994,1519.1999999999994,3775.2000000000016
2018-11-13,1471.1999999999994,1519.1999999999994,3775.2000000000016
2018-11-14,1471.1999999999994,1519.1999999999994,3775.2000000000016
2018-11-15,1471.1999999999994,1519.1999999999994,3775.2000000000016
2018-11-16,1471.1999999999994,1519.1999999999994,3775.2000000000016
2018-11-17,1471.1999999999994,1519.1999999999994,3775.2000000000016
2018-11-18,1471.1999999999994,1519.1999999999994,3775.2000000000016
2018-11-19,1471.1999999999994,1519.1999999999994,3775.2000000000016
2018-11-20,1471.1999999999994,1519.1999999999994,3775.2000000000016
2018-11-21,1471.1999999999994,1519.1999999999994,3775.2000000000016
2018-11-22,1471.1999999999994,1519.1999999999994,3775.2000000000016
2018-11-23,1471.1999999999994,1519.1999999999994,3775.2000000000016
2018-11-24,1471.1999999999994,1519.1999999999994,3775.2000000000016
2018-11-25,1471.1999999999994,1519.1999999999994,3775.2000000000016
2018-11-26,1471.1999999999994,1519.1999999999994,3775.2000000000016
2018-11-27,1471.1999999999994,1519.1999999999994,3775.2000000000016
2018-11-28,1471.1999999999994,1519.1999999999994,3775.2000000000016
2018-11-29,1471.1999999999994,1519.1999999999994,3775.2000000000016
2018-11-30,1471.1999999999994,1519.1999999999994,3775.2000000000016
2018-12-01,1471.1999999999994,1519.1999999999994,3775.2000000000016
2018-12-02,1471.1999999999994,1519.1999999999994,3775.2000000000016
2018-12-03,1471.1999999999994,1519.1999999999994,3775.2000000000016
2018-12-04,1471.1999999999994,1519.1999999999994,3775.2000000000016
2018-12-05,1471.1999999999994,1519.1999999999994,3775.2000000000016
2018-12-06,1471.1999999999994,1519.1999999999994,3775.2000000000016
2018-12-07,1471.1999999999994,1519.1999999999994,3775.2000000000016
2018-12-08,1471.1999999999994,1519.1999999999994,3775.2000000000016
2018-12-09,1471.1999999999994,1519.1999999999994,3775.2000000000016
2018-12-10,1471.1999999999994,1519.1999999999994,3775.2000000000016
2018-12-11,1471.1999999999994,1519.1999999999994,3775.2000000000016
2018-12-12,1471.1999999999994,1519.1999999999994,3775.2000000000016
2018-12-13,1471.1999999999994,1519.1999999999994,3775.2000000000016
2018-12-14,1471.1999999999994,1519.1999999999994,3775.2000000000016
2018-12-15,1471.1999999999994,1519.1999999999994,3775.2000000000016
2018-12-16,1471.1999999999994,1519.1999999999994,3775.2000000000016
2018-12-17,1471.1999999999994,1519.1999999999994,3775.2000000000016
2018-12-18,1471.1999999999994,1519.1999999999994,3775.2000000000016
2018-12-19,1471.1999999999994,1519.1999999999994,3775.2000000000016
2018-12-20,1471.1999999999994,1519.1999999999994,3775.2000000000016
2018-12-21,1471.1999999999994,1519.1999999999994,3775.2000000000016
2018-12-22,1471.1999999999994,1519.1999999999994,3775.2000000000016
2018-12-23,1471.1999999999994,1519.1999999999994,3775.2000000000016
2018-12-24,1471.1999999999994,1519.1999999999994,3775.2000000000016
2018-12-25,1471.1999999999994,1519.1999999999994,3775.2000000000016
2018-12-26,1471.1999999999994,1519.1999999999994,3775.2000000000016
2018-12-27,1471.1999999999994,1519.1999999999994,3775.2000000000016
2018-12-28,1471.1999999999994,1519.1999999999994,3775.2000000000016
2018-12-29,1471.1999999999994,1519.1999999999994,3775.2000000000016
2018-12-30,174.8,823.4,1091.2000000000003
2018-12-31,51.2,542.8000000000001,621.0000000000001
2019-01-01,55.49999999999999,642.8,728.0999999999999
2019-01-02,75.09999999999998,841.65,956.6499999999999
2019-01-03,107.60000000000001,1003.6,1168.6000000000001
2019-01-04,275.59999999999997,1195.9999999999998,1618.8
2019-01-05,147.20000000000002,1114.1999999999998,1340.0
2019-01-06,142.0,1122.1999999999998,1340.0000000000002
2019-01-07,133.49999999999997,941.6000000000001,1146.1
2019-01-08,118.30000000000001,879.0,1060.6000000000001
2019-01-09,152.70000000000002,1036.1000000000001,1270.6
2019-01-10,738.5999999999999,1331.0,2462.7000000000003
2019-01-11,333.5,1253.3999999999999,1764.4999999999998
2019-01-12,95.60000000000001,798.4999999999999,945.0
2019-01-13,48.099999999999994,510.0000000000001,583.1000000000001
2019-01-14,103.39999999999999,810.7999999999998,969.0
2019-01-15,227.00000000000006,977.3000000000001,1325.5
2019-01-16,163.09999999999997,737.5,987.5
2019-01-17,197.2,1028.0,1330.3
2019-01-18,1018.6,1528.4999999999993,3089.899999999999
2019-01-19,323.4,1007.8000000000002,1504.0
2019-01-20,426.1999999999999,1337.0,1990.2999999999997
2019-01-21,1893.8999999999999,1475.7,4379.5
2019-01-22,363.0,1221.1,1777.4
2019-01-23,469.0,1219.1,1938.1000000000001
2019-01-24,1846.0499999999995,1776.7999999999997,4607.450000000001
2019-01-25,600.8000000000001,1404.5000000000005,2326.3000000000006
2019-01-26,101.10000000000001,558.9000000000001,713.5000000000001
2019-01-27,39.49999999999999,399.9000000000001,460.20000000000005
2019-01-28,300.70000000000005,1005.0000000000001,1466.0
2019-01-29,888.2999999999998,1471.4000000000003,2833.2000000000007
2019-01-30,713.9000000000001,1338.1000000000004,2433.0
2019-01-31,1771.6999999999996,1500.5,4217.200000000001
2019-02-01,311.99999999999994,1145.4,1623.7999999999997
2019-02-02,117.19999999999999,782.4000000000002,961.9999999999998
2019-02-03,309.6,1042.6999999999998,1517.4999999999998
2019-02-04,581.55,913.5000000000001,1805.5
2019-02-05,585.3000000000001,1114.7,2011.8000000000004
2019-02-06,538.9000000000002,1144.6000000000001,1971.0
2019-02-07,129.70000000000002,585.5,784.6000000000003
2019-02-08,140.09999999999997,482.19999999999993,696.4999999999999
2019-02-09,109.10000000000002,414.8,582.3000000000001
2019-02-10,69.89999999999999,651.9,758.6999999999999
2019-02-11,380.8999999999999,1122.7,1706.3999999999999
2019-02-12,439.20000000000005,1231.0000000000002,1904.2999999999995
2019-02-13,525.1000000000001,1034.4999999999998,1839.6
2019-02-14,1617.6000000000004,1636.6,4117.299999999999
2019-02-15,1410.2000000000003,1653.7,3816.2
2019-02-16,460.70000000000005,1235.6000000000001,1941.7
2019-02-17,179.9,874.1,1149.6
2019-02-18,257.65000000000003,926.9000000000001,1322.0499999999997
2019-02-19,219.40000000000003,767.5,1104.0
2019-02-20,199.70000000000002,701.6,1008.3000000000002
2019-02-21,180.10000000000002,821.2999999999998,1097.6999999999998
2019-02-22,888.4206896551723,1020.8793103448276,2383.089655172414
2019-02-23,712.5543103448275,1182.5206896551724,2275.6103448275867
2019-02-24,1307.1295454545452,1490.9909090909093,3496.027272727273
2019-02-25,2726.1454545454544,2124.9629370629373,6304.395804195805
2019-02-26,3132.7999999999997,2328.1794871794873,7130.710256410257
2019-02-27,2602.5499999999997,2091.616666666667,6082.366666666666
2019-02-28,173.00000000000003,1037.3,1302.3999999999999
2019-03-01,229.49999999999997,892.4999999999999,1244.4000000000003
2019-03-02,105.19999999999999,509.9000000000001,671.1999999999999
2019-03-03,56.4,255.0,341.4
2019-03-04,132.20000000000002,536.3000000000001,739.1500000000001
2019-03-05,188.49999999999997,606.4000000000001,895.3
2019-03-06,222.10000000000002,547.0,887.4999999999999
2019-03-07,98.8,459.59999999999997,610.4
2019-03-08,204.20000000000002,696.0,1009.1
2019-03-09,76.3,446.50000000000006,563.5
2019-03-10,63.00000000000001,435.40000000000003,532.5
2019-03-11,129.1,558.1,755.7000000000002
2019-03-12,178.6,545.8,819.5000000000001
2019-03-13,105.49999999999999,508.50000000000006,670.0000000000001
2019-03-14,90.9,534.0,673.2
2019-03-15,119.2,488.2,671.4000000000002
2019-03-16,60.50000000000001,264.90000000000003,357.7
2019-03-17,72.3,488.7,599.6
2019-03-18,216.90000000000003,957.7,1290.1
2019-03-19,320.69999999999993,1009.2000000000002,1500.2
2019-03-20,250.60000000000005,846.6,1230.9999999999998
2019-03-21,419.0,914.25,1556.65
2019-03-22,307.8999999999999,803.0,1274.9
2019-03-23,163.1,873.2999999999998,1122.7
2019-03-24,156.79999999999998,922.9000000000002,1163.0
2019-03-25,105.60000000000002,659.0,820.3000000000001
2019-03-26,475.6,1406.6000000000004,2136.1
2019-03-27,203.29999999999998,1051.1000000000001,1362.5999999999997
2019-03-28,648.7,1566.7,2561.1
2019-03-29,582.2,1510.2,2403.2
2019-03-30,964.8000000000001,1370.5,2850.0000000000005
2019-03-31,76.80000000000003,689.5000000000001,807.2999999999998
2019-04-01,206.50000000000003,893.5000000000001,1209.95
2019-04-02,233.3,1057.5,1415.2999999999997
2019-04-03,249.2,1023.4999999999999,1405.2
2019-04-04,271.3,812.4000000000001,1228.1000000000001
2019-04-05,282.70000000000005,889.0,1322.6
2019-04-06,201.40000000000003,968.9999999999999,1277.8
2019-04-07,156.1,717.1,956.7
2019-04-08,350.6,1189.4,1727.0
2019-04-09,230.40000000000006,1095.0,1448.0
2019-04-10,188.8,803.4000000000001,1093.0
2019-04-11,190.50000000000003,877.7999999999998,1169.9
2019-04-12,208.5,933.1,1252.8
2019-04-13,269.4,822.0,1234.9000000000003
2019-04-14,155.20000000000002,720.6999999999999,958.7
2019-04-15,194.4,932.5000000000001,1230.6000000000006
2019-04-16,661.5999999999999,1659.1000000000001,2673.1
2019-04-17,368.4000000000001,1433.4,1997.9999999999998
2019-04-18,324.50000000000006,1334.0000000000002,1831.5
2019-04-19,115.10000000000001,1238.5000000000002,1415.1999999999998
2019-04-20,84.4,1045.3000000000002,1174.5
2019-04-21,63.89999999999999,1125.7,1223.7
2019-04-22,115.60000000000001,1545.0000000000005,1721.5
2019-04-23,278.1000000000001,1542.4,1968.1999999999998
2019-04-24,268.7,1119.7,1531.6000000000001
2019-04-25,250.79999999999998,790.4,1174.8
2019-04-26,217.20000000000005,708.8000000000001,1042.0
2019-04-27,52.699999999999996,363.90000000000003,444.70000000000005
2019-04-28,39.1,413.3,473.40000000000003
2019-04-29,266.40000000000003,963.2,1371.8
2019-04-30,300.6,1078.8,1540.1000000000001
2019-05-01,156.39999999999998,893.9,1133.3
2019-05-02,74.00000000000001,708.4,821.8000000000002
2019-05-03,274.85,936.0500000000001,1357.6000000000004
2019-05-04,78.39999999999998,484.7000000000001,604.5999999999999
2019-05-05,60.4,492.5,584.9000000000001
2019-05-06,44.99999999999999,451.6,520.6999999999999
2019-05-07,249.6,809.4999999999999,1191.9
2019-05-08,237.0,806.6000000000001,1169.8000000000002
2019-05-09,163.6,905.1,1155.3999999999999
2019-05-10,171.90000000000003,782.8,1046.6
2019-05-11,74.39999999999999,763.2000000000002,877.3999999999999
2019-05-12,243.79999999999998,910.4,1284.3999999999996
2019-05-13,263.6000000000001,948.9999999999999,1352.5
2019-05-14,374.4,854.3,1428.5000000000002
2019-05-15,476.1,1068.7,1798.6999999999998
2019-05-16,233.39999999999998,927.5000000000002,1285.9
2019-05-17,157.0,861.3000000000001,1102.1000000000001
2019-05-18,135.39999999999998,1035.0,1243.1
2019-05-19,165.10000000000002,1087.6000000000001,1340.3999999999999
2019-05-20,109.89999999999999,913.4999999999999,1082.1999999999998
2019-05-21,100.16341463414633,652.9243902439024,806.709756097561
2019-05-22,92.78048780487804,709.3463414634147,852.0585365853659
2019-05-23,73.11219512195122,914.458536585366,1026.2634146341463
2019-05-24,53.443902439024384,1119.5707317073172,1200.4682926829269
2019-05-25,50.9,681.9,759.6999999999999
2019-05-26,61.500000000000014,510.1000000000001,604.6
2019-05-27,60.49999999999999,508.2,600.9000000000001
2019-05-28,73.3,605.0999999999999,717.8
2019-05-29,124.49999999999997,748.8,940.1000000000001
2019-05-30,100.69999999999999,589.5,743.6999999999999
2019-05-31,132.69999999999996,574.5000000000001,777.9999999999999
2019-06-01,115.89999999999999,687.0,864.2
2019-06-02,63.49999999999999,626.1,723.3999999999999
2019-06-03,78.9,454.3,575.3000000000001
2019-06-04,219.20000000000002,961.5,1297.3999999999999
2019-06-05,97.3,619.2,768.6000000000001
2019-06-06,172.50000000000003,618.6999999999999,883.3
2019-06-07,193.35000000000002,985.3000000000001,1281.2
2019-06-08,83.10000000000001,314.8,441.7999999999999
2019-06-09,89.6,384.3999999999999,522.0
2019-06-10,114.19999999999997,808.9999999999999,983.9000000000001
2019-06-11,234.00000000000003,658.1,1017.3
2019-06-12,219.8,892.6,1229.6
2019-06-13,201.85,600.75,910.4500000000003
2019-06-14,250.1,545.6,928.6999999999999
2019-06-15,171.79999999999998,509.80000000000007,773.3999999999999
2019-06-16,98.49999999999999,318.19999999999993,469.19999999999993
2019-06-17,135.9,423.9,632.4
2019-06-18,317.8,1109.8,1597.0000000000002
2019-06-19,183.59999999999997,1013.1,1294.1
2019-06-20,152.2,596.6999999999999,829.5999999999999
2019-06-21,122.6,541.0000000000002,728.8999999999999
2019-06-22,137.3,644.7000000000002,855.4999999999999
2019-06-23,110.10000000000001,985.8,1154.6
2019-06-24,262.3,1373.1999999999996,1775.3
2019-06-25,143.7,1112.9999999999998,1333.2999999999997
2019-06-26,127.79999999999998,668.5999999999998,864.9
2019-06-27,166.9,575.6,831.1000000000001
2019-06-28,191.1,637.1999999999998,930.0999999999999
2019-06-29,169.99999999999994,1067.0,1328.0
2019-06-30,52.0,386.00000000000006,465.6
2019-07-01,65.59999999999998,361.2,461.90000000000003
2019-07-02,93.80000000000003,476.79999999999995,620.4000000000001
2019-07-03,175.45,809.8,1078.8
2019-07-04,274.20000000000005,959.1999999999998,1379.8999999999996
2019-07-05,83.2,873.8000000000002,1001.2999999999998
2019-07-06,75.5,605.0999999999999,721.2000000000002
2019-07-07,164.60000000000002,673.0999999999999,925.9999999999999
2019-07-08,206.80000000000004,708.2000000000002,1025.3
2019-07-09,149.79999999999998,736.9,966.6
2019-07-10,121.30000000000003,744.0,929.8000000000001
2019-07-11,90.20000000000002,586.6,724.8000000000001
2019-07-12,60.800000000000004,426.1,518.6999999999998
2019-07-13,64.0,445.59999999999997,543.9
2019-07-14,67.69999999999999,485.09999999999997,588.8
2019-07-15,148.6,516.9000000000001,744.6
2019-07-16,157.2,651.8999999999999,893.1000000000001
2019-07-17,100.1,664.2999999999998,818.0999999999998
2019-07-18,126.99999999999997,576.4,771.2
2019-07-19,277.90000000000003,633.1999999999998,1059.4999999999998
2019-07-20,71.9,335.29999999999995,445.99999999999994
2019-07-21,62.300000000000004,276.7,373.0000000000001
2019-07-22,120.7,363.6,548.8999999999999
2019-07-23,266.90000000000003,1013.3,1422.5
2019-07-24,104.40000000000002,943.7499999999998,1104.3999999999999
2019-07-25,229.70000000000002,1560.6999999999998,1912.6000000000001
2019-07-26,133.0,796.8000000000001,1000.7
2019-07-27,78.39999999999999,543.5,663.7
2019-07-28,45.39999999999999,347.4,416.9
2019-07-29,168.29999999999998,538.2999999999998,796.1
2019-07-30,148.39999999999998,510.49999999999994,738.1999999999999
2019-07-31,88.4,399.9,535.8
2019-08-01,84.5,593.4,723.0999999999999
2019-08-02,59.80000000000001,534.7,625.9
2019-08-03,141.7,687.0000000000001,903.9999999999999
2019-08-04,80.39999999999999,539.0999999999999,661.9000000000001
2019-08-05,182.20000000000005,482.4,761.7
2019-08-06,130.4,344.3,544.3
2019-08-07,128.5,419.5,616.0999999999999
2019-08-08,200.39999999999998,602.3,909.1
2019-08-09,514.7,572.2,1361.4000000000003
2019-08-10,63.50000000000001,162.40000000000003,259.59999999999997
2019-08-11,65.80000000000001,223.20000000000002,324.40000000000003
2019-08-12,256.2,730.7,1123.6999999999998
2019-08-13,111.69999999999999,516.4000000000001,687.4000000000001
2019-08-14,316.90000000000003,699.9,1185.6
2019-08-15,97.59999999999998,448.59999999999997,598.1
2019-08-16,270.2,566.4,980.6999999999999
2019-08-17,65.4,250.2,350.29999999999995
2019-08-18,48.900000000000006,233.20000000000005,307.90000000000003
2019-08-19,84.20000000000002,379.50000000000006,508.90000000000003
2019-08-20,86.6,574.9,707.5000000000001
2019-08-21,123.89999999999998,625.0999999999998,815.4000000000001
2019-08-22,78.00000000000003,473.6999999999999,593.3499999999999
2019-08-23,259.0,907.5999999999999,1304.2
2019-08-24,271.59999999999997,1660.7000000000003,2077.2999999999997
2019-08-25,134.5,1747.2000000000003,1953.6999999999998
2019-08-26,226.00000000000006,1660.0,2006.6999999999998
2019-08-27,439.69999999999993,1892.9000000000003,2566.6
2019-08-28,98.60000000000001,607.1,758.7999999999998
2019-08-29,116.60000000000001,511.29999999999995,690.1999999999999
2019-08-30,162.0,526.3000000000001,774.5
2019-08-31,98.0,575.3000000000001,725.4000000000002
2019-09-01,64.9,424.70000000000005,524.2000000000002
2019-09-02,145.50000000000003,616.8999999999999,840.4000000000001
2019-09-03,103.30000000000003,496.8499999999999,655.5
2019-09-04,132.8,392.3999999999999,595.8000000000001
2019-09-05,107.1,547.6,712.0999999999999
2019-09-06,182.5,835.3000000000001,1115.1
2019-09-07,55.699999999999996,466.1,551.6999999999999
2019-09-08,62.90000000000002,550.8999999999999,647.0
2019-09-09,195.60000000000002,1007.5999999999999,1307.6000000000001
2019-09-10,264.4,975.5,1380.9000000000003
2019-09-11,158.8,539.7,783.8999999999999
2019-09-12,166.99999999999997,480.19999999999993,736.1999999999998
2019-09-13,127.0,586.8,781.3
2019-09-14,328.9,1199.0000000000002,1703.1000000000004
2019-09-15,102.19999999999999,774.4,930.9
2019-09-16,200.90000000000003,761.95,1070.0
2019-09-17,118.30000000000001,620.1,801.0
2019-09-18,203.7,871.0,1183.0000000000002
2019-09-19,553.6,1242.4999999999998,2091.3999999999996
2019-09-20,281.00000000000006,1111.5,1542.3000000000002
2019-09-21,182.5,1325.3999999999999,1605.3000000000004
2019-09-22,89.60000000000001,939.1000000000001,1076.4
2019-09-23,123.30000000000001,471.0,659.9000000000001
2019-09-24,236.2,665.4000000000001,1027.5
2019-09-25,133.0,472.3999999999999,676.3000000000001
2019-09-26,114.1,492.4999999999999,667.3
2019-09-27,119.3,436.00000000000006,618.8999999999999
2019-09-28,60.89999999999999,289.0,382.70000000000005
2019-09-29,40.1,212.1,273.5
2019-09-30,290.90000000000003,618.4000000000001,1064.4999999999998
2019-10-01,200.60000000000002,655.0,962.4000000000001
2019-10-02,204.2,703.6,1016.8
2019-10-03,914.0999999999999,1185.2000000000003,2587.2000000000003
2019-10-04,311.5,855.8,1333.6
2019-10-05,306.9000000000001,1037.8000000000002,1508.1000000000001
2019-10-06,51.20000000000001,492.9999999999999,571.0
2019-10-07,265.3,771.3000000000001,1177.7
2019-10-08,139.70000000000002,525.5999999999999,739.8
2019-10-09,116.89999999999999,492.90000000000003,672.4
2019-10-10,138.90000000000003,467.79999999999995,680.5
2019-10-11,88.39999999999999,421.4,556.7
2019-10-12,235.1,847.5,1208.3
2019-10-13,99.39999999999998,654.6,807.3
2019-10-14,511.3,1109.1999999999996,1893.1000000000001
2019-10-15,261.20000000000005,795.4,1196.1
2019-10-16,336.9,1043.65,1560.6
2019-10-17,439.20000000000005,1106.3999999999999,1779.8999999999996
2019-10-18,120.0,512.8,696.9
2019-10-19,187.60000000000002,795.5999999999999,1083.3
2019-10-20,174.1,770.0,1037.6
2019-10-21,116.90000000000002,700.8000000000002,880.0000000000001
2019-10-22,838.0999999999999,1257.0,2542.2000000000003
2019-10-23,1489.0000000000002,1703.2999999999997,3986.5000000000005
2019-10-24,765.9,1311.5999999999995,2486.599999999999
2019-10-25,274.5000000000001,626.7,1047.3999999999996
2019-10-26,44.2,333.8999999999999,401.6
2019-10-27,149.20000000000002,828.9,1057.6
2019-10-28,848.5000000000001,1294.7000000000003,2595.3
2019-10-29,354.0,1273.4999999999998,1815.8000000000002
2019-10-30,372.34999999999997,1268.35,1838.65
2019-10-31,759.5,1316.7999999999997,2481.2
2019-11-01,641.6999999999999,1243.9,2227.999999999999
2019-11-02,69.5,345.3,451.4999999999999
2019-11-03,221.2,771.0,1110.7
2019-11-04,711.5,1191.0000000000002,2281.6999999999994
2019-11-05,317.7,1028.2,1515.3999999999999
2019-11-06,576.6999999999999,1189.7999999999995,2074.2
2019-11-07,295.79999999999995,952.0,1405.3
2019-11-08,973.1,1234.6000000000001,2726.2
2019-11-09,442.40000000000003,1036.4,1714.8999999999999
2019-11-10,540.3000000000001,1097.1000000000001,1925.3000000000002
2019-11-11,161.60000000000002,807.1000000000001,1055.1999999999998
2019-11-12,156.5,717.6,957.4999999999999
2019-11-13,335.50000000000006,987.3000000000001,1502.0000000000002
2019-11-14,295.8,1133.8999999999999,1587.8
2019-11-15,207.0,933.0000000000002,1250.1999999999998
2019-11-16,696.2999999999998,1123.1000000000004,2190.9
2019-11-17,1294.8999999999994,1471.6000000000001,3456.9999999999995
2019-11-18,374.90000000000003,1094.4,1669.0
2019-11-19,1761.9,1713.3000000000004,4414.800000000001
2019-11-20,584.2000000000002,1395.3999999999999,2290.7
2019-11-21,577.6999999999998,1146.3,2032.4
2019-11-22,396.4,1326.9999999999998,1934.6000000000001
2019-11-23,564.3,1286.8000000000002,2152.0
2019-11-24,807.5,1082.4,2320.5
2019-11-25,410.59999999999997,1068.1,1697.5000000000002
2019-11-26,290.6,914.3000000000001,1359.7
2019-11-27,244.2,1116.55,1491.1999999999998
2019-11-28,252.39999999999998,843.5,1230.5000000000002
2019-11-29,418.5,1185.3,1827.2999999999997
2019-11-30,1152.0,1732.0,3498.1
2019-12-01,149.2,1023.1999999999998,1252.1999999999998
2019-12-02,992.0000000000001,1547.2,3068.6
2019-12-03,972.9999999999999,1708.9,3200.8999999999996
2019-12-04,2393.2999999999997,2019.6000000000006,5689.799999999999
2019-12-05,1212.4,1295.1,3154.3
2019-12-06,135.5,661.4,869.0
2019-12-07,124.6,579.7,771.2
2019-12-08,70.4,249.6,357.3
2019-12-09,290.8,735.3000000000001,1181.3000000000002
2019-12-10,250.69999999999996,799.9999999999999,1184.1000000000001
2019-12-11,377.90000000000003,1043.3000000000002,1622.5
2019-12-12,345.15000000000003,1008.1000000000001,1537.1500000000003
2019-12-13,195.50000000000003,677.5000000000001,976.8
2019-12-14,158.20000000000002,611.8,854.3000000000001
2019-12-15,99.7,345.1000000000001,497.9
2019-12-16,575.6,1200.3,2083.1
2019-12-17,334.59999999999997,1261.4,1774.8
2019-12-18,480.59999999999997,1202.0000000000002,1939.2000000000003
2019-12-19,253.4,685.3,1074.2
2019-12-20,316.40000000000003,1039.4,1524.0
2019-12-21,191.3,689.6,983.1999999999999
2019-12-22,94.9,575.7,721.3000000000001
2019-12-23,183.1,694.9999999999999,976.1
2019-12-24,66.4,475.79999999999995,577.5
2019-12-25,311.6,774.9000000000001,1253.0000000000002
2019-12-26,82.39999999999998,666.8000000000001,793.0999999999999
2019-12-27,506.90000000000003,893.3,1670.3
2019-12-28,297.50000000000006,841.3,1297.6
2019-12-29,253.70000000000002,630.9000000000001,1020.6
2019-12-30,486.40000000000003,960.5,1706.4
2019-12-31,413.3,1068.8999999999996,1702.2999999999997
2020-01-01,440.29999999999995,1071.8999999999999,1746.5999999999997
2020-01-02,128.54999999999998,582.9000000000002,780.1499999999999
2020-01-03,69.1,685.4,791.2
2020-01-04,119.5,876.3000000000001,1059.3
2020-01-05,60.400000000000006,524.6000000000001,617.7999999999998
2020-01-06,155.20000000000002,584.2,822.5999999999999
2020-01-07,176.89999999999998,685.6999999999999,957.0
2020-01-08,267.29999999999995,849.2,1259.2
2020-01-09,145.90000000000003,527.4,750.8
2020-01-10,177.59999999999997,800.5,1072.5999999999997
2020-01-11,61.400000000000006,357.2,451.40000000000003
2020-01-12,101.10000000000001,385.09999999999997,540.3
2020-01-13,205.6,577.9999999999999,893.6500000000001
2020-01-14,196.9,457.20000000000005,759.1000000000004
2020-01-15,200.2,714.1,1021.1
2020-01-16,309.80000000000007,776.8,1251.7
2020-01-17,208.99999999999994,698.8,1018.9
2020-01-18,260.8,1074.6,1474.3999999999999
2020-01-19,596.4000000000001,1318.5000000000002,2232.8
2020-01-20,1833.9999999999998,1685.6000000000001,4497.799999999999
2020-01-21,2239.3,1742.7999999999997,5176.4
2020-01-22,2480.2,1624.8,5427.9
2020-01-23,653.5999999999999,1306.2,2308.2999999999997
2020-01-24,664.6999999999999,1235.4999999999998,2254.8999999999996
2020-01-25,319.09999999999997,842.4000000000001,1331.3000000000002
2020-01-26,164.29999999999998,609.9000000000001,861.6999999999999
2020-01-27,224.6,830.5999999999999,1175.1
2020-01-28,117.89999999999999,579.6999999999999,760.6
2020-01-29,141.54999999999998,671.9,888.5499999999998
2020-01-30,263.5,719.8000000000001,1123.3999999999999
2020-01-31,141.2,551.5,768.4000000000001
2020-02-01,40.1,407.2000000000001,468.50000000000006
2020-02-02,43.2,465.29999999999995,531.8000000000001
2020-02-03,60.599999999999994,575.8000000000001,668.6
2020-02-04,63.5,661.9000000000001,759.5
2020-02-05,1000.2,1486.2,3020.0000000000005
2020-02-06,1223.5000000000002,1715.0,3591.4000000000005
2020-02-07,577.2,1280.3,2164.7
2020-02-08,100.1,611.8000000000001,765.5
2020-02-09,23.1,202.50000000000003,237.6
2020-02-10,65.6,405.2,505.40000000000003
2020-02-11,76.2,457.1,574.4999999999999
2020-02-12,191.5,759.7,1053.6000000000001
2020-02-13,134.90000000000003,747.05,954.35
2020-02-14,411.39999999999986,839.1,1469.9999999999998
2020-02-15,81.5,141.10000000000002,266.70000000000005
2020-02-16,53.6,157.9,239.59999999999997
2020-02-17,217.40000000000003,377.9,710.9999999999999
2020-02-18,95.70000000000002,384.09999999999997,530.6999999999999
2020-02-19,157.90000000000003,608.3999999999999,850.2
2020-02-20,89.8,435.0,572.8000000000001
2020-02-21,97.3,378.6,527.4
2020-02-22,52.1,212.89999999999998,292.9
2020-02-23,45.599999999999994,304.7,374.5
2020-02-24,145.5,472.99999999999994,695.6000000000001
2020-02-25,102.5,482.7,640.1
2020-02-26,114.00000000000003,626.9,801.8
2020-02-27,178.5,806.0000000000001,1079.5500000000002
2020-02-28,362.3,781.0000000000001,1336.6
2020-02-29,92.50000000000003,194.5,336.1
2020-03-01,87.9,225.40000000000003,360.6
2020-03-02,137.9,667.9999999999999,879.5999999999999
2020-03-03,286.29999999999995,897.4000000000001,1336.3999999999999
2020-03-04,452.7,1262.8,1957.3
2020-03-05,178.69999999999996,800.0999999999999,1074.3999999999999
2020-03-06,343.2,924.1,1450.6000000000004
2020-03-07,195.69999999999996,743.7,1043.6
2020-03-08,79.39999999999999,241.79999999999998,363.40000000000003
2020-03-09,146.50000000000003,430.99999999999994,654.8000000000001
2020-03-10,119.0,306.4,488.6999999999999
2020-03-11,111.60000000000002,334.09999999999997,504.79999999999995
2020-03-12,118.1,344.55,526.1
2020-03-13,99.50000000000001,539.0,692.1000000000001
2020-03-14,88.3,387.4,523.0999999999999
2020-03-15,29.1,331.3,375.90000000000003
2020-03-16,134.5,784.9000000000001,991.1
2020-03-17,78.2,503.79999999999995,623.8
2020-03-18,61.7,423.0,517.6999999999999
2020-03-19,147.00000000000003,822.3,1047.9
2020-03-20,102.20000000000002,626.8000000000001,783.7999999999998
2020-03-21,78.69999999999999,514.0000000000001,634.4000000000001
2020-03-22,74.5,586.2,700.3
2020-03-23,174.80000000000004,1029.0,1296.2999999999997
2020-03-24,83.79999999999998,811.9000000000001,940.8000000000003
2020-03-25,158.3,1177.2000000000003,1420.2999999999997
2020-03-26,98.00000000000001,922.0,1072.3000000000002
2020-03-27,60.30000000000001,766.3000000000001,858.9000000000001
2020-03-28,35.300000000000004,446.40000000000003,500.69999999999993
2020-03-29,40.0,294.20000000000005,355.49999999999994
2020-03-30,57.39999999999999,432.19999999999993,519.8000000000001
2020-03-31,60.2,587.4000000000001,680.0
2020-04-01,193.19999999999996,813.3000000000001,1109.8
2020-04-02,66.89999999999999,495.8,598.4999999999999
2020-04-03,38.599999999999994,586.0999999999999,645.0
2020-04-04,40.199999999999996,538.9000000000001,600.7999999999998
2020-04-05,21.7,340.59999999999997,373.69999999999993
2020-04-06,20.7,401.6,433.5
2020-04-07,109.0,943.7000000000002,1110.6999999999998
2020-04-08,75.39999999999999,1210.2,1326.3999999999996
2020-04-09,153.60000000000002,1362.4999999999998,1598.4
2020-04-10,69.8,1072.8,1179.7
2020-04-11,99.10000000000001,1060.5,1212.5
2020-04-12,18.900000000000002,593.1999999999999,622.4000000000001
2020-04-13,25.099999999999994,264.79999999999995,303.59999999999997
2020-04-14,46.29999999999998,337.80000000000007,408.90000000000003
2020-04-15,52.900000000000006,676.1999999999999,757.1000000000001
2020-04-16,118.69999999999999,1217.3,1399.3000000000002
2020-04-17,47.3,558.5,630.8000000000001
2020-04-18,87.2,538.2,671.8
2020-04-19,39.199999999999996,517.0,576.5000000000001
2020-04-20,49.5,458.3999999999999,534.5
2020-04-21,47.2,493.7,566.0
2020-04-22,51.400000000000006,544.9,624.0
2020-04-23,66.50000000000001,708.8,810.7000000000002
2020-04-24,50.8,719.8000000000001,797.7999999999998
2020-04-25,27.399999999999995,403.00000000000006,444.6999999999999
2020-04-26,20.599999999999998,374.3,406.09999999999997
2020-04-27,52.79999999999998,532.1000000000001,613.1000000000001
2020-04-28,52.099999999999994,514.4,594.3000000000001
2020-04-29,31.6,305.7,354.1000000000001
2020-04-30,36.49999999999999,233.20000000000002,289.5
2020-05-01,25.5,228.5,267.6
2020-05-02,18.800000000000004,232.99999999999997,262.0
2020-05-03,27.9,348.6,391.1
2020-05-04,42.300000000000004,389.5999999999999,454.70000000000005
2020-05-05,42.3,285.3,350.5
2020-05-06,56.00000000000001,465.59999999999997,551.2
2020-05-07,63.400000000000006,590.0000000000001,686.8000000000001
2020-05-08,40.199999999999996,533.7999999999998,594.8999999999999
2020-05-09,42.80000000000001,764.5999999999999,829.8999999999999
2020-05-10,24.099999999999998,369.5999999999999,406.79999999999995
2020-05-11,46.20000000000001,234.79999999999998,306.00000000000006
2020-05-12,39.900000000000006,318.4,379.9
2020-05-13,47.199999999999996,293.5,365.70000000000005
2020-05-14,54.900000000000006,323.19999999999993,407.49999999999994
2020-05-15,46.300000000000004,432.1,503.0
2020-05-16,19.6,333.6,363.7
2020-05-17,19.8,280.7,311.2
2020-05-18,22.4,223.99999999999997,257.70000000000005
2020-05-19,26.499999999999996,299.9000000000001,340.5
2020-05-20,178.80000000000004,535.6000000000001,810.6
2020-05-21,39.60000000000001,485.00000000000006,545.7
2020-05-22,21.4,228.9,261.6
2020-05-23,16.3,103.9,128.6
2020-05-24,16.0,201.40000000000003,225.8
2020-05-25,28.100000000000005,325.69999999999993,368.7000000000001
2020-05-26,77.9,466.9000000000001,585.9999999999999
2020-05-27,72.2,651.7000000000002,762.6
2020-05-28,52.89999999999999,321.4000000000001,402.2999999999999
2020-05-29,87.79999999999997,461.4999999999999,596.4
2020-05-30,31.5,327.30000000000007,375.50000000000006
2020-05-31,30.000000000000004,298.4000000000001,344.19999999999993
2020-06-01,49.29999999999999,414.8999999999999,490.69999999999993
2020-06-02,26.299999999999994,383.3999999999999,423.9999999999999
2020-06-03,65.50000000000001,690.2000000000004,790.5999999999999
2020-06-04,26.400000000000002,247.69999999999996,288.09999999999997
2020-06-05,31.400000000000002,222.10000000000002,270.0
2020-06-06,35.3,242.1,296.5
2020-06-07,38.7,273.49999999999994,333.2
2020-06-08,50.6,237.59999999999997,315.2000000000001
2020-06-09,66.39999999999999,404.4,505.19999999999993
2020-06-10,68.7,444.10000000000014,548.9000000000001
2020-06-11,69.7,445.3,552.0999999999999
2020-06-12,73.69999999999999,572.1,685.0000000000001
2020-06-13,52.7,492.8,573.6
2020-06-14,31.699999999999996,332.4999999999999,381.0
2020-06-15,48.199999999999996,387.49999999999994,461.3
2020-06-16,47.99999999999999,362.7999999999999,436.40000000000003
2020-06-17,105.7,695.6000000000001,857.8000000000001
2020-06-18,38.79999999999999,325.90000000000003,386.0
2020-06-19,34.1,180.69999999999996,232.50000000000006
2020-06-20,28.400000000000006,139.1,182.99999999999997
2020-06-21,18.4,106.89999999999998,135.4
2020-06-22,32.1,146.39999999999998,195.79999999999995
2020-06-23,54.9,373.70000000000005,457.9
2020-06-24,79.39999999999999,817.6000000000001,939.2000000000003
2020-06-25,63.300000000000004,799.9000000000001,897.1000000000001
2020-06-26,45.900000000000006,569.9,639.8000000000002
2020-06-27,31.5,110.09999999999998,158.4
2020-06-28,19.500000000000004,38.0,67.89999999999999
2020-06-29,31.60000000000001,87.80000000000001,136.0
2020-06-30,50.4,165.79999999999998,243.2
2020-07-01,52.399999999999984,158.7,239.30000000000004
2020-07-02,57.39999999999999,324.1,411.8
2020-07-03,37.4,196.5,253.90000000000003
2020-07-04,25.7,114.50000000000003,154.20000000000002
2020-07-05,8.6,49.99999999999999,63.7
2020-07-06,24.5,168.0,205.7
2020-07-07,38.199999999999996,398.29999999999995,456.6
2020-07-08,81.19999999999999,299.5,424.20000000000005
2020-07-09,75.4,232.79999999999998,348.6
2020-07-10,27.499999999999996,233.1,275.8
2020-07-11,21.499999999999996,323.8,357.09999999999997
2020-07-12,98.5,560.0000000000001,710.8999999999997
2020-07-13,44.8,321.5,389.69999999999993
2020-07-14,37.79999999999998,322.90000000000003,381.20000000000005
2020-07-15,41.99999999999999,351.29999999999995,416.0
2020-07-16,28.7,323.20000000000005,367.1
2020-07-17,55.00000000000001,486.70000000000005,571.3
2020-07-18,23.0,232.70000000000002,267.59999999999997
2020-07-19,14.400000000000002,222.99999999999994,245.6
2020-07-20,25.499999999999993,265.0,304.3
2020-07-21,26.0,338.79999999999995,378.7
2020-07-22,24.600000000000005,368.4,406.20000000000005
2020-07-23,26.0,356.2,396.30000000000007
2020-07-24,41.9,302.1000000000001,366.40000000000003
2020-07-25,42.199999999999996,227.40000000000003,292.20000000000005
2020-07-26,25.900000000000006,166.40000000000003,206.40000000000003
2020-07-27,76.8,251.80000000000004,369.50000000000006
2020-07-28,78.30000000000001,248.4,368.5999999999999
2020-07-29,53.70000000000001,404.4000000000001,487.0
2020-07-30,67.55,595.6500000000001,699.6
2020-07-31,71.3,823.4999999999999,932.5000000000001
2020-08-01,16.700000000000003,201.70000000000005,227.10000000000002
2020-08-02,14.400000000000002,169.8,191.69999999999996
2020-08-03,16.2,259.79999999999995,284.7
2020-08-04,65.7,394.09999999999997,494.8999999999999
2020-08-05,30.100000000000005,215.79999999999998,261.80000000000007
2020-08-06,84.8,482.5,612.3000000000001
2020-08-07,191.70000000000002,1351.2999999999997,1644.8999999999999
2020-08-08,111.29999999999998,949.9999999999999,1120.2
2020-08-09,3.8000000000000003,349.7,355.19999999999993
2020-08-10,39.4,614.8,675.4
2020-08-11,46.500000000000014,1052.8999999999999,1124.5
2020-08-12,29.650000000000006,948.0000000000001,993.3000000000001
2020-08-13,24.0,542.1,578.5
2020-08-14,24.700000000000003,364.90000000000003,402.29999999999995
2020-08-15,41.9,452.8,516.4
2020-08-16,27.0,472.1,513.8
2020-08-17,55.199999999999996,448.49999999999994,533.4999999999999
2020-08-18,54.60000000000001,292.1,376.1
2020-08-19,151.3,514.6,746.0000000000001
2020-08-20,72.7,394.99999999999994,506.5
2020-08-21,47.199999999999996,164.6,236.70000000000005
2020-08-22,30.0,116.10000000000001,162.39999999999998
2020-08-23,28.300000000000004,122.5,166.0
2020-08-24,93.20000000000002,320.3,463.0
2020-08-25,52.49999999999999,227.55,308.15
2020-08-26,45.199999999999996,303.90000000000003,373.50000000000006
2020-08-27,116.7,522.5,701.5
2020-08-28,68.99999999999999,362.20000000000005,468.2999999999999
2020-08-29,36.4,196.8,252.40000000000003
2020-08-30,31.0,214.1,261.40000000000003
2020-08-31,137.2,578.5,789.0
2020-09-01,595.5,946.0,1859.1
2020-09-02,94.0,639.4,784.0
2020-09-03,67.89999999999998,352.6,457.00000000000006
2020-09-04,79.69999999999999,422.40000000000003,544.0000000000001
2020-09-05,61.1,435.50000000000006,528.9
2020-09-06,52.7,418.79999999999995,498.9999999999999
2020-09-07,141.70000000000005,471.3,688.3999999999999
2020-09-08,82.9,364.5,491.80000000000007
2020-09-09,79.10000000000002,439.20000000000005,561.2
2020-09-10,82.9,538.9,665.9000000000001
2020-09-11,191.2,694.9000000000001,988.2500000000001
2020-09-12,39.800000000000004,266.59999999999997,327.6
2020-09-13,40.1,293.09999999999997,354.3
2020-09-14,432.29999999999995,1124.4,1787.8000000000002
2020-09-15,141.20000000000005,1309.1000000000001,1525.5
2020-09-16,40.400000000000006,590.5999999999998,652.9999999999998
2020-09-17,76.69999999999999,371.4000000000001,489.20000000000005
2020-09-18,100.39999999999998,522.0999999999999,675.3999999999999
2020-09-19,47.5,392.8,465.4000000000001
2020-09-20,28.700000000000006,392.09999999999997,435.9
2020-09-21,301.2,1040.6,1502.3
2020-09-22,135.4,719.8499999999998,928.0
2020-09-23,53.3,347.70000000000005,429.4
2020-09-24,102.7,390.3,547.1
2020-09-25,49.19999999999998,266.7,342.5
2020-09-26,35.199999999999996,144.20000000000002,198.1
2020-09-27,21.099999999999998,125.59999999999998,158.10000000000002
2020-09-28,87.0,449.4,583.1
2020-09-29,218.2,789.9,1124.6999999999998
2020-09-30,252.19999999999996,713.3000000000001,1100.1
2020-10-01,123.89999999999998,575.1999999999999,765.2
2020-10-02,151.2,686.1,917.6
2020-10-03,142.2,628.8,847.4000000000001
2020-10-04,108.50000000000001,317.29999999999995,483.5
2020-10-05,124.14999999999999,497.30000000000007,687.85
2020-10-06,55.29999999999999,334.29999999999995,418.9000000000001
2020-10-07,105.8,487.9,649.8000000000001
2020-10-08,56.199999999999996,412.40000000000003,498.59999999999997
2020-10-09,286.9,905.4,1345.0
2020-10-10,100.1,601.1,754.2999999999998
2020-10-11,43.099999999999994,482.3999999999999,548.0
2020-10-12,316.99999999999994,805.6999999999999,1291.5999999999997
2020-10-13,127.59999999999998,637.4,833.4
2020-10-14,127.19999999999997,609.1,804.1
2020-10-15,66.80000000000001,536.7,639.0
2020-10-16,163.3,774.1000000000001,1024.2000000000003
2020-10-17,33.3,573.3,624.5
2020-10-18,151.49999999999997,868.6,1101.1
2020-10-19,133.1,748.7000000000002,952.8000000000002
2020-10-20,101.3,463.30000000000007,618.45
2020-10-21,199.69999999999996,625.5500000000001,931.6500000000001
2020-10-22,90.70000000000002,486.0,625.0999999999999
2020-10-23,90.00000000000001,482.29999999999995,620.3000000000001
2020-10-24,59.7,206.49999999999997,298.49999999999994
2020-10-25,77.39999999999999,309.79999999999995,428.59999999999997
2020-10-26,106.1,455.8999999999999,618.5
2020-10-27,161.7,462.80000000000007,710.6999999999998
2020-10-28,83.6,333.6000000000001,461.70000000000005
2020-10-29,108.0,332.0999999999999,497.9000000000002
2020-10-30,63.3,287.09999999999997,384.09999999999997
2020-10-31,61.900000000000006,233.09999999999997,328.6
2020-11-01,38.00000000000001,112.0,170.29999999999995
2020-11-02,54.9,153.7,237.4
2020-11-03,113.30000000000001,571.1,744.9
2020-11-04,1018.4,1125.3999999999999,2687.4000000000005
2020-11-05,1835.3,1365.8,4180.0
2020-11-06,908.6,1294.1000000000004,2687.3999999999996
2020-11-07,752.5999999999999,1063.8999999999999,2218.1
2020-11-08,565.5999999999999,860.9000000000001,1727.8999999999999
2020-11-09,342.1,868.7,1392.7
2020-11-10,170.70000000000005,772.4000000000001,1034.0
2020-11-11,139.1,458.29999999999995,671.9000000000002
2020-11-12,82.0,327.7,453.5
2020-11-13,90.39999999999999,579.5,718.1999999999997
2020-11-14,45.00000000000001,285.2,354.1000000000001
2020-11-15,33.199999999999996,100.60000000000001,150.99999999999997
2020-11-16,52.29999999999999,269.29999999999995,349.29999999999995
2020-11-17,38.7,196.0,255.8
2020-11-18,64.15,259.3,357.59999999999997
2020-11-19,55.2,530.5,615.0
2020-11-20,217.60000000000002,770.1,1103.6000000000001
2020-11-21,16.5,196.00000000000003,221.90000000000006
2020-11-22,33.699999999999996,501.7,553.4
2020-11-23,454.90000000000003,973.9,1671.4
2020-11-24,90.5,447.4999999999999,586.3
2020-11-25,98.20000000000003,589.5,740.0000000000001
2020-11-26,280.0,1070.6000000000001,1500.3000000000002
2020-11-27,1498.1999999999998,1207.9,3505.3
2020-11-28,417.9,1041.8000000000002,1682.6
2020-11-29,168.0,926.8,1184.1999999999998
2020-11-30,158.50000000000006,567.3000000000001,810.3
2020-12-01,94.60000000000001,652.4,797.8
2020-12-02,469.79999999999995,968.6,1688.4
2020-12-03,255.45000000000002,899.1999999999999,1290.2499999999995
2020-12-04,139.1,659.0,872.4
2020-12-05,148.6,651.3,879.6
2020-12-06,178.1,724.6000000000001,997.8
2020-12-07,624.3000000000001,983.5999999999999,1940.6000000000001
2020-12-08,885.1000000000001,999.6000000000001,2356.6
2020-12-09,244.70714285714283,770.8607142857143,1146.217857142857
2020-12-10,51.51428571428571,539.2714285714286,617.7857142857143
2020-12-11,361.87857142857143,966.1178571428571,1520.6464285714283
2020-12-12,104.4,704.8000000000001,864.5
2020-12-13,87.80000000000001,540.4999999999999,675.5999999999999
2020-12-14,151.5,531.6999999999999,763.7000000000002
2020-12-15,224.85000000000002,759.95,1104.95
2020-12-16,117.0,600.0,780.0
2020-12-17,104.5,485.1,645.4000000000001
2020-12-18,97.40000000000002,323.59999999999997,472.99999999999994
2020-12-19,85.1,311.49999999999994,441.70000000000016
2020-12-20,43.599999999999994,306.49999999999994,372.99999999999994
2020-12-21,61.99999999999999,338.7,433.8
2020-12-22,308.90000000000003,654.1,1127.3
2020-12-23,89.99999999999999,483.8000000000001,621.9000000000002
2020-12-24,41.89999999999999,245.8,310.00000000000006
2020-12-25,28.600000000000005,325.09999999999997,369.7
2020-12-26,18.299999999999997,152.60000000000005,181.20000000000002
2020-12-27,34.5,247.79999999999998,301.4
2020-12-28,99.8464114832536,536.2712918660287,690.3923444976078
2020-12-29,52.27751196172249,473.42009569377984,556.7253588516747
2020-12-30,66.33301435406699,470.66411483253586,575.1904306220096
2020-12-31,80.38851674641151,467.90813397129205,593.6555023923446
2021-01-01,94.44401913875599,465.15215311004795,612.1205741626793
2021-01-02,108.49952153110048,462.3961722488039,630.5856459330145
2021-01-03,122.55502392344499,459.6401913875598,649.0507177033492
2021-01-04,136.61052631578949,456.88421052631577,667.5157894736842
2021-01-05,150.66602870813398,454.1282296650718,685.9808612440191
2021-01-06,152.8794258373206,558.5354066985645,792.9827751196171
2021-01-07,259.7,812.3,1210.3999999999999
2021-01-08,423.4999999999999,919.2,1568.4999999999995
2021-01-09,482.5,968.0000000000001,1707.6
2021-01-10,88.19999999999999,645.6000000000001,780.9
2021-01-11,30.000000000000004,369.5999999999999,415.9000000000001
2021-01-12,46.9,570.7,642.8000000000001
2021-01-13,306.69999999999993,948.2999999999997,1418.8500000000001
2021-01-14,130.2,836.1999999999999,1036.1000000000001
2021-01-15,572.9999999999999,922.7999999999998,1801.6000000000001
2021-01-16,79.7,627.8999999999999,750.0999999999999
2021-01-17,32.9,451.6,502.4
2021-01-18,60.6,491.2000000000001,584.4
2021-01-19,23.000000000000004,158.99999999999997,194.29999999999998
2021-01-20,39.39999999999999,180.5,240.8
2021-01-21,44.50000000000001,344.2,412.2
2021-01-22,105.5,589.7,751.7
2021-01-23,127.50000000000001,597.8000000000001,793.3000000000001
2021-01-24,83.89999999999999,817.9,946.5
2021-01-25,146.89999999999998,808.6999999999999,1034.1000000000001
2021-01-26,335.3,804.8,1318.7
2021-01-27,194.6,813.6,1111.6000000000001
2021-01-28,54.599999999999994,479.0000000000001,562.5000000000001
2021-01-29,38.599999999999994,393.3999999999999,452.3999999999999
2021-01-30,85.8,490.0000000000001,621.5000000000001
2021-01-31,116.7,583.1,761.7
2021-02-01,126.4,653.1,847.4000000000002
2021-02-02,100.1,454.8,608.6
2021-02-03,102.89999999999999,594.6,752.0
2021-02-04,153.19999999999993,802.3,1037.4
2021-02-05,97.6,577.6999999999999,727.6999999999999
2021-02-06,97.2,606.8000000000001,755.4
2021-02-07,44.699999999999996,251.7,320.5
2021-02-08,88.6,436.1000000000001,572.5000000000001
2021-02-09,117.6,604.0999999999999,784.0
2021-02-10,118.1,627.0000000000001,807.7999999999998
2021-02-11,123.60000000000002,718.5999999999999,908.0000000000001
2021-02-12,101.8,622.1,778.0999999999999
2021-02-13,95.1,541.5999999999999,687.9000000000001
2021-02-14,67.99999999999999,541.9999999999999,646.5999999999999
2021-02-15,68.9,514.8,620.5
2021-02-16,59.99999999999999,399.9,491.9
2021-02-17,41.6,249.1,313.0
2021-02-18,46.7,309.4,380.90000000000003
2021-02-19,55.89999999999999,367.8,453.4
2021-02-20,35.9,290.0,345.20000000000005
2021-02-21,57.6,562.8000000000001,651.3000000000001
2021-02-22,154.39999999999995,1069.8000000000004,1306.5
2021-02-23,54.8,376.5,460.5
2021-02-24,58.19999999999999,333.29999999999995,422.8
2021-02-25,55.499999999999986,633.0,718.3000000000001
2021-02-26,317.7,1020.5000000000001,1507.5
2021-02-27,796.6000000000001,1166.5000000000002,2388.0
2021-02-28,77.3,692.0999999999999,810.7
2021-03-01,141.49999999999997,706.8999999999999,923.9
2021-03-02,361.7,885.2,1439.4999999999998
2021-03-03,819.1,1263.2,2519.1
2021-03-04,108.70000000000002,692.6999999999997,859.2999999999998
2021-03-05,95.5,579.2999999999998,725.9000000000001
2021-03-06,78.20000000000002,629.8000000000001,749.5999999999999
2021-03-07,96.89999999999999,570.2,718.6
2021-03-08,746.1,1252.6000000000004,2396.7999999999993
2021-03-09,122.89999999999999,738.0000000000001,926.5000000000001
2021-03-10,41.599999999999994,278.85000000000014,342.95
2021-03-11,27.799999999999997,165.3,207.8
2021-03-12,31.9,217.59999999999997,266.7
2021-03-13,20.800000000000004,163.20000000000002,195.1
2021-03-14,19.5,212.9,242.6
2021-03-15,32.699999999999996,422.69999999999993,472.90000000000003
2021-03-16,63.60000000000001,425.79999999999995,523.2
2021-03-17,66.3,427.49999999999994,528.9000000000001
2021-03-18,62.0,509.1,603.8000000000002
2021-03-19,77.50000000000001,454.90000000000003,573.5999999999999
2021-03-20,43.6,507.00000000000006,573.5999999999999
2021-03-21,28.5,315.4,359.8
2021-03-22,82.85,634.9000000000001,761.9499999999999
2021-03-23,65.80000000000001,561.7999999999998,662.95
2021-03-24,68.89999999999999,474.45000000000005,579.95
2021-03-25,52.85,343.35,424.05
2021-03-26,45.25,241.15,306.25000000000006
2021-03-27,25.599999999999998,162.35000000000002,201.35000000000005
2021-03-28,13.249999999999998,91.14999999999999,111.64999999999999
2021-03-29,40.7,338.9,401.15
2021-03-30,610.5500000000002,1299.6999999999998,2235.9500000000007
2021-03-31,778.0000000000001,1717.3500000000001,2910.7000000000003
2021-04-01,142.50000000000006,569.0500000000001,787.6500000000003
2021-04-02,29.000000000000004,155.50000000000003,200.4
2021-04-03,28.049999999999997,153.89999999999998,196.90000000000003
2021-04-04,26.25,165.4,205.9
2021-04-05,24.32,272.12,309.79999999999995
2021-04-06,16.64,350.84,377.0
2021-04-07,66.24000000000001,406.59000000000003,508.54999999999995
2021-04-08,47.949999999999996,346.09999999999997,419.45
2021-04-09,43.050000000000004,342.2,408.15000000000003
2021-04-10,59.900000000000006,397.09999999999997,488.9
2021-04-11,19.4,322.9,352.6
2021-04-12,52.9,585.7500000000001,667.4000000000001
2021-04-13,257.6,1022.1,1417.3999999999999
2021-04-14,112.40000000000002,774.7,947.2
2021-04-15,59.90000000000001,579.9000000000001,671.8
2021-04-16,74.29999999999998,699.0,812.7499999999999
2021-04-17,67.3,581.7,684.6999999999999
2021-04-18,107.89999999999999,588.0999999999999,753.5999999999999
2021-04-19,223.20000000000002,928.4,1270.8
2021-04-20,217.8,1178.9999999999998,1512.7499999999998
2021-04-21,82.79999999999998,859.8999999999997,986.75
2021-04-22,117.59999999999998,544.4,724.8
2021-04-23,137.95000000000002,709.85,921.6999999999999
2021-04-24,69.75000000000001,564.1,671.0500000000001
2021-04-25,34.300000000000004,266.30000000000007,319.20000000000005
2021-04-26,76.35000000000001,358.3999999999999,476.04999999999995
2021-04-27,117.10000000000001,787.25,966.25
2021-04-28,84.7,669.7500000000001,799.0499999999998
2021-04-29,38.800000000000004,383.0,443.14999999999986
2021-04-30,66.19999999999999,566.8,668.25
2021-05-01,42.80000000000001,493.05,558.65
2021-05-02,73.04999999999998,699.95,812.6000000000003
2021-05-03,19.999999999999996,204.74999999999997,235.54999999999998
2021-05-04,38.65,204.84999999999997,263.85
2021-05-05,50.300000000000004,333.40000000000003,410.1
2021-05-06,73.5,439.55000000000007,551.7
2021-05-07,58.64999999999999,379.5,469.5500000000001
2021-05-08,56.55,367.00000000000006,453.5
2021-05-09,50.55,262.74999999999994,340.7
2021-05-10,54.85000000000001,254.59999999999997,338.4500000000001
2021-05-11,114.20000000000002,452.49999999999994,628.35
2021-05-12,72.94999999999999,295.15,407.20000000000005
2021-05-13,142.75,779.2000000000002,997.9999999999999
2021-05-14,55.15,476.59999999999997,561.35
2021-05-15,73.85000000000001,420.09999999999997,533.5
2021-05-16,48.199999999999996,319.5,393.3
2021-05-17,70.15,496.50000000000006,604.45
2021-05-18,89.04999999999998,392.05,528.4999999999999
2021-05-19,47.9,401.1000000000001,474.94999999999993
2021-05-20,146.30000000000004,442.4,666.8500000000001
2021-05-21,21.0,155.95000000000002,188.35000000000002
2021-05-22,42.14999999999999,388.4000000000001,453.50000000000006
2021-05-23,34.400000000000006,215.65000000000003,268.50000000000006
2021-05-24,65.45,388.35,488.5
2021-05-25,53.04999999999999,363.04999999999995,444.55
2021-05-26,53.64999999999999,462.65000000000003,545.15
2021-05-27,93.04999999999998,723.6000000000001,865.9
2021-05-28,116.8,959.3000000000001,1138.55
2021-05-29,81.55,708.5500000000001,833.7
2021-05-30,37.95,361.2,419.25000000000006
2021-05-31,51.94999999999999,480.15,560.0999999999999
2021-06-01,96.39999999999999,735.0999999999999,883.25
2021-06-02,98.4,878.5500000000001,1029.9500000000003
2021-06-03,24.8,250.24999999999997,288.29999999999995
2021-06-04,61.25000000000001,371.3,465.15000000000003
2021-06-05,36.4,280.35,336.25000000000006
2021-06-06,30.85,199.25,247.04999999999998
2021-06-07,69.19999999999999,271.65000000000003,377.4500000000001
2021-06-08,56.300000000000004,239.4,325.9000000000001
2021-06-09,36.55,214.95,271.0
2021-06-10,62.199999999999996,152.30000000000004,247.60000000000002
2021-06-11,58.949999999999996,162.29999999999998,252.75
2021-06-12,21.650000000000002,144.95,177.8
2021-06-13,34.699999999999996,349.19999999999993,402.3999999999999
2021-06-14,19.349999999999998,205.34999999999997,235.1
2021-06-15,79.74999999999999,407.95,530.3000000000001
2021-06-16,58.94999999999999,455.60000000000014,546.15
2021-06-17,55.49999999999999,433.20000000000005,518.25
2021-06-18,48.7,345.5,420.35
2021-06-19,71.15,267.45000000000005,376.3499999999999
2021-06-20,57.85,246.85,335.9
2021-06-21,66.80000000000001,281.2000000000001,383.5
2021-06-22,61.15,267.25,361.0
2021-06-23,69.55000000000001,389.25000000000006,495.2999999999999
2021-06-24,84.25,467.4000000000001,596.1999999999999
2021-06-25,65.20000000000002,281.9,381.65
2021-06-26,99.89999999999999,405.1,558.55
2021-06-27,48.6,351.15000000000003,425.65000000000003
2021-06-28,65.14999999999999,358.90000000000003,458.6
2021-06-29,60.64999999999999,299.9000000000001,392.94999999999993
2021-06-30,1.9,12.6,15.5
