MeasurementDateGMT,Enfield - Prince of Wales School: Nitric Oxide (ug/m3),Enfield - Prince of Wales School: Nitrogen Dioxide (ug/m3),Enfield - Prince of Wales School: Oxides of Nitrogen (ug/m3)
2018-01-01,38.30000000000001,334.7000000000001,393.29999999999995
2018-01-02,296.80000000000007,783.4000000000001,1238.3
2018-01-03,15.800000000000002,195.6,219.8
2018-01-04,127.7,533.4999999999999,728.4999999999998
2018-01-05,560.7,987.4,1846.8
2018-01-06,947.9000000000001,771.3999999999999,2224.9
2018-01-07,40.29999999999999,328.2,389.6
2018-01-08,183.5,572.6000000000001,854.1999999999999
2018-01-09,793.5999999999998,793.6999999999999,2010.2
2018-01-10,449.3,822.6999999999998,1511.9
2018-01-11,681.0999999999999,835.9,1880.2999999999995
2018-01-12,536.8999999999999,867.5000000000001,1690.7000000000003
2018-01-13,121.6,607.3999999999999,793.9
2018-01-14,108.5,754.1,920.7
2018-01-15,89.10000000000001,628.9000000000001,765.5
2018-01-16,21.900000000000002,370.5,403.7
2018-01-17,32.300000000000004,369.4,419.0
2018-01-18,24.200000000000003,325.5,362.2
2018-01-19,172.4,777.6,1042.0
2018-01-20,124.80000000000001,796.7,988.1000000000001
2018-01-21,349.0,919.6,1453.9000000000003
2018-01-22,110.30000000000001,728.0999999999999,897.8999999999997
2018-01-23,95.99999999999999,692.6,840.1
2018-01-24,32.60000000000001,434.2000000000001,484.3
2018-01-25,130.4,782.9,982.9999999999999
2018-01-26,385.50000000000006,899.5,1490.8999999999996
2018-01-27,527.3,795.8,1605.1
2018-01-28,12.200000000000001,189.50000000000006,208.30000000000004
2018-01-29,125.39999999999999,518.4,710.4000000000001
2018-01-30,1501.8000000000002,1205.7000000000003,3508.3
2018-01-31,23.4,415.4,451.40000000000003
2018-02-01,51.550000000000004,449.75,528.5999999999999
2018-02-02,299.6,656.1000000000001,1115.7
2018-02-03,218.5,922.5999999999999,1257.8999999999999
2018-02-04,32.699999999999996,320.2000000000001,370.00000000000006
2018-02-05,101.8,612.9,768.9000000000001
2018-02-06,255.29999999999998,821.0,1211.9999999999998
2018-02-07,991.9,949.0999999999999,2469.8
2018-02-08,1509.7,1251.6999999999998,3566.899999999999
2018-02-09,56.1,594.3,680.2
2018-02-10,363.10000000000014,905.7,1462.2
2018-02-11,4.999999999999999,164.2,171.5
2018-02-12,189.9,849.6,1140.9
2018-02-13,105.3,594.8,756.0
2018-02-14,525.3000000000002,720.0,1525.5000000000005
2018-02-15,52.1,587.8499999999999,666.9000000000001
2018-02-16,1109.8999999999999,1219.6999999999998,2921.6000000000004
2018-02-17,1534.5000000000002,1280.3,3633.1999999999994
2018-02-18,1177.5999999999995,926.3000000000002,2731.900000000001
2018-02-19,177.20000000000002,770.5,1042.5
2018-02-20,105.59999999999998,496.79999999999995,658.9000000000001
2018-02-21,380.2,784.5000000000001,1367.5999999999997
2018-02-22,211.9,869.3999999999999,1194.1999999999998
2018-02-23,267.4,795.5000000000001,1205.6
2018-02-24,95.09999999999998,654.6999999999999,800.9
2018-02-25,46.1,468.6,539.8000000000002
2018-02-26,69.7,486.09999999999997,592.5
2018-02-27,496.09999999999997,955.9,1717.1
2018-02-28,258.6,745.2000000000002,1141.6
2018-03-01,107.85,549.95,715.1999999999999
2018-03-02,105.70000000000002,702.4,864.5
2018-03-03,102.00000000000001,705.7,861.8000000000001
2018-03-04,104.19999999999999,686.9999999999999,847.3000000000001
2018-03-05,198.90000000000006,890.7000000000002,1195.5999999999997
2018-03-06,690.6,1009.0,2068.0
2018-03-07,789.9000000000001,1062.1999999999998,2273.8999999999996
2018-03-08,72.00000000000001,702.3,812.5000000000001
2018-03-09,714.9000000000001,1104.8,2200.7000000000003
2018-03-10,219.49999999999997,853.4999999999999,1190.0
2018-03-11,451.20000000000005,721.5,1413.7
2018-03-12,116.1,647.5,825.8
2018-03-13,245.20000000000002,768.1,1144.3000000000002
2018-03-14,305.00000000000006,692.95,1160.7
2018-03-15,135.2,707.0999999999999,914.4000000000002
2018-03-16,272.79999999999995,796.0,1214.1
2018-03-17,34.300000000000004,299.69999999999993,352.1000000000001
2018-03-18,33.199999999999996,310.3,361.4
2018-03-19,49.699999999999996,374.6000000000001,450.79999999999995
2018-03-20,94.6,512.5,657.3999999999999
2018-03-21,1202.3000000000002,717.2000000000003,2560.7000000000003
2018-03-22,25.599999999999994,381.09999999999997,419.8999999999999
2018-03-23,54.20000000000001,513.7,596.9
2018-03-24,93.4,613.9999999999999,757.1999999999999
2018-03-25,452.90000000000003,625.4,1320.0
2018-03-26,257.3999999999999,812.1,1206.7500000000002
2018-03-27,84.50000000000003,565.0,694.5000000000002
2018-03-28,98.60000000000002,765.5000000000001,916.8
2018-03-29,497.59999999999997,851.1,1613.9
2018-03-30,79.40000000000002,598.8,721.3000000000002
2018-03-31,42.49999999999999,400.0,465.0
2018-04-01,25.5,276.3,315.40000000000003
2018-04-02,67.39999999999999,494.40000000000003,597.9000000000001
2018-04-03,136.60000000000002,706.8000000000001,915.9000000000001
2018-04-04,75.19999999999999,473.2,588.3000000000001
2018-04-05,60.699999999999996,402.6,496.1
2018-04-06,132.29999999999998,674.2,877.0999999999999
2018-04-07,221.8,847.0999999999998,1187.1999999999998
2018-04-08,92.5,565.1,706.8000000000002
2018-04-09,68.49999999999999,527.3,632.1999999999999
2018-04-10,69.30000000000001,622.5,729.1
2018-04-11,55.39999999999999,475.2,560.0000000000001
2018-04-12,64.1,425.0000000000001,523.3000000000001
2018-04-13,83.60000000000001,669.2,797.2
2018-04-14,207.50000000000009,701.8000000000002,1020.2999999999998
2018-04-15,68.39999999999999,623.9000000000001,728.8000000000001
2018-04-16,32.2,422.6000000000001,472.6000000000001
2018-04-17,86.2,604.1,736.5999999999999
2018-04-18,143.70000000000002,788.3999999999999,1008.7
2018-04-19,779.1000000000001,1166.7,2361.1000000000004
2018-04-20,360.6000000000001,899.1999999999999,1452.2999999999997
2018-04-21,67.8,727.1999999999999,831.3
2018-04-22,43.8,337.8,404.69999999999993
2018-04-23,22.5,230.89999999999998,265.6
2018-04-24,36.9,313.8,370.3999999999999
2018-04-25,22.999999999999996,155.54999999999998,191.05000000000004
2018-04-26,26.400000000000002,258.5,298.5999999999999
2018-04-27,197.60000000000002,791.1,1094.4
2018-04-28,28.7,326.3,369.9000000000001
2018-04-29,17.900000000000002,132.60000000000002,160.49999999999997
2018-04-30,28.000000000000004,297.5,340.19999999999993
2018-05-01,79.30000000000003,441.50000000000006,563.4000000000001
2018-05-02,354.5,634.2,1177.9
2018-05-03,509.7,687.5,1469.1999999999998
2018-05-04,259.49999999999994,847.3,1245.3999999999999
2018-05-05,311.7,693.1999999999999,1170.8999999999999
2018-05-06,102.49999999999999,779.1,936.1
2018-05-07,154.60000000000002,880.4,1117.2
2018-05-08,587.1999999999999,808.2,1709.0
2018-05-09,78.64999999999998,463.95,584.9000000000001
2018-05-10,100.0,443.6,596.7
2018-05-11,264.50000000000006,694.0,1099.8000000000002
2018-05-12,143.60000000000002,656.7999999999998,876.8000000000001
2018-05-13,349.2,454.40000000000003,989.3
2018-05-14,202.9,422.8999999999999,733.5999999999999
2018-05-15,24.4,399.0999999999999,436.4
2018-05-16,17.800000000000004,270.3,297.29999999999995
2018-05-17,27.499999999999996,291.90000000000003,333.8
2018-05-18,235.60000000000005,536.1,896.9
2018-05-19,168.5999999999999,499.3000000000001,757.6999999999998
2018-05-20,82.9,497.4,624.6000000000001
2018-05-21,65.20000000000002,690.0,790.4
2018-05-22,23.200000000000003,304.3,340.0000000000001
2018-05-23,14.350000000000001,230.64999999999998,253.05000000000004
2018-05-24,26.2,373.0,412.9
2018-05-25,124.8,571.3000000000001,762.7
2018-05-26,28.7,384.6000000000001,428.9
2018-05-27,41.6,426.6,490.29999999999995
2018-05-28,46.20000000000001,317.29999999999995,387.49999999999994
2018-05-29,19.599999999999998,281.1000000000001,311.29999999999995
2018-05-30,65.7,504.59999999999997,605.4
2018-05-31,61.4,441.09999999999997,535.3
2018-06-01,50.900000000000006,583.1000000000001,661.6999999999999
2018-06-02,59.6,408.2,499.3
2018-06-03,72.10000000000001,425.19999999999993,536.0
2018-06-04,25.199999999999996,312.4,350.40000000000003
2018-06-05,25.5,294.7,332.9
2018-06-06,26.500000000000004,290.90000000000003,331.00000000000006
2018-06-07,30.700000000000003,321.95,369.04999999999995
2018-06-08,23.499999999999993,251.79999999999993,287.9000000000001
2018-06-09,17.400000000000002,238.5,265.3
2018-06-10,20.700000000000003,235.39999999999995,266.69999999999993
2018-06-11,41.8,436.3999999999999,500.29999999999995
2018-06-12,78.30000000000001,465.3,584.9999999999999
2018-06-13,407.99999999999994,569.4999999999999,1195.2
2018-06-14,78.69999999999999,379.1,499.9
2018-06-15,349.8000000000001,482.40000000000003,1018.6999999999999
2018-06-16,25.800000000000008,273.90000000000003,313.8
2018-06-17,16.8,190.10000000000002,215.4
2018-06-18,18.700000000000003,174.3,202.9
2018-06-19,34.10000000000001,210.10000000000002,262.2
2018-06-20,69.6,278.0,384.3999999999999
2018-06-21,22.700000000000003,244.70000000000005,279.4
2018-06-22,29.3,323.70000000000005,369.1000000000001
2018-06-23,79.19999999999999,494.3999999999999,615.9999999999999
2018-06-24,82.59999999999997,486.79999999999995,613.2000000000002
2018-06-25,149.79999999999998,558.1000000000001,787.6
2018-06-26,111.79999999999998,584.7999999999998,756.0999999999998
2018-06-27,31.8,362.0,410.50000000000006
2018-06-28,24.800000000000004,325.9,364.00000000000006
2018-06-29,23.100000000000005,285.69999999999993,320.8
2018-06-30,17.700000000000003,247.6,274.70000000000005
2018-07-01,18.1,397.9000000000001,426.00000000000006
2018-07-02,26.100000000000005,428.99999999999994,469.00000000000006
2018-07-03,27.499999999999996,397.20000000000005,439.40000000000015
2018-07-04,36.6,499.79999999999995,556.0000000000001
2018-07-05,171.29999999999998,578.5999999999999,840.9000000000001
2018-07-06,38.29999999999998,490.6000000000001,549.0
2018-07-07,48.30000000000001,467.79999999999995,541.7999999999998
2018-07-08,19.5,417.0,446.6000000000001
2018-07-09,146.3,577.0999999999998,801.2
2018-07-10,32.4,261.1,310.6
2018-07-11,21.700000000000003,264.29999999999995,297.70000000000005
2018-07-12,26.89999999999999,352.00000000000006,392.5999999999999
2018-07-13,44.1,427.2,494.59999999999997
2018-07-14,30.500000000000004,567.1,614.4
2018-07-15,164.50000000000003,651.9999999999999,904.0999999999999
2018-07-16,89.2,556.6999999999999,693.4
2018-07-17,18.400000000000002,228.70000000000005,256.9
2018-07-18,45.10000000000001,567.2,636.0999999999999
2018-07-19,258.29999999999995,838.4,1234.6
2018-07-20,130.9,883.0,1083.6999999999998
2018-07-21,31.3,463.59999999999997,511.69999999999993
2018-07-22,103.5,527.4999999999999,686.0
2018-07-23,419.6,656.0000000000001,1299.3000000000002
2018-07-24,35.7,435.6,490.1999999999999
2018-07-25,36.900000000000006,502.6000000000001,558.8
2018-07-26,81.79999999999998,730.3,855.8
2018-07-27,102.29999999999998,870.2999999999998,1027.0
2018-07-28,32.8,213.89999999999995,263.7
2018-07-29,82.39999999999999,265.7,391.50000000000006
2018-07-30,92.30000000000001,298.1,439.5000000000001
2018-07-31,40.699999999999996,323.90000000000003,386.6000000000001
2018-08-01,72.30000000000001,500.5,611.6000000000001
2018-08-02,165.8,600.9000000000001,855.1000000000001
2018-08-03,369.4999999999999,562.4000000000001,1128.9
2018-08-04,38.099999999999994,282.79999999999995,341.09999999999997
2018-08-05,75.49999999999999,356.2,472.4000000000001
2018-08-06,202.7,764.4000000000001,1074.8999999999999
2018-08-07,250.6,787.9000000000002,1172.4
2018-08-08,13.5,188.70000000000005,209.6
2018-08-09,137.69999999999996,546.3000000000001,757.7
2018-08-10,113.20000000000005,429.24999999999994,602.1
2018-08-11,250.89999999999998,370.8,755.3000000000001
2018-08-12,42.0,241.79999999999998,305.7000000000001
2018-08-13,25.3,237.19999999999993,275.90000000000003
2018-08-14,39.30000000000001,223.3,282.9
2018-08-15,34.599999999999994,270.2,323.3
2018-08-16,89.8,361.90000000000003,499.59999999999997
2018-08-17,294.0,277.3,728.4000000000001
2018-08-18,31.400000000000002,232.00000000000003,279.7
2018-08-19,20.9,142.20000000000005,174.30000000000004
2018-08-20,34.7,297.7,350.49999999999994
2018-08-21,35.5,386.9,441.40000000000003
2018-08-22,65.19999999999999,431.59999999999997,531.5
2018-08-23,36.9,257.79999999999995,313.89999999999986
2018-08-24,18.899999999999995,125.8,155.29999999999998
2018-08-25,273.8,308.09999999999997,728.2
2018-08-26,594.2,386.2999999999999,1298.2999999999997
2018-08-27,13.0,135.0,155.20000000000002
2018-08-28,389.20000000000005,674.1999999999999,1270.8999999999999
2018-08-29,308.00000000000006,467.5,940.0999999999999
2018-08-30,195.70000000000005,431.20000000000005,731.5999999999999
2018-08-31,134.1,534.3000000000001,739.8000000000001
2018-09-01,428.09999999999997,595.6,1251.8999999999999
2018-09-02,202.5,584.5999999999999,894.7999999999998
2018-09-03,438.70000000000005,785.4000000000001,1458.3
2018-09-04,86.29999999999995,380.09999999999997,512.6999999999999
2018-09-05,25.300000000000004,347.9,386.40000000000003
2018-09-06,65.60000000000002,398.6000000000001,499.50000000000006
2018-09-07,25.3,257.7,296.90000000000003
2018-09-08,129.9,531.1,730.0999999999997
2018-09-09,18.300000000000004,197.70000000000002,225.59999999999994
2018-09-10,38.099999999999994,266.8,325.0
2018-09-11,35.5,262.7,317.0
2018-09-12,536.2,372.50000000000006,1194.4
2018-09-13,1522.0500000000004,577.7,2911.55
2018-09-14,148.00000000000003,484.1999999999999,710.7999999999997
2018-09-15,87.2,359.7,493.29999999999995
2018-09-16,22.500000000000004,374.9000000000001,409.59999999999997
2018-09-17,43.1,604.7,670.8
2018-09-18,20.500000000000007,310.0,341.4
2018-09-19,29.4,281.9,326.90000000000003
2018-09-20,43.9,369.5,436.29999999999995
2018-09-21,14.300000000000002,150.0,171.3
2018-09-22,46.099999999999994,321.40000000000003,392.09999999999997
2018-09-23,128.1,319.3,516.1
2018-09-24,1065.3999999999999,651.7,2284.6000000000004
2018-09-25,1299.8999999999996,1015.6999999999999,3008.8
2018-09-26,1463.9,1142.6,3387.6
2018-09-27,1213.8000000000002,1197.1,3058.300000000001
2018-09-28,101.3,485.29999999999995,641.0
2018-09-29,1155.5,920.4000000000001,2692.2999999999997
2018-09-30,742.4999999999998,483.39999999999986,1622.3000000000002
2018-10-01,38.900000000000006,419.5,479.50000000000006
2018-10-02,28.0,302.20000000000005,345.1
2018-10-03,1200.8000000000002,659.3,2500.7
2018-10-04,471.4,729.4,1452.9999999999995
2018-10-05,1102.8,1045.8,2737.1
2018-10-06,499.9000000000001,338.50000000000006,1104.9000000000005
2018-10-07,285.0,535.3,972.3999999999999
2018-10-08,959.8790697674422,1187.6302325581394,2661.3976744186048
2018-10-09,998.4348837209303,1137.2162790697676,2670.5372093023257
2018-10-10,841.374418604651,1021.6813953488371,2313.886046511628
2018-10-11,684.3139534883719,906.1465116279069,1957.2348837209302
2018-10-12,527.2534883720933,790.6116279069769,1600.5837209302326
2018-10-13,370.1930232558142,675.0767441860465,1243.9325581395349
2018-10-14,213.13255813953492,559.5418604651162,887.2813953488372
2018-10-15,85.26860465116286,468.64534883720927,599.6965116279071
2018-10-16,200.10000000000005,549.1000000000001,855.7
2018-10-17,367.6,707.6999999999999,1270.7999999999997
2018-10-18,162.5,579.6999999999999,828.7999999999998
2018-10-19,1673.2,813.1999999999999,3379.0
2018-10-20,2268.7999999999997,904.9999999999998,4383.6
2018-10-21,860.7,578.3,1898.2
2018-10-22,568.6999999999999,688.6,1560.7
2018-10-23,172.90000000000006,540.9999999999999,806.0
2018-10-24,102.5,622.3000000000001,779.1999999999999
2018-10-25,406.49999999999994,607.9,1230.8999999999996
2018-10-26,31.099999999999998,438.4,486.1
2018-10-27,30.499999999999996,269.90000000000003,316.4000000000001
2018-10-28,28.499999999999993,287.29999999999995,331.50000000000006
2018-10-29,130.7,546.8,747.7
2018-10-30,98.5,524.3,675.5
2018-10-31,1785.6,934.3,3671.4999999999995
2018-11-01,522.5,724.6,1525.3
2018-11-02,2767.9000000000005,944.0000000000001,5188.299999999999
2018-11-03,934.6999999999999,791.4999999999999,2225.0000000000005
2018-11-04,113.1,550.6,723.8
2018-11-05,1328.0000000000002,659.4,2696.1000000000004
2018-11-06,566.1,545.5999999999999,1413.6000000000004
2018-11-07,99.60000000000001,476.50000000000006,629.6
2018-11-08,175.50000000000003,730.6000000000001,999.6
2018-11-09,166.45,482.44999999999993,737.5500000000001
2018-11-10,129.8,636.4999999999999,835.0000000000001
2018-11-11,81.1,509.2,633.6999999999999
2018-11-12,242.39999999999998,860.7,1232.7999999999997
2018-11-13,171.2,786.5,1049.0
2018-11-14,337.6,925.1999999999999,1442.6999999999998
2018-11-15,546.9000000000001,649.3,1487.6999999999996
2018-11-16,299.80000000000007,450.0,909.5
2018-11-17,386.90000000000003,702.6,1295.9999999999998
2018-11-18,97.0,582.5999999999999,731.2999999999998
2018-11-19,71.99999999999999,423.99999999999994,534.3000000000001
2018-11-20,127.8,509.9,705.8
2018-11-21,813.3000000000001,643.3000000000001,1890.6999999999996
2018-11-22,2142.4999999999995,781.9999999999999,4067.0
2018-11-23,664.5999999999999,770.25,1788.8500000000001
2018-11-24,170.9,698.9000000000002,961.3000000000001
2018-11-25,68.39999999999999,473.79999999999995,578.5999999999999
2018-11-26,248.0,684.5999999999999,1064.8
2018-11-27,654.4000000000001,670.1000000000001,1673.6999999999998
2018-11-28,190.0,938.1,1228.8
2018-11-29,97.69999999999996,544.7,694.9000000000001
2018-11-30,62.00000000000001,674.1,769.4
2018-12-01,58.800000000000004,582.9,673.2
2018-12-02,20.500000000000004,276.09999999999997,307.59999999999997
2018-12-03,59.10000000000001,456.9,548.0
2018-12-04,2307.0999999999995,1082.9,4619.999999999999
2018-12-05,252.69999999999996,781.9999999999999,1169.7999999999997
2018-12-06,42.0,524.2000000000002,589.1
2018-12-07,29.399999999999995,316.40000000000003,361.19999999999993
2018-12-08,15.2,175.59999999999994,198.8
2018-12-09,21.1,211.6,244.3
2018-12-10,240.00000000000003,769.9999999999999,1138.1
2018-12-11,2948.3,1082.6000000000001,5603.6
2018-12-12,241.79999999999998,775.3499999999999,1146.2500000000002
2018-12-13,865.1999999999999,907.4000000000001,2234.3
2018-12-14,1412.4,1005.9,3171.9000000000005
2018-12-15,93.89999999999998,510.5,654.6999999999999
2018-12-16,175.99999999999997,825.4,1094.8999999999999
2018-12-17,290.0,875.5,1320.0
2018-12-18,87.7,470.80000000000007,605.4
2018-12-19,202.49999999999997,1006.3999999999999,1317.6
2018-12-20,137.8,795.1999999999999,1006.4
2018-12-21,39.199999999999996,386.5,446.49999999999994
2018-12-22,27.7,421.5,464.2
2018-12-23,81.50000000000003,562.8,688.3000000000001
2018-12-24,1739.6000000000001,898.2,3566.2000000000003
2018-12-25,2409.3999999999996,899.4,4593.8
2018-12-26,585.3000000000001,783.2999999999998,1681.1000000000001
2018-12-27,5008.0999999999985,1141.7,8820.5
2018-12-28,2328.7000000000003,816.7000000000002,4387.599999999999
2018-12-29,246.70000000000002,518.0,896.3999999999999
2018-12-30,202.1,438.3000000000001,747.8000000000001
2018-12-31,15.1,204.7,227.60000000000005
2019-01-01,17.700000000000003,270.80000000000007,297.3999999999999
2019-01-02,55.2,731.5999999999999,816.4
2019-01-03,102.49999999999999,912.3999999999999,1070.0
2019-01-04,439.69999999999993,975.5,1649.4999999999993
2019-01-05,36.800000000000004,608.6000000000001,664.9
2019-01-06,291.2,675.3,1121.3
2019-01-07,92.70000000000002,534.3000000000001,676.6000000000001
2019-01-08,56.300000000000004,533.8,620.4
2019-01-09,94.6,683.0999999999999,828.0
2019-01-10,454.90000000000003,1092.8999999999999,1791.0
2019-01-11,150.8,871.4,1102.9000000000003
2019-01-12,13.8,340.59999999999997,361.70000000000005
2019-01-13,4.8999999999999995,153.5,160.70000000000002
2019-01-14,48.10000000000001,552.2,625.9999999999999
2019-01-15,121.5,864.3000000000001,1050.3999999999999
2019-01-16,127.5,659.1,854.8000000000002
2019-01-17,215.95,816.35,1147.5500000000002
2019-01-18,1301.5999999999995,1115.6000000000001,3111.4999999999995
2019-01-19,180.10000000000002,625.9000000000001,902.2
2019-01-20,1534.2,997.8,3349.8999999999996
2019-01-21,2815.1,1194.1999999999998,5510.8
2019-01-22,357.09999999999997,833.6,1381.2999999999997
2019-01-23,521.7,895.1000000000001,1694.6
2019-01-24,2525.8,1301.0,5174.1
2019-01-25,498.8000000000001,876.1999999999999,1641.4999999999998
2019-01-26,22.5,442.70000000000005,477.4
2019-01-27,11.900000000000004,191.39999999999998,209.39999999999992
2019-01-28,705.9000000000001,804.6999999999999,1887.1000000000004
2019-01-29,1506.2,1327.1000000000006,3637.0000000000005
2019-01-30,1100.0,936.0999999999999,2622.9
2019-01-31,2758.2000000000003,1045.3999999999999,5274.500000000001
2019-02-01,64.00000000000001,557.5999999999999,655.3000000000001
2019-02-02,45.49999999999999,375.2,444.59999999999997
2019-02-03,295.0,837.4999999999999,1289.8
2019-02-04,451.80000000000007,919.1,1611.8
2019-02-05,1210.5,926.5999999999999,2783.1999999999985
2019-02-06,309.7,815.0000000000001,1289.4
2019-02-07,28.4,348.6,392.40000000000003
2019-02-08,58.99999999999999,452.8999999999999,543.3000000000001
2019-02-09,24.799999999999997,231.79999999999998,269.7
2019-02-10,30.299999999999997,309.5,355.59999999999997
2019-02-11,1032.0,977.6,2560.2999999999997
2019-02-12,1008.2,1030.3000000000002,2576.2
2019-02-13,460.59999999999997,1142.6000000000001,1848.9999999999995
2019-02-14,2331.7000000000003,1273.4,4848.799999999999
2019-02-15,2740.9,1408.3,5611.6
2019-02-16,471.30000000000007,1013.6000000000003,1736.3
2019-02-17,73.10000000000001,571.5,684.2000000000002
2019-02-18,93.6,901.8999999999999,1045.4
2019-02-19,100.00000000000001,578.9,732.6999999999998
2019-02-20,52.2,497.59999999999997,577.8
2019-02-21,131.60000000000002,738.1,939.5
2019-02-22,322.20000000000005,917.6000000000001,1411.6000000000001
2019-02-23,515.9,866.8000000000003,1657.8
2019-02-24,1357.6000000000001,929.6,3010.9999999999995
2019-02-25,2147.2999999999997,1325.0999999999997,4617.8
2019-02-26,2302.7,1543.1,5073.999999999999
2019-02-27,3302.1000000000004,1692.8,6756.1
2019-02-28,949.5,727.3000000000001,2182.8
2019-03-01,113.09999999999998,678.3,851.3000000000001
2019-03-02,42.3,443.79999999999995,508.2
2019-03-03,24.5,256.09999999999997,293.90000000000003
2019-03-04,33.2,255.29999999999998,306.7
2019-03-05,69.6,521.2,627.6999999999999
2019-03-06,139.80000000000004,612.7,826.6999999999998
2019-03-07,27.2,209.10000000000002,250.29999999999998
2019-03-08,83.1,447.1000000000001,574.2000000000002
2019-03-09,27.600000000000005,207.70000000000005,250.20000000000002
2019-03-10,27.7,176.5,218.8
2019-03-11,38.00000000000001,251.40000000000003,309.3
2019-03-12,67.4,452.20000000000005,555.3000000000001
2019-03-13,29.1,117.5,162.10000000000002
2019-03-14,31.1,206.5,254.1
2019-03-15,26.899999999999995,158.9,200.19999999999996
2019-03-16,22.700000000000003,136.20000000000002,171.1
2019-03-17,28.7,162.1,206.20000000000002
2019-03-18,433.2,492.8,1157.1
2019-03-19,538.9000000000001,839.1,1665.6000000000004
2019-03-20,39.09999999999999,419.09999999999997,478.69999999999993
2019-03-21,161.4,487.8000000000001,735.1999999999999
2019-03-22,95.9,556.5,703.6
2019-03-23,103.80000000000001,572.0000000000001,731.6
2019-03-24,274.1000000000001,468.5,889.2
2019-03-25,368.20000000000005,570.4,1134.7
2019-03-26,1479.7000000000003,930.4,3199.2999999999997
2019-03-27,790.4,980.0,2191.7999999999997
2019-03-28,317.2000000000001,941.3,1427.7000000000003
2019-03-29,1155.4000000000003,1148.8999999999999,2920.400000000001
2019-03-30,666.7,804.9999999999999,1827.4
2019-03-31,23.3,333.9,369.99999999999994
2019-04-01,71.20000000000002,559.5,668.7
2019-04-02,465.8999999999999,783.0,1496.8999999999996
2019-04-03,278.40000000000003,763.6999999999999,1190.6
2019-04-04,89.39999999999999,521.4000000000001,658.2999999999998
2019-04-05,64.05000000000001,455.75,553.7499999999999
2019-04-06,22.799999999999997,351.5,386.4
2019-04-07,26.699999999999996,325.8,366.40000000000003
2019-04-08,337.7,591.8,1109.7
2019-04-09,51.89999999999999,548.6,628.6000000000001
2019-04-10,34.199999999999996,463.7,516.3
2019-04-11,69.6,732.4,838.7000000000002
2019-04-12,98.59999999999997,834.0999999999999,985.3999999999997
2019-04-13,31.3,585.0,633.1
2019-04-14,31.599999999999998,635.6999999999999,684.5
2019-04-15,102.80000000000003,819.8000000000001,977.1
2019-04-16,203.95,1076.2,1388.4999999999998
2019-04-17,161.79999999999998,728.3000000000001,977.0000000000001
2019-04-18,134.39999999999995,876.0000000000001,1082.3
2019-04-19,130.3,908.0,1107.5
2019-04-20,111.7,773.0999999999999,944.5
2019-04-21,98.7,791.4999999999999,942.9999999999999
2019-04-22,81.2,1040.0,1164.4999999999998
2019-04-23,182.7,1149.8000000000002,1430.1000000000001
2019-04-24,147.80000000000004,764.5999999999999,991.1999999999999
2019-04-25,67.19999999999999,535.5,638.3000000000001
2019-04-26,94.29999999999998,560.6,705.4000000000001
2019-04-27,19.700000000000003,105.59999999999998,136.00000000000003
2019-04-28,32.699999999999996,262.00000000000006,312.20000000000005
2019-04-29,287.59999999999997,636.6999999999999,1077.2
2019-04-30,191.0,605.4999999999999,898.4999999999997
2019-05-01,154.19999999999996,622.4,858.1999999999998
2019-05-02,49.4,425.1000000000001,500.90000000000003
2019-05-03,140.7,514.9000000000001,730.5999999999999
2019-05-04,38.00000000000001,209.5,267.8
2019-05-05,28.7,264.40000000000003,308.5
2019-05-06,43.4,255.89999999999998,322.79999999999995
2019-05-07,100.59999999999995,720.4,874.2
2019-05-08,112.99999999999999,543.7,717.1
2019-05-09,314.30000000000007,455.2,937.1999999999998
2019-05-10,99.39999999999998,479.5999999999999,631.9999999999999
2019-05-11,63.79999999999999,458.9,556.6999999999999
2019-05-12,292.00000000000006,419.6,867.3
2019-05-13,215.3444444444444,521.8777777777779,850.788888888889
2019-05-14,55.95555555555556,390.62222222222226,476.2111111111111
2019-05-15,67.39999999999998,553.9000000000001,657.4
2019-05-16,64.29999999999998,513.1,611.7
2019-05-17,56.20000000000001,422.6,508.1000000000001
2019-05-18,142.4,495.7,714.4
2019-05-19,148.1,445.09999999999997,672.6999999999999
2019-05-20,192.10000000000002,573.4,867.9000000000001
2019-05-21,176.5,502.90000000000003,773.8000000000002
2019-05-22,180.4,699.8000000000002,976.5999999999999
2019-05-23,89.7,710.8,848.2000000000002
2019-05-24,72.89999999999999,494.7000000000001,606.4
2019-05-25,31.90000000000001,195.79999999999998,244.39999999999998
2019-05-26,36.9,176.30000000000004,233.00000000000003
2019-05-27,37.5,161.99999999999997,219.29999999999998
2019-05-28,48.3,288.29999999999995,362.8
2019-05-29,98.39999999999999,564.4,715.2
2019-05-30,34.6,154.39999999999998,207.3
2019-05-31,58.400000000000006,315.09999999999997,404.59999999999997
2019-06-01,71.39999999999999,554.1,663.5999999999999
2019-06-02,39.4,327.5999999999999,388.4
2019-06-03,29.899999999999995,196.7,242.39999999999995
2019-06-04,102.70000000000002,564.6999999999998,722.0999999999999
2019-06-05,45.800000000000004,342.20000000000005,412.2
2019-06-06,59.79999999999999,497.40000000000003,589.5000000000001
2019-06-07,110.55000000000001,444.69999999999993,614.1000000000001
2019-06-08,25.8,160.6,200.39999999999998
2019-06-09,48.9,385.3999999999999,460.09999999999997
2019-06-10,88.80000000000001,344.3,480.29999999999995
2019-06-11,90.55000000000001,231.19999999999996,370.15000000000003
2019-06-12,58.199999999999996,356.59999999999997,445.7
2019-06-13,68.4,398.49999999999994,503.3
2019-06-14,80.1,473.0,595.3000000000001
2019-06-15,59.900000000000006,478.4000000000001,570.4999999999999
2019-06-16,44.5,275.20000000000005,343.7
2019-06-17,38.900000000000006,344.80000000000007,404.09999999999997
2019-06-18,175.2,714.8,983.2000000000002
2019-06-19,93.20000000000003,358.8,501.9
2019-06-20,28.099999999999998,211.20000000000005,254.29999999999998
2019-06-21,34.0,312.3,364.4
2019-06-22,133.5,458.19999999999993,662.8
2019-06-23,37.99999999999999,377.50000000000006,435.6
2019-06-24,146.99999999999997,820.4,1046.1
2019-06-25,85.10000000000001,342.9,473.69999999999993
2019-06-26,29.09999999999999,215.79999999999998,260.29999999999995
2019-06-27,35.00000000000001,246.1,299.7
2019-06-28,49.14999999999999,300.59999999999997,376.7500000000001
2019-06-29,32.4,431.09999999999997,481.00000000000006
2019-06-30,8.1,94.49999999999999,106.8
2019-07-01,15.300000000000002,139.20000000000002,162.8
2019-07-02,49.7,328.2,404.90000000000003
2019-07-03,105.09999999999998,488.70000000000005,649.7999999999998
2019-07-04,128.7,546.9000000000001,744.1999999999999
2019-07-05,35.199999999999996,328.2,381.79999999999995
2019-07-06,42.1,285.00000000000006,349.40000000000003
2019-07-07,57.1,255.4,342.80000000000007
2019-07-08,88.7,542.3999999999999,678.3000000000001
2019-07-09,84.49999999999999,672.3000000000001,802.0
2019-07-10,194.09999999999994,564.2,861.8999999999999
2019-07-11,30.400000000000002,285.70000000000005,332.29999999999995
2019-07-12,31.099999999999994,197.3,245.04999999999995
2019-07-13,38.1,244.3,302.6
2019-07-14,46.6,248.2,319.5
2019-07-15,60.7,343.70000000000005,436.7
2019-07-16,87.80000000000003,469.0,603.1999999999999
2019-07-17,61.900000000000006,609.7,703.9999999999999
2019-07-18,49.400000000000006,335.4,410.80000000000007
2019-07-19,125.20000000000002,505.09999999999985,697.1999999999999
2019-07-20,58.19999999999999,216.00000000000003,305.2000000000001
2019-07-21,49.89999999999999,254.2,330.2000000000001
2019-07-22,62.1,310.6000000000001,406.0
2019-07-23,357.4000000000001,561.3,1109.1999999999996
2019-07-24,194.10000000000002,581.7999999999998,879.4000000000001
2019-07-25,287.20000000000005,885.5,1325.9999999999998
2019-07-26,88.0,428.29999999999995,563.7
2019-07-27,39.4,269.7,330.2
2019-07-28,97.8,224.60000000000002,374.8
2019-07-29,119.39999999999999,498.69999999999993,682.0999999999999
2019-07-30,63.60000000000001,342.79999999999995,440.1000000000001
2019-07-31,33.7,166.80000000000004,218.6
2019-08-01,33.39999999999999,206.9,258.3
2019-08-02,41.30000000000001,385.20000000000005,447.89999999999986
2019-08-03,52.39999999999999,385.30000000000007,465.69999999999993
2019-08-04,51.599999999999994,398.5,477.70000000000005
2019-08-05,55.199999999999996,306.50000000000006,390.9
2019-08-06,45.50000000000001,259.5,328.80000000000007
2019-08-07,42.8,199.20000000000005,264.3
2019-08-08,67.35,405.8,509.09999999999997
2019-08-09,102.09999999999998,365.4,522.0
2019-08-10,32.2,139.29999999999995,188.89999999999998
2019-08-11,45.89999999999999,159.6,230.09999999999997
2019-08-12,257.4,525.3,920.0999999999999
2019-08-13,76.19999999999999,282.9,400.2
2019-08-14,137.29999999999995,591.8000000000001,802.4999999999999
2019-08-15,49.9,189.70000000000002,266.0
2019-08-16,194.89999999999995,608.4000000000001,907.1999999999999
2019-08-17,43.599999999999994,175.1,241.80000000000004
2019-08-18,37.10000000000001,219.9,277.0
2019-08-19,41.199999999999996,174.3,237.69999999999996
2019-08-20,117.89999999999999,373.1,553.7
2019-08-21,164.20000000000002,578.7,830.4999999999998
2019-08-22,58.199999999999996,433.09999999999997,522.1999999999999
2019-08-23,289.4,744.6000000000001,1187.8
2019-08-24,263.6999999999999,662.4,1066.6
2019-08-25,51.69999999999999,575.8,655.2999999999998
2019-08-26,106.2,889.2,1052.7
2019-08-27,173.6,883.6000000000001,1149.7
2019-08-28,48.20000000000001,359.7,433.2000000000001
2019-08-29,40.80000000000001,258.4,320.9
2019-08-30,48.49999999999999,382.9,457.00000000000006
2019-08-31,43.2,369.9000000000001,436.4
2019-09-01,22.800000000000004,246.50000000000003,281.90000000000003
2019-09-02,130.7,420.9000000000001,621.1
2019-09-03,17.3,156.4,182.8
2019-09-04,20.299999999999997,140.9,171.9
2019-09-05,80.0,314.00000000000006,436.79999999999995
2019-09-06,187.70000000000002,595.0,882.5999999999998
2019-09-07,69.60000000000001,297.8,404.59999999999997
2019-09-08,291.3,526.8,973.5999999999999
2019-09-09,210.40000000000003,846.4999999999999,1168.7
2019-09-10,535.0,528.3999999999999,1348.4
2019-09-11,34.69999999999999,275.5999999999999,328.7000000000001
2019-09-12,50.9,282.50000000000006,360.4
2019-09-13,39.29999999999999,346.70000000000005,407.09999999999997
2019-09-14,222.39999999999998,827.5,1168.5
2019-09-15,310.5,719.8,1194.9
2019-09-16,53.8,406.90000000000003,489.3
2019-09-17,73.9,504.0,617.3
2019-09-18,472.50000000000006,719.1,1443.3
2019-09-19,628.3000000000002,753.4999999999999,1717.0999999999997
2019-09-20,379.59999999999997,603.0,1184.9
2019-09-21,75.4,782.3000000000001,898.0000000000001
2019-09-22,61.7,628.9000000000001,723.5
2019-09-23,58.69999999999999,356.4,446.90000000000015
2019-09-24,91.50000000000001,379.99999999999994,520.5
2019-09-25,71.6,379.9000000000001,490.1
2019-09-26,71.6,390.00000000000006,499.6000000000001
2019-09-27,58.8,395.9,485.8999999999999
2019-09-28,31.8,245.8,294.4
2019-09-29,28.200000000000006,176.1,219.6
2019-09-30,210.5,467.8,790.5999999999998
2019-10-01,92.24999999999999,390.9500000000001,532.35
2019-10-02,268.40000000000003,479.7,890.9000000000001
2019-10-03,1573.6,605.5999999999999,3018.399999999999
2019-10-04,161.0,385.4000000000001,631.9000000000001
2019-10-05,66.60000000000001,475.50000000000006,577.5999999999999
2019-10-06,30.400000000000002,213.49999999999997,259.9
2019-10-07,397.0,655.8,1264.3
2019-10-08,53.59999999999999,413.19999999999993,495.4
2019-10-09,28.899999999999995,363.9,408.40000000000003
2019-10-10,35.6,275.6,330.40000000000003
2019-10-11,28.1,301.2,344.3
2019-10-12,76.10000000000002,628.8999999999999,745.6999999999996
2019-10-13,70.89999999999999,370.9000000000001,479.90000000000003
2019-10-14,320.90000000000003,568.0000000000001,1059.7
2019-10-15,56.4,536.9,623.5999999999999
2019-10-16,465.90000000000003,488.8,1203.3
2019-10-17,519.35,753.6000000000001,1549.25
2019-10-18,38.79999999999999,398.5,458.2999999999999
2019-10-19,430.20000000000005,654.7,1314.3
2019-10-20,937.8999999999997,362.30000000000007,1800.6
2019-10-21,26.2,335.00000000000006,375.50000000000006
2019-10-22,1907.0,696.8,3620.100000000001
2019-10-23,1671.5000000000002,722.1999999999999,3285.4
2019-10-24,434.70000000000005,672.4000000000001,1338.7999999999997
2019-10-25,170.90000000000003,558.6999999999999,820.7999999999998
2019-10-26,31.200000000000003,339.30000000000007,387.40000000000003
2019-10-27,532.8000000000001,539.6999999999999,1356.8999999999999
2019-10-28,1025.1,630.0,2202.0000000000005
2019-10-29,77.8,570.3000000000001,689.7
2019-10-30,172.4,723.0000000000001,987.0
2019-10-31,946.1,711.1999999999999,2161.3
2019-11-01,265.9,641.4000000000001,1049.1
2019-11-02,36.800000000000004,253.79999999999995,310.19999999999993
2019-11-03,207.4,615.6999999999999,933.9999999999999
2019-11-04,685.1,664.0999999999999,1714.5
2019-11-05,161.89999999999998,440.0,687.7999999999998
2019-11-06,631.8,780.9000000000001,1749.1
2019-11-07,490.2,614.0999999999999,1365.8000000000002
2019-11-08,1761.6999999999998,632.3000000000001,3333.9000000000005
2019-11-09,418.59999999999997,595.6,1237.3000000000002
2019-11-10,1132.9999999999998,499.5,2236.8
2019-11-11,120.10000000000004,423.3,607.4999999999999
2019-11-12,50.599999999999994,429.6000000000001,506.6999999999999
2019-11-13,251.99999999999997,637.65,1024.1499999999999
2019-11-14,325.0,748.1999999999999,1247.0
2019-11-15,113.89999999999999,440.0000000000001,614.5999999999999
2019-11-16,786.5,639.5999999999999,1845.4999999999995
2019-11-17,2649.8,713.4000000000001,4776.7
2019-11-18,477.69999999999993,639.9999999999999,1373.1999999999998
2019-11-19,3412.8999999999996,1150.3999999999999,6383.5
2019-11-20,316.4,744.4999999999999,1230.1000000000001
2019-11-21,266.20000000000005,570.6,978.8
2019-11-22,153.1,493.1,728.0
2019-11-23,250.09999999999997,484.4,868.3000000000002
2019-11-24,702.0,511.09999999999985,1587.1000000000004
2019-11-25,170.69999999999996,503.50000000000006,765.1999999999999
2019-11-26,184.0,706.6,988.9
2019-11-27,168.29999999999993,586.1,844.3000000000002
2019-11-28,101.69999999999999,344.19999999999993,499.99999999999994
2019-11-29,1868.1,686.5999999999999,3550.9000000000005
2019-11-30,760.3,708.5,1873.9999999999998
2019-12-01,127.30000000000003,460.9,656.0
2019-12-02,1910.9000000000003,912.2,3842.3
2019-12-03,1433.7999999999997,1101.5,3299.9
2019-12-04,4783.400000000001,1110.5000000000002,8444.900000000001
2019-12-05,2049.899999999999,839.1999999999998,3982.6000000000013
2019-12-06,30.800000000000004,294.5,342.20000000000005
2019-12-07,87.99999999999997,511.0,645.8000000000001
2019-12-08,23.400000000000002,183.00000000000006,218.5
2019-12-09,519.7,507.2,1304.1
2019-12-10,547.5000000000001,719.3,1558.3999999999999
2019-12-11,299.40000000000003,872.9999999999999,1331.7
2019-12-12,156.70000000000002,782.3000000000002,1022.1999999999999
2019-12-13,33.300000000000004,300.1,351.09999999999997
2019-12-14,39.1,379.89999999999986,439.8000000000001
2019-12-15,58.60000000000001,349.4,439.3
2019-12-16,678.5000000000001,1053.9,2094.6000000000004
2019-12-17,275.20000000000005,949.2,1371.0000000000002
2019-12-18,790.9500000000002,782.85,1995.4
2019-12-19,105.80000000000001,375.4,537.2
2019-12-20,154.39999999999998,713.1000000000001,949.5999999999998
2019-12-21,84.2,487.8,617.1
2019-12-22,37.300000000000004,447.19999999999993,504.30000000000007
2019-12-23,61.099999999999994,542.8999999999999,636.9
2019-12-24,39.09999999999999,380.40000000000003,440.2
2019-12-25,745.8,420.9,1564.1000000000004
2019-12-26,280.60000000000014,302.1,732.4
2019-12-27,732.0,564.7,1687.1999999999998
2019-12-28,423.6999999999999,611.1000000000001,1261.0
2019-12-29,126.30000000000001,644.9,838.1
2019-12-30,741.7,694.1999999999999,1831.4999999999998
2019-12-31,411.20000000000016,530.3,1160.4000000000003
2020-01-01,519.5,785.6999999999999,1582.3000000000004
2020-01-02,98.1,565.8000000000002,716.6999999999999
2020-01-03,97.89999999999998,446.90000000000003,597.0000000000001
2020-01-04,46.099999999999994,520.1,591.1
2020-01-05,33.300000000000004,416.2,467.5
2020-01-06,70.5,497.59999999999997,605.4000000000001
2020-01-07,86.1,585.2,717.6
2020-01-08,181.5,515.9,794.2
2020-01-09,56.650000000000006,403.9000000000001,490.95000000000005
2020-01-10,185.99999999999997,644.7000000000002,930.0999999999999
2020-01-11,38.400000000000006,316.99999999999994,375.7
2020-01-12,38.9,312.79999999999995,372.49999999999994
2020-01-13,125.70000000000002,621.9000000000001,814.9999999999999
2020-01-14,130.70000000000002,628.5000000000001,828.4000000000002
2020-01-15,69.6,569.5999999999999,676.7
2020-01-16,129.3,642.7,841.6
2020-01-17,69.5,642.9,750.0
2020-01-18,739.8000000000001,822.9999999999998,1957.4
2020-01-19,2218.0,947.9,4349.100000000001
2020-01-20,4113.8,1355.8,7663.7
2020-01-21,4056.399999999999,1164.0000000000002,7383.700000000003
2020-01-22,1179.3000000000002,827.4000000000002,2635.2000000000003
2020-01-23,788.7,813.4999999999999,2023.1999999999996
2020-01-24,551.1999999999999,868.4,1713.5
2020-01-25,97.89999999999998,617.9,767.5999999999999
2020-01-26,95.29999999999998,563.9,709.7
2020-01-27,70.8,697.4000000000001,806.3
2020-01-28,39.0,363.5,422.79999999999995
2020-01-29,47.99999999999999,467.6000000000001,541.4
2020-01-30,118.79999999999998,555.6,737.9000000000002
2020-01-31,44.300000000000004,347.5,415.09999999999997
2020-02-01,26.400000000000002,215.10000000000002,255.7
2020-02-02,37.300000000000004,311.9000000000001,368.7
2020-02-03,34.300000000000004,235.60000000000002,288.6
2020-02-04,134.2,370.5499999999999,576.05
2020-02-05,2271.8,1180.5000000000005,4664.599999999999
2020-02-06,2928.499999999999,1281.7,5771.799999999997
2020-02-07,787.7999999999998,779.0999999999998,1986.6000000000001
2020-02-08,87.19999999999997,544.6,678.6999999999998
2020-02-09,32.699999999999996,149.0,198.79999999999998
2020-02-10,29.099999999999998,156.70000000000005,201.70000000000005
2020-02-11,26.099999999999994,149.50000000000003,190.00000000000003
2020-02-12,52.3,408.1,488.50000000000006
2020-02-13,64.8,377.9,477.00000000000006
2020-02-14,538.8000000000001,644.1999999999999,1470.3000000000002
2020-02-15,68.49999999999999,299.79999999999995,405.20000000000005
2020-02-16,26.300000000000004,149.2,189.9
2020-02-17,31.299999999999997,194.49999999999994,242.2
2020-02-18,38.5,294.59999999999997,353.79999999999995
2020-02-19,63.2,434.99999999999994,532.0
2020-02-20,46.399999999999984,298.79999999999995,369.8
2020-02-21,35.9,276.90000000000003,331.90000000000003
2020-02-22,24.200000000000003,103.1,140.20000000000002
2020-02-23,71.8,296.2,406.40000000000003
2020-02-24,48.6,285.09999999999997,359.5999999999999
2020-02-25,34.400000000000006,229.00000000000006,281.70000000000005
2020-02-26,51.599999999999994,322.0,401.5
2020-02-27,185.49999999999997,653.1999999999999,936.9
2020-02-28,191.49999999999997,677.2,970.6
2020-02-29,69.19999999999997,248.40000000000006,354.40000000000003
2020-03-01,34.0,214.5,266.7
2020-03-02,83.00000000000001,442.0999999999999,569.0
2020-03-03,178.60000000000002,628.0999999999998,902.5000000000001
2020-03-04,502.8,911.0999999999997,1681.8000000000002
2020-03-05,63.09999999999999,346.29999999999995,442.6
2020-03-06,990.0,685.0000000000001,2202.8
2020-03-07,615.4000000000003,640.2999999999998,1583.8999999999999
2020-03-08,36.9,234.9,291.6
2020-03-09,55.9,334.4000000000001,420.0999999999999
2020-03-10,34.9,119.9,172.8
2020-03-11,41.0,194.50000000000003,256.9
2020-03-12,39.3,145.79999999999998,205.70000000000002
2020-03-13,150.0,339.8,569.4000000000001
2020-03-14,64.1,298.0,396.6
2020-03-15,85.0,364.9,495.00000000000006
2020-03-16,266.6,633.0500000000001,1041.7000000000003
2020-03-17,63.900000000000006,416.5999999999999,514.8000000000001
2020-03-18,51.8,324.8999999999999,403.79999999999995
2020-03-19,69.8,400.1000000000001,506.9
2020-03-20,56.5,254.7,341.8
2020-03-21,57.2,283.0,370.6
2020-03-22,61.2,300.79999999999995,395.1
2020-03-23,165.4,684.3,937.8
2020-03-24,289.1,749.4,1192.9
2020-03-25,887.2,818.2,2178.2000000000003
2020-03-26,97.00000000000001,620.1,768.7000000000002
2020-03-27,44.2,311.7,379.9000000000001
2020-03-28,33.49999999999999,136.8,188.59999999999997
2020-03-29,31.699999999999996,100.00000000000001,148.79999999999998
2020-03-30,52.300000000000004,247.0,327.19999999999993
2020-03-31,107.4,478.80000000000007,643.4000000000001
2020-04-01,623.1,598.3,1554.1999999999998
2020-04-02,42.4,222.59999999999997,287.80000000000007
2020-04-03,307.5,407.99999999999994,879.3
2020-04-04,894.9000000000003,490.30000000000007,1861.6999999999998
2020-04-05,38.19999999999999,293.2,351.4
2020-04-06,142.0,485.00000000000006,703.1000000000001
2020-04-07,618.6,602.6999999999999,1551.6
2020-04-08,104.79999999999997,673.9999999999999,834.5
2020-04-09,230.40000000000003,584.6000000000001,937.8000000000003
2020-04-10,47.10000000000001,472.5999999999999,545.2
2020-04-11,211.1,675.4999999999999,999.4000000000001
2020-04-12,219.19999999999996,464.4,800.1000000000003
2020-04-13,29.700000000000003,126.0,171.69999999999996
2020-04-14,57.79999999999999,322.1,410.59999999999997
2020-04-15,202.99999999999994,608.5,919.6
2020-04-16,147.49999999999997,668.9999999999998,895.0999999999997
2020-04-17,41.2,285.4999999999999,348.70000000000005
2020-04-18,48.900000000000006,267.9,342.50000000000006
2020-04-19,50.199999999999996,219.19999999999993,296.5
2020-04-20,38.0,234.79999999999998,293.0
2020-04-21,38.90000000000001,282.09999999999997,341.7000000000001
2020-04-22,41.60000000000001,349.1,412.85
2020-04-23,44.79999999999999,440.90000000000003,509.90000000000003
2020-04-24,43.800000000000004,364.5,432.30000000000007
2020-04-25,26.0,205.9,245.6
2020-04-26,128.8,438.09999999999997,635.6000000000001
2020-04-27,62.0,439.5,534.7
2020-04-28,46.900000000000006,280.9,352.90000000000003
2020-04-29,56.29999999999998,270.2,356.30000000000007
2020-04-30,64.2,341.1,439.40000000000003
2020-05-01,22.0,176.4,209.79999999999995
2020-05-02,92.8,283.40000000000003,426.0
2020-05-03,247.50000000000003,434.4,813.9999999999999
2020-05-04,43.6,393.59999999999997,460.6999999999999
2020-05-05,31.700000000000003,297.6,346.50000000000006
2020-05-06,27.499999999999996,372.7999999999999,415.1999999999999
2020-05-07,84.5,462.4,592.3000000000002
2020-05-08,103.8,625.9,784.8999999999999
2020-05-09,75.19999999999999,568.0,683.4000000000001
2020-05-10,18.799999999999997,162.00000000000003,190.60000000000002
2020-05-11,32.9,111.4,161.7
2020-05-12,94.49999999999999,335.00000000000006,479.50000000000006
2020-05-13,36.900000000000006,203.8,260.19999999999993
2020-05-14,90.19999999999999,343.30000000000007,481.4000000000001
2020-05-15,225.30000000000004,466.90000000000003,812.4999999999998
2020-05-16,94.2,405.19999999999993,550.1
2020-05-17,170.99999999999997,331.99999999999994,594.3999999999999
2020-05-18,18.999999999999996,118.50000000000001,147.49999999999997
2020-05-19,19.1,265.8,295.09999999999997
2020-05-20,154.60000000000002,648.5,885.7
2020-05-21,93.9,562.8000000000001,706.6
2020-05-22,13.85,174.05000000000004,195.7
2020-05-23,14.499999999999998,40.70000000000001,63.199999999999996
2020-05-24,45.5,205.6,275.5
2020-05-25,161.69999999999996,478.5,726.6
2020-05-26,297.7,459.5999999999999,916.4
2020-05-27,28.2,386.7,430.1000000000001
2020-05-28,31.200000000000003,294.1999999999999,342.19999999999993
2020-05-29,35.99999999999999,376.4,431.70000000000005
2020-05-30,22.599999999999994,239.9,274.40000000000003
2020-05-31,19.5,190.20000000000002,220.19999999999993
2020-06-01,22.399999999999995,294.49999999999994,328.9
2020-06-02,52.3,473.00000000000006,553.3000000000001
2020-06-03,57.90000000000001,433.4,521.9
2020-06-04,32.7,172.99999999999997,222.39999999999998
2020-06-05,34.1,141.09999999999997,193.90000000000003
2020-06-06,34.4,142.0,194.8
2020-06-07,65.4,176.89999999999998,277.09999999999997
2020-06-08,38.1,248.49999999999994,306.9
2020-06-09,120.40000000000003,359.49999999999994,544.0999999999999
2020-06-10,68.1,421.0,525.4
2020-06-11,35.4,273.4,327.70000000000005
2020-06-12,29.9,372.7,418.2
2020-06-13,42.699999999999996,338.8,404.4
2020-06-14,31.500000000000004,354.50000000000006,403.0
2020-06-15,97.74999999999999,570.3,720.5000000000002
2020-06-16,139.8,585.5,799.9000000000001
2020-06-17,205.3,523.9000000000001,838.8000000000002
2020-06-18,40.0,305.0,366.3
2020-06-19,42.39999999999999,244.19999999999996,309.70000000000005
2020-06-20,46.300000000000004,274.7,345.7000000000001
2020-06-21,36.10000000000001,141.60000000000002,197.00000000000003
2020-06-22,39.8,222.10000000000002,283.29999999999995
2020-06-23,59.2,474.8,565.2000000000002
2020-06-24,45.30000000000001,513.6000000000001,583.1
2020-06-25,23.400000000000002,577.2000000000002,613.1999999999999
2020-06-26,34.0,511.6999999999999,564.2
2020-06-27,41.699999999999996,201.7,265.2
2020-06-28,22.099999999999994,74.50000000000001,107.80000000000001
2020-06-29,26.4,79.0,119.89999999999999
2020-06-30,40.15,200.35000000000002,261.45
2020-07-01,27.5,127.3,169.5
2020-07-02,37.6,208.50000000000003,265.80000000000007
2020-07-03,34.80000000000001,181.3,234.7
2020-07-04,29.2,164.2,209.29999999999998
2020-07-05,17.400000000000002,58.199999999999996,84.59999999999998
2020-07-06,28.199999999999996,172.60000000000002,215.8
2020-07-07,51.699999999999996,351.1,430.70000000000005
2020-07-08,37.800000000000004,233.49999999999997,291.2
2020-07-09,62.199999999999996,237.10000000000005,332.30000000000007
2020-07-10,30.0,218.89999999999995,265.0
2020-07-11,117.4,378.8,558.7
2020-07-12,99.7,421.40000000000003,574.0999999999999
2020-07-13,26.1,327.90000000000003,367.70000000000005
2020-07-14,23.3,255.70000000000002,291.79999999999995
2020-07-15,42.99999999999999,348.7,414.2000000000001
2020-07-16,30.499999999999996,283.9,330.19999999999993
2020-07-17,109.30000000000001,314.70000000000005,482.40000000000003
2020-07-18,15.2,225.29999999999998,248.8
2020-07-19,21.099999999999998,283.4,315.5
2020-07-20,57.2,446.80000000000007,534.4000000000001
2020-07-21,193.29999999999998,558.8,854.6999999999998
2020-07-22,26.7,411.7000000000001,452.90000000000003
2020-07-23,25.3,357.7,396.80000000000007
2020-07-24,14.8,252.6,275.6
2020-07-25,30.7,347.7,394.79999999999995
2020-07-26,27.6,245.09999999999997,287.6
2020-07-27,65.00000000000001,344.30000000000007,443.99999999999994
2020-07-28,21.400000000000002,245.5,278.3
2020-07-29,116.3,474.79999999999995,653.2
2020-07-30,147.8,768.0999999999999,994.7
2020-07-31,58.8,708.1,798.9999999999999
2020-08-01,2.6999999999999997,182.3,186.4
2020-08-02,9.399999999999999,186.79999999999995,200.90000000000003
2020-08-03,27.100000000000005,390.50000000000006,432.0
2020-08-04,201.80000000000007,490.8999999999999,800.7
2020-08-05,39.900000000000006,331.1,391.99999999999994
2020-08-06,47.599999999999994,543.7,616.1999999999999
2020-08-07,253.50000000000003,1179.8999999999999,1568.4
2020-08-08,78.69999999999999,639.6,759.9000000000002
2020-08-09,4.300000000000001,332.29999999999995,338.29999999999995
2020-08-10,12.300000000000002,480.2,498.8
2020-08-11,21.0,834.0,866.6999999999999
2020-08-12,26.199999999999996,738.4000000000001,778.9
2020-08-13,14.499999999999998,384.59999999999997,406.80000000000007
2020-08-14,23.699999999999996,326.1,362.90000000000003
2020-08-15,34.1,297.1,349.8
2020-08-16,98.4,426.00000000000006,576.8000000000001
2020-08-17,328.3,490.09999999999997,993.0999999999999
2020-08-18,40.99999999999999,368.29999999999995,430.6000000000001
2020-08-19,144.30000000000004,389.29999999999995,610.8999999999999
2020-08-20,90.59999999999998,500.9,639.6
2020-08-21,26.700000000000003,257.40000000000003,297.99999999999994
2020-08-22,32.8,145.9,196.2
2020-08-23,24.9,110.29999999999997,148.60000000000002
2020-08-24,40.199999999999996,276.59999999999997,338.5
2020-08-25,57.80000000000001,226.9,314.99999999999994
2020-08-26,17.599999999999998,175.70000000000002,202.7
2020-08-27,90.99999999999999,486.3,625.9000000000001
2020-08-28,32.699999999999996,235.79999999999995,285.8
2020-08-29,12.700000000000003,133.7,153.49999999999994
2020-08-30,15.0,176.9,199.8
2020-08-31,290.1,453.1,897.8
2020-09-01,417.10000000000014,532.7,1172.1
2020-09-02,280.99999999999994,624.5,1055.6999999999998
2020-09-03,26.9,242.49999999999997,283.69999999999993
2020-09-04,23.7,215.9,252.10000000000002
2020-09-05,34.0,243.70000000000002,295.90000000000003
2020-09-06,232.10000000000002,477.1,833.3000000000001
2020-09-07,657.9000000000001,396.90000000000003,1406.1000000000001
2020-09-08,25.350000000000005,195.14999999999998,234.14999999999995
2020-09-09,44.3,313.5,381.20000000000005
2020-09-10,463.6,667.0000000000001,1378.2
2020-09-11,618.0,462.20000000000005,1409.9000000000005
2020-09-12,23.0,277.50000000000006,312.7
2020-09-13,68.6,400.3,505.5
2020-09-14,562.9000000000001,745.3,1608.0
2020-09-15,116.10000000000001,863.7,1041.5
2020-09-16,30.799999999999997,463.50000000000006,511.30000000000007
2020-09-17,34.99999999999999,367.1,421.09999999999997
2020-09-18,48.40000000000001,386.7,460.69999999999993
2020-09-19,20.499999999999996,279.5,310.9000000000001
2020-09-20,16.4,261.29999999999995,286.6
2020-09-21,412.8,686.1,1318.3999999999999
2020-09-22,1092.6000000000001,665.8,2341.4000000000005
2020-09-23,24.800000000000004,348.99999999999994,386.80000000000007
2020-09-24,75.19999999999999,516.9000000000001,632.6
2020-09-25,29.0,247.5,291.9
2020-09-26,15.299999999999997,144.4,167.8
2020-09-27,9.7,165.6,180.4
2020-09-28,296.5,477.49999999999983,931.7
2020-09-29,364.90000000000003,566.5,1125.8
2020-09-30,206.29999999999995,594.0,910.3
2020-10-01,60.4,419.90000000000003,512.2
2020-10-02,65.7,334.30000000000007,434.9
2020-10-03,50.2,362.8,439.3
2020-10-04,17.099999999999998,274.1,300.50000000000006
2020-10-05,37.19999999999999,339.7,397.20000000000005
2020-10-06,22.900000000000002,248.8,284.0
2020-10-07,57.50000000000001,378.90000000000003,467.09999999999985
2020-10-08,147.4,398.50000000000006,624.6
2020-10-09,517.4,538.1,1331.7999999999995
2020-10-10,24.099999999999994,280.19999999999993,317.4
2020-10-11,168.99999999999997,339.4000000000001,598.8999999999999
2020-10-12,633.4000000000002,664.2,1635.6999999999998
2020-10-13,74.49999999999999,395.2,509.29999999999995
2020-10-14,101.50000000000001,373.49999999999994,528.9999999999999
2020-10-15,58.400000000000006,416.09999999999997,506.0
2020-10-16,331.2000000000001,540.3,1047.9
2020-10-17,21.0,347.79999999999995,380.29999999999995
2020-10-18,254.50000000000003,501.59999999999997,892.0
2020-10-19,184.90000000000006,552.2,835.8
2020-10-20,103.7,484.59999999999997,643.5
2020-10-21,133.0,506.7000000000001,710.9
2020-10-22,82.1,533.3,658.6
2020-10-23,69.8,508.50000000000006,615.8999999999999
2020-10-24,62.899999999999984,476.4,572.6
2020-10-25,57.6,507.0,595.0999999999999
2020-10-26,84.9,638.3000000000001,768.0
2020-10-27,139.70000000000002,589.5999999999998,803.8000000000002
2020-10-28,43.7,465.8,532.8999999999999
2020-10-29,61.30000000000002,468.7000000000001,562.7
2020-10-30,24.900000000000006,395.4,433.79999999999995
2020-10-31,40.4,354.4,416.2
2020-11-01,47.79999999999999,333.0,406.30000000000007
2020-11-02,10.25,178.79999999999998,194.65
2020-11-03,82.4,585.5999999999999,712.2999999999998
2020-11-04,2247.0,859.6,4305.299999999999
2020-11-05,3072.4999999999995,869.7,5581.4
2020-11-06,1103.6999999999998,796.9000000000001,2489.6000000000004
2020-11-07,849.5999999999999,641.3000000000002,1944.5999999999997
2020-11-08,540.3,523.6,1352.1
2020-11-09,611.2,509.4000000000001,1446.2
2020-11-10,607.5,654.3000000000001,1585.7
2020-11-11,569.0000000000001,410.50000000000006,1283.1000000000001
2020-11-12,61.400000000000006,465.3,559.0
2020-11-13,179.9,737.9999999999999,1013.6999999999998
2020-11-14,90.8,530.9,670.4999999999999
2020-11-15,43.10000000000001,312.6,378.8
2020-11-16,14.5,324.0,346.1000000000001
2020-11-17,18.8,333.6,361.99999999999994
2020-11-18,81.89999999999999,461.3999999999999,586.8000000000001
2020-11-19,84.7,503.8999999999999,633.4000000000001
2020-11-20,664.5,859.8999999999997,1879.1999999999998
2020-11-21,4.6,242.39999999999998,249.1
2020-11-22,656.6999999999999,476.3,1483.8000000000002
2020-11-23,1939.4999999999998,952.0000000000002,3925.8
2020-11-24,118.39999999999999,677.0999999999999,858.1000000000001
2020-11-25,173.7,656.5999999999999,923.3000000000002
2020-11-26,1044.8000000000002,885.3000000000001,2487.7000000000003
2020-11-27,719.9999999999999,745.6,1849.1000000000001
2020-11-28,351.0,757.1,1295.1000000000004
2020-11-29,81.6,647.0,772.3000000000001
2020-11-30,133.40000000000003,481.2,685.9999999999999
2020-12-01,151.0,615.9499999999999,847.75
2020-12-02,883.8999999999999,968.1999999999998,2322.7
2020-12-03,273.3,881.6000000000003,1300.6
2020-12-04,122.80000000000003,678.0999999999999,866.6000000000001
2020-12-05,127.39999999999996,553.5,748.8000000000002
2020-12-06,72.6,503.49999999999994,614.6
2020-12-07,152.60000000000002,648.1999999999999,881.9999999999999
2020-12-08,1304.4,925.0999999999999,2925.0999999999995
2020-12-09,343.90000000000003,726.5999999999999,1254.3000000000002
2020-12-10,111.8,467.6,638.9999999999999
2020-12-11,1121.3,866.1,2585.7999999999997
2020-12-12,236.79999999999998,509.8,872.9000000000001
2020-12-13,264.6,544.8,950.8000000000001
2020-12-14,112.0,681.1,852.9
2020-12-15,225.99999999999997,835.6000000000001,1182.3999999999999
2020-12-16,159.59999999999997,555.6,800.8
2020-12-17,143.99999999999997,705.0,925.2
2020-12-18,95.4,526.3000000000001,672.9
2020-12-19,56.40000000000001,431.7,517.7
2020-12-20,46.99999999999999,536.4000000000001,608.4999999999999
2020-12-21,51.4,389.5,468.59999999999997
2020-12-22,232.39999999999998,514.6,870.6999999999999
2020-12-23,130.29999999999995,536.7,736.3000000000001
2020-12-24,15.5,169.5,192.9
2020-12-25,12.6,247.8,267.0
2020-12-26,7.1000000000000005,232.5,243.5
2020-12-27,108.1,379.3,545.0999999999999
2020-12-28,433.2,605.3000000000001,1269.8999999999999
2020-12-29,49.2,370.99999999999994,446.9
2020-12-30,1060.5,736.4,2362.7999999999997
2020-12-31,620.7000000000002,504.30000000000007,1456.5000000000002
2021-01-01,35.699999999999996,400.79999999999995,455.8
2021-01-02,122.5,449.9,637.0000000000001
2021-01-03,34.99999999999999,264.1,317.79999999999995
2021-01-04,28.1,235.70000000000002,278.5
2021-01-05,31.600000000000005,253.54999999999993,301.84999999999997
2021-01-06,97.10000000000001,425.3,574.1
2021-01-07,131.7,673.7999999999998,875.6
2021-01-08,301.09999999999997,609.9999999999999,1071.9999999999998
2021-01-09,198.20000000000002,583.6999999999999,888.1999999999999
2021-01-10,32.8,467.8,518.3
2021-01-11,22.900000000000006,338.99999999999994,373.90000000000003
2021-01-12,344.9,544.2,1073.1
2021-01-13,1128.0000000000002,827.6,2556.7999999999997
2021-01-14,53.1,442.1,523.9
2021-01-15,944.9000000000001,694.9,2143.5999999999995
2021-01-16,92.59999999999998,496.00000000000006,637.9000000000001
2021-01-17,101.50000000000001,391.7,547.5
2021-01-18,212.4,701.0,1026.7
2021-01-19,11.349999999999998,219.7,236.40000000000003
2021-01-20,162.7,605.0000000000001,854.5
2021-01-21,19.7,375.59999999999997,406.0999999999999
2021-01-22,246.4,704.4,1082.2
2021-01-23,99.8,451.79999999999995,604.5999999999999
2021-01-24,235.60000000000002,726.3,1087.7000000000003
2021-01-25,125.60000000000001,682.9000000000001,875.8
2021-01-26,689.4,1035.3999999999999,2092.4
2021-01-27,322.3,736.6999999999998,1231.1000000000001
2021-01-28,67.8,480.79999999999995,584.7999999999998
2021-01-29,23.100000000000005,313.2,348.59999999999997
2021-01-30,68.90000000000002,351.0999999999999,456.6
2021-01-31,59.0,374.1000000000001,464.4
2021-02-01,86.19999999999999,467.59999999999997,599.5000000000001
2021-02-02,234.0,524.8,883.8
2021-02-03,83.19999999999999,601.5,728.9999999999999
2021-02-04,486.0,768.1999999999999,1513.45
2021-02-05,143.6,673.9000000000001,894.1999999999999
2021-02-06,115.59999999999997,497.3,674.5999999999999
2021-02-07,12.5,116.8,135.8
2021-02-08,27.5,285.8,327.8
2021-02-09,45.6,385.0,455.20000000000005
2021-02-10,54.70000000000001,578.0999999999999,661.8
2021-02-11,143.20000000000005,699.5999999999999,918.8000000000001
2021-02-12,86.09999999999998,458.8,590.8000000000001
2021-02-13,39.50000000000001,336.8,397.20000000000005
2021-02-14,24.999999999999993,327.30000000000007,365.7
2021-02-15,123.30000000000001,625.6,815.1999999999999
2021-02-16,80.89999999999999,657.3,781.0
2021-02-17,56.00000000000001,597.4000000000001,683.8
2021-02-18,28.2,359.1,402.5
2021-02-19,82.8,530.9,657.9
2021-02-20,32.4,373.00000000000006,422.7
2021-02-21,81.60000000000001,637.5999999999999,762.8
2021-02-22,867.1999999999999,894.2,2223.4999999999995
2021-02-23,134.89999999999998,664.6,871.2999999999998
2021-02-24,65.6,602.3000000000001,702.8999999999999
2021-02-25,83.9,537.5,665.8999999999999
2021-02-26,1795.6999999999998,886.9,3640.2999999999997
2021-02-27,1243.1000000000006,787.9000000000001,2694.0000000000005
2021-02-28,132.40000000000003,568.9,771.8999999999999
2021-03-01,74.10000000000002,440.50000000000006,554.0
2021-03-02,523.0,598.1,1399.6000000000001
2021-03-03,366.40000000000003,716.3,1278.3999999999999
2021-03-04,32.5,303.6,353.1
2021-03-05,37.7,370.8999999999999,428.7000000000001
2021-03-06,32.8,419.5,469.79999999999995
2021-03-07,488.0,673.7,1421.7000000000003
2021-03-08,925.8999999999999,1036.9,2456.5
2021-03-09,169.20725806451614,512.1209677419355,769.9258064516129
2021-03-10,130.80967741935484,466.8470046082949,665.4248847926265
2021-03-11,127.55806451612902,459.2820276497696,652.9493087557606
2021-03-12,124.30645161290322,451.71705069124425,640.473732718894
2021-03-13,121.05483870967741,444.15207373271886,627.9981566820277
2021-03-14,117.80322580645161,436.5870967741936,615.522580645161
2021-03-15,114.55161290322579,429.0221198156682,603.0470046082951
2021-03-16,111.3,421.45714285714286,590.5714285714286
2021-03-17,108.04838709677419,413.8921658986175,578.0958525345623
2021-03-18,104.79677419354837,406.3271889400921,565.6202764976956
2021-03-19,101.54516129032258,398.76221198156685,553.1447004608297
2021-03-20,98.29354838709675,391.19723502304146,540.6691244239631
2021-03-21,95.04193548387094,383.6322580645161,528.1935483870968
2021-03-22,91.79032258064515,376.06728110599084,515.7179723502304
2021-03-23,88.53870967741935,368.50230414746545,503.2423963133641
2021-03-24,85.28709677419354,360.9373271889401,490.7668202764977
2021-03-25,82.03548387096774,353.3723502304148,478.29124423963145
2021-03-26,78.78387096774193,345.80737327188945,465.815668202765
2021-03-27,75.53225806451613,338.24239631336405,453.3400921658987
2021-03-28,72.28064516129032,330.6774193548387,440.86451612903227
2021-03-29,69.02903225806452,323.1124423963134,428.3889400921659
2021-03-30,65.77741935483871,315.54746543778805,415.9133640552996
2021-03-31,62.52580645161291,307.9824884792627,403.43778801843314
2021-04-01,59.27419354838709,300.4175115207373,390.96221198156684
2021-04-02,56.022580645161284,292.852534562212,378.4866359447004
2021-04-03,52.770967741935486,285.28755760368665,366.0110599078342
2021-04-04,49.519354838709674,277.72258064516126,353.5354838709677
2021-04-05,46.26774193548387,270.1576036866359,341.05990783410147
2021-04-06,43.016129032258064,262.5926267281106,328.584331797235
2021-04-07,39.76451612903226,255.02764976958525,316.1087557603687
2021-04-08,36.51290322580645,247.46267281105986,303.6331797235023
2021-04-09,33.261290322580635,239.89769585253455,291.157603686636
2021-04-10,30.00967741935483,232.3327188940092,278.68202764976957
2021-04-11,26.758064516129025,224.76774193548385,266.20645161290327
2021-04-12,23.50645161290322,217.20276497695852,253.73087557603688
2021-04-13,20.254838709677422,209.63778801843316,241.2552995391705
2021-04-14,19.213709677419352,298.9951612903226,328.7709677419355
2021-04-15,144.2,686.5,907.7000000000002
2021-04-16,403.6,752.5,1371.3999999999999
2021-04-17,140.05000000000004,535.3,750.0
2021-04-18,126.59999999999998,563.5,757.2
2021-04-19,181.90000000000003,686.9,965.6999999999999
2021-04-20,229.60000000000005,840.9999999999999,1192.9999999999998
2021-04-21,195.95,549.0,849.2999999999998
2021-04-22,48.10000000000001,472.1999999999999,546.5000000000001
2021-04-23,96.50000000000001,590.1,738.1999999999999
2021-04-24,38.800000000000004,446.5,506.2
2021-04-25,18.3,166.29999999999998,195.00000000000003
2021-04-26,22.7,258.6,293.1
2021-04-27,246.40000000000006,805.8999999999997,1183.6999999999996
2021-04-28,40.0,445.8,506.9
2021-04-29,46.300000000000004,395.80000000000007,466.9000000000001
2021-04-30,161.10000000000002,537.5,784.5000000000001
2021-05-01,43.79999999999999,491.20000000000016,558.8000000000001
2021-05-02,78.2,518.5000000000001,638.8000000000002
2021-05-03,39.80000000000001,310.8,371.59999999999997
2021-05-04,19.000000000000007,128.60000000000002,157.4
2021-05-05,36.4,263.6,319.4
2021-05-06,138.5,491.5999999999999,703.7
2021-05-07,29.2,281.2,326.2
2021-05-08,63.599999999999994,347.0,444.0999999999999
2021-05-09,78.4,377.1,497.5999999999999
2021-05-10,81.2,334.8999999999999,459.3
2021-05-11,173.49999999999991,531.0,797.1
2021-05-12,39.2,370.59999999999997,429.90000000000003
2021-05-13,80.10000000000001,432.99999999999994,556.2
2021-05-14,58.5,333.30000000000007,422.4
2021-05-15,61.70000000000002,367.3,462.0
2021-05-16,46.0,239.29999999999995,309.70000000000005
2021-05-17,35.800000000000004,319.7,374.49999999999994
2021-05-18,118.20000000000002,382.09999999999997,563.4999999999999
2021-05-19,84.9,331.50000000000006,461.90000000000003
2021-05-20,133.8,485.70000000000005,690.7000000000002
2021-05-21,24.400000000000002,163.0,200.4
2021-05-22,27.5,197.79999999999998,240.1
2021-05-23,49.39999999999999,315.90000000000003,390.7
2021-05-24,40.7,295.40000000000003,357.6000000000001
2021-05-25,20.2,202.29999999999998,233.39999999999995
2021-05-26,43.6,350.0,416.70000000000005
2021-05-27,187.7,411.4,699.4000000000001
2021-05-28,53.099999999999994,531.1999999999999,612.3999999999999
2021-05-29,27.2,390.00000000000006,431.6000000000001
2021-05-30,21.000000000000004,207.39999999999998,239.2
2021-05-31,23.299999999999997,308.8,344.70000000000005
2021-06-01,29.299999999999994,489.69999999999993,535.1999999999999
2021-06-02,26.3,559.3000000000001,599.6
2021-06-03,11.5,280.9,298.7
2021-06-04,48.199999999999996,330.09999999999997,404.20000000000005
2021-06-05,23.3,275.20000000000005,310.90000000000003
2021-06-06,125.50000000000001,385.69999999999993,577.7
2021-06-07,74.4,379.20000000000005,493.69999999999993
2021-06-08,186.89999999999998,387.90000000000003,674.1999999999999
2021-06-09,28.600000000000005,322.7,366.5
2021-06-10,29.199999999999996,269.6,314.40000000000003
2021-06-11,18.9,166.00000000000003,195.40000000000003
2021-06-12,13.700000000000003,229.0,250.39999999999998
2021-06-13,26.999999999999996,343.8,385.7
2021-06-14,35.2,367.90000000000015,421.9999999999999
2021-06-15,27.6,300.6,342.9
2021-06-16,35.8,487.4999999999999,542.4
2021-06-17,68.80000000000001,260.7,365.79999999999995
2021-06-18,30.499999999999996,187.40000000000003,235.00000000000003
2021-06-19,46.099999999999994,160.7,231.4
2021-06-20,49.3,138.6,214.4
2021-06-21,44.499999999999986,194.6,262.79999999999995
2021-06-22,39.8,235.50000000000003,296.40000000000003
2021-06-23,87.80000000000004,339.9,474.1000000000001
2021-06-24,166.20000000000005,411.8,667.0
2021-06-25,39.6,258.19999999999993,318.70000000000005
2021-06-26,48.599999999999994,226.49999999999997,300.7
2021-06-27,35.1,180.39999999999998,234.39999999999998
2021-06-28,59.2,206.09999999999997,296.8
2021-06-29,43.29999999999999,225.1,291.5
2021-06-30,0.8,19.6,20.9
