MeasurementDateGMT,Enfield - Bush Hill Park: Nitric Oxide (ug/m3),Enfield - Bush Hill Park: Nitrogen Dioxide (ug/m3),Enfield - Bush Hill Park: Oxides of Nitrogen (ug/m3)
2018-01-01,50.5,412.6,490.00000000000006
2018-01-02,254.99999999999997,839.0,1230.0
2018-01-03,15.800000000000002,197.9,222.4
2018-01-04,152.99999999999997,667.35,900.6999999999999
2018-01-05,377.99999999999994,979.6,1548.4
2018-01-06,627.5999999999999,974.7999999999998,1926.7999999999997
2018-01-07,64.19999999999999,426.59999999999997,521.1999999999999
2018-01-08,187.70000000000002,711.4,992.8000000000001
2018-01-09,1005.1999999999999,1174.3000000000002,2703.4
2018-01-10,361.9,1001.5999999999999,1545.8000000000004
2018-01-11,225.80000000000004,840.0000000000001,1177.0
2018-01-12,478.60000000000014,1097.3,1820.2999999999997
2018-01-13,220.1,947.2000000000002,1275.0000000000002
2018-01-14,144.20000000000002,907.4,1118.7
2018-01-15,51.599999999999994,548.6,622.4999999999999
2018-01-16,26.3,409.1,444.99999999999994
2018-01-17,37.70000000000001,390.5,444.7
2018-01-18,17.000000000000004,322.29999999999995,345.19999999999993
2018-01-19,184.3,892.9,1166.6999999999996
2018-01-20,149.0,938.5999999999999,1157.8999999999996
2018-01-21,319.9,1242.8000000000002,1720.8
2018-01-22,95.60000000000001,767.8,906.0999999999999
2018-01-23,69.50000000000001,589.3,689.2
2018-01-24,46.2,425.8,492.6
2018-01-25,120.4,763.6999999999999,940.5000000000002
2018-01-26,206.2,896.0999999999999,1203.2
2018-01-27,280.8999999999999,896.1999999999998,1317.6000000000001
2018-01-28,13.6,228.1,246.59999999999997
2018-01-29,50.6,557.9,629.5999999999999
2018-01-30,931.0,1372.7,2785.7999999999997
2018-01-31,29.499999999999996,466.90000000000003,507.6
2018-02-01,25.199999999999996,433.85,468.1
2018-02-02,169.0,695.9000000000001,947.5
2018-02-03,166.0,1142.8999999999999,1386.2999999999997
2018-02-04,58.8,490.59999999999997,575.8000000000001
2018-02-05,109.6,711.7,872.5
2018-02-06,94.5,735.1,872.4999999999999
2018-02-07,450.0999999999999,948.0,1628.4
2018-02-08,823.5,1297.3999999999999,2546.7000000000003
2018-02-09,31.900000000000002,478.6000000000001,522.9
2018-02-10,194.4,891.3,1180.2
2018-02-11,18.400000000000002,175.3,202.00000000000003
2018-02-12,164.60000000000002,866.1,1109.8000000000002
2018-02-13,89.10000000000001,750.3999999999999,879.2000000000002
2018-02-14,431.59999999999997,855.3,1508.6000000000001
2018-02-15,40.1,562.4499999999999,618.2500000000001
2018-02-16,473.0999999999999,1279.7,1992.2000000000003
2018-02-17,735.9,1491.6000000000001,2605.1
2018-02-18,609.6999999999999,1097.6,2021.7999999999997
2018-02-19,186.79999999999998,793.5000000000001,1072.4
2018-02-20,55.50000000000001,419.59999999999997,500.40000000000003
2018-02-21,199.99999999999994,884.9000000000001,1182.3999999999999
2018-02-22,124.8,913.7,1095.8
2018-02-23,306.29999999999995,984.0000000000001,1443.1999999999998
2018-02-24,172.4,844.6999999999998,1100.7999999999997
2018-02-25,93.2,612.5000000000001,749.3000000000002
2018-02-26,105.5,603.6999999999999,759.4999999999999
2018-02-27,178.89999999999998,937.4,1202.2
2018-02-28,204.50000000000003,852.8999999999997,1157.7
2018-03-01,148.75,704.2500000000001,925.4999999999998
2018-03-02,158.20000000000002,886.6000000000001,1120.2
2018-03-03,181.10000000000005,1041.4,1308.6
2018-03-04,187.9,1170.0,1446.5
2018-03-05,196.70000000000002,1063.1,1353.8
2018-03-06,537.3000000000001,1209.1,2021.1999999999998
2018-03-07,471.29999999999995,1207.6000000000001,1918.6000000000001
2018-03-08,98.8,727.9000000000001,872.4
2018-03-09,694.8999999999999,1456.4999999999998,2507.8999999999996
2018-03-10,129.7,836.5,1026.9
2018-03-11,355.34999999999985,982.95,1517.8499999999997
2018-03-12,122.0,776.6999999999999,956.1
2018-03-13,251.60000000000002,872.9,1249.5
2018-03-14,211.04999999999998,977.9500000000004,1292.0000000000002
2018-03-15,168.8,1046.4,1294.6000000000001
2018-03-16,188.89999999999998,851.5000000000001,1132.2
2018-03-17,67.10000000000001,436.80000000000007,535.6
2018-03-18,86.3,485.19999999999993,613.2
2018-03-19,77.30000000000001,527.3000000000001,640.5
2018-03-20,47.10000000000001,456.1,523.8
2018-03-21,408.8,795.1,1414.1
2018-03-22,27.2,409.50000000000006,446.59999999999997
2018-03-23,67.50000000000001,549.0,647.0999999999998
2018-03-24,112.6,763.3000000000001,927.9000000000002
2018-03-25,67.69999999999999,673.8,771.4000000000001
2018-03-26,68.64999999999999,811.5,908.5999999999999
2018-03-27,79.09999999999998,603.5,719.1
2018-03-28,77.2,834.9000000000001,945.5000000000001
2018-03-29,292.40000000000003,1015.8,1454.6999999999996
2018-03-30,100.69999999999999,832.6000000000001,979.0999999999999
2018-03-31,55.7,431.5,512.7
2018-04-01,63.4,467.99999999999994,560.8
2018-04-02,100.6,662.5,810.2
2018-04-03,66.2,492.19999999999993,588.7000000000002
2018-04-04,76.3,513.7,625.5000000000001
2018-04-05,57.2,433.80000000000007,517.2
2018-04-06,143.1,964.8000000000002,1175.7
2018-04-07,153.30000000000004,880.4,1107.1
2018-04-08,72.39999999999999,634.8,739.4999999999999
2018-04-09,84.20000000000002,673.0000000000001,795.6
2018-04-10,75.7,691.9000000000001,801.3000000000001
2018-04-11,62.0,497.20000000000005,588.0999999999998
2018-04-12,61.900000000000006,381.94999999999993,473.49999999999994
2018-04-13,131.2,755.8000000000001,948.3000000000001
2018-04-14,110.80000000000001,778.7000000000002,938.5
2018-04-15,87.5,578.8,704.0999999999999
2018-04-16,58.699999999999996,481.59999999999997,562.6999999999999
2018-04-17,70.80000000000001,490.2999999999999,587.9
2018-04-18,90.19999999999997,719.9,844.4
2018-04-19,300.80000000000007,1166.4,1608.6999999999998
2018-04-20,87.30000000000001,803.6999999999999,920.5999999999999
2018-04-21,80.2,829.5,934.8
2018-04-22,38.5,340.40000000000003,385.3
2018-04-23,32.7,281.3,315.70000000000005
2018-04-24,54.800000000000004,332.3,399.4
2018-04-25,25.05,194.75,216.95
2018-04-26,32.2,313.8,346.2
2018-04-27,119.9,964.0000000000001,1125.9
2018-04-28,28.599999999999994,295.70000000000005,325.50000000000006
2018-04-29,25.9,192.7,220.10000000000002
2018-04-30,26.8,245.79999999999998,275.2
2018-05-01,77.7,488.8,594.3
2018-05-02,85.80000000000001,564.7,682.3
2018-05-03,92.50000000000001,591.4,721.6
2018-05-04,74.9,825.2000000000002,926.2999999999998
2018-05-05,115.6,691.7,857.4000000000002
2018-05-06,37.79999999999999,698.2,746.1000000000001
2018-05-07,42.29999999999999,727.5999999999999,782.5999999999999
2018-05-08,216.7,808.0,1130.7
2018-05-09,52.599999999999994,410.04999999999995,485.85
2018-05-10,20.8,384.2,414.29999999999995
2018-05-11,113.40000000000002,716.4,893.8
2018-05-12,56.69999999999999,667.4000000000001,768.2
2018-05-13,25.900000000000002,325.7,392.99999999999994
2018-05-14,26.7,245.59999999999997,324.40000000000003
2018-05-15,21.300000000000004,203.5,284.09999999999997
2018-05-16,25.6,144.3,241.99999999999997
2018-05-17,33.50000000000001,182.79999999999998,302.6
2018-05-18,64.3,348.00000000000006,523.0
2018-05-19,93.1,474.39999999999986,703.3
2018-05-20,89.0,441.49999999999994,673.9000000000001
2018-05-21,51.49999999999999,461.19999999999993,646.4000000000001
2018-05-22,15.600000000000003,155.8,243.5
2018-05-23,16.4,196.89999999999998,222.50000000000006
2018-05-24,28.549999999999997,362.79999999999995,406.8
2018-05-25,53.300000000000004,639.4,720.8999999999999
2018-05-26,24.5,409.8999999999999,447.80000000000007
2018-05-27,33.5,555.3,606.4
2018-05-28,17.1,315.19999999999993,340.69999999999993
2018-05-29,16.1,262.5,287.4
2018-05-30,53.599999999999994,591.6000000000001,674.1
2018-05-31,53.09999999999999,503.1000000000001,584.1
2018-06-01,56.2,637.5,723.5
2018-06-02,15.5,321.00000000000006,345.50000000000006
2018-06-03,33.099999999999994,420.7999999999999,471.1000000000001
2018-06-04,23.099999999999994,323.00000000000006,358.6
2018-06-05,26.2,286.90000000000003,327.00000000000006
2018-06-06,27.4,277.75000000000006,319.8
2018-06-07,30.000000000000004,336.59999999999997,383.09999999999997
2018-06-08,33.89999999999999,296.7,348.69999999999993
2018-06-09,34.7,310.5,363.9000000000001
2018-06-10,43.699999999999996,301.09999999999997,368.3
2018-06-11,59.800000000000004,380.59999999999997,472.2
2018-06-12,41.4,360.79999999999995,424.4
2018-06-13,114.0,553.8999999999999,728.5000000000001
2018-06-14,43.99999999999999,296.9,364.5
2018-06-15,44.900000000000006,412.4000000000001,481.30000000000007
2018-06-16,45.0,312.8,382.20000000000005
2018-06-17,34.8,215.60000000000002,268.8
2018-06-18,25.4,199.70000000000002,238.7
2018-06-19,51.300000000000004,244.1,323.00000000000006
2018-06-20,80.39999999999999,285.95000000000005,409.6
2018-06-21,20.500000000000004,206.7,238.0
2018-06-22,35.20000000000001,329.1,383.5
2018-06-23,23.699999999999996,378.9000000000001,415.29999999999995
2018-06-24,36.699999999999996,392.6,448.5999999999999
2018-06-25,30.5,500.29999999999995,547.0999999999999
2018-06-26,84.60000000000001,531.3,661.0000000000001
2018-06-27,45.1,343.00000000000006,411.9
2018-06-28,29.8,313.00000000000006,358.4
2018-06-29,30.999999999999996,291.99999999999994,339.6000000000001
2018-06-30,25.699999999999996,292.8,332.90000000000003
2018-07-01,24.500000000000004,412.00000000000006,449.6
2018-07-02,35.199999999999996,428.5999999999999,483.1
2018-07-03,35.400000000000006,371.0,425.20000000000005
2018-07-04,47.699999999999996,552.9000000000001,626.1000000000001
2018-07-05,55.9,606.7,693.0
2018-07-06,21.400000000000002,443.70000000000005,476.5
2018-07-07,22.1,433.1,466.7
2018-07-08,21.099999999999998,407.40000000000003,439.3000000000001
2018-07-09,61.2,496.49999999999994,590.6
2018-07-10,21.099999999999994,192.40000000000003,224.8
2018-07-11,20.7,216.89999999999998,248.5
2018-07-12,29.400000000000006,386.5999999999999,431.40000000000003
2018-07-13,46.9,427.49999999999994,499.2
2018-07-14,72.4,718.6,829.8000000000003
2018-07-15,26.00000000000001,595.6,635.5000000000001
2018-07-16,21.2,392.9000000000001,425.29999999999995
2018-07-17,25.8,311.90000000000003,351.8999999999999
2018-07-18,52.00000000000001,572.6000000000001,652.1999999999999
2018-07-19,144.79999999999998,809.3000000000001,1031.2000000000003
2018-07-20,84.70000000000002,846.9,976.6999999999998
2018-07-21,15.999999999999993,423.80000000000007,448.4
2018-07-22,27.100000000000005,477.4,518.9
2018-07-23,72.89999999999998,684.2000000000002,796.7
2018-07-24,38.900000000000006,505.6,565.6
2018-07-25,31.8,451.0999999999999,499.8
2018-07-26,58.39999999999999,725.9,815.4
2018-07-27,37.099999999999994,680.6,737.3000000000001
2018-07-28,36.599999999999994,255.50000000000003,311.50000000000006
2018-07-29,40.800000000000004,254.90000000000003,318.09999999999997
2018-07-30,77.8,316.7,435.50000000000006
2018-07-31,42.2,381.7,446.6
2018-08-01,55.4,531.75,616.8000000000001
2018-08-02,76.8,568.5999999999999,686.3
2018-08-03,76.7,539.6,656.7999999999998
2018-08-04,16.1,241.8,266.4
2018-08-05,36.300000000000004,397.1,452.79999999999984
2018-08-06,135.00000000000003,765.0000000000001,971.6999999999999
2018-08-07,37.900000000000006,614.2999999999998,672.5999999999999
2018-08-08,27.299999999999997,251.5,293.00000000000006
2018-08-09,85.60000000000001,579.4000000000001,710.9
2018-08-10,86.10000000000001,483.1000000000001,615.2
2018-08-11,85.7,453.29999999999995,584.9
2018-08-12,44.800000000000004,365.40000000000003,434.2
2018-08-13,29.500000000000004,284.5,329.8
2018-08-14,27.7,228.59999999999997,270.8
2018-08-15,48.70000000000001,304.00000000000006,378.79999999999995
2018-08-16,93.0,393.8999999999999,537.0
2018-08-17,116.10000000000002,339.19999999999993,516.9999999999999
2018-08-18,43.09999999999999,290.6,356.9
2018-08-19,28.0,186.39999999999998,229.00000000000003
2018-08-20,49.70000000000001,326.6,402.50000000000006
2018-08-21,48.39999999999999,441.70000000000005,516.8
2018-08-22,68.0,477.60000000000014,581.8999999999999
2018-08-23,37.6,301.59999999999997,359.29999999999984
2018-08-24,17.700000000000003,184.29999999999998,211.6
2018-08-25,84.5,330.9,460.50000000000006
2018-08-26,323.19999999999993,499.7999999999999,995.5
2018-08-27,12.299999999999999,147.00000000000003,166.20000000000002
2018-08-28,108.10000000000001,633.4,799.1
2018-08-29,143.10000000000002,553.9999999999999,773.1999999999997
2018-08-30,40.79999999999999,424.1,486.8
2018-08-31,59.79999999999999,589.9,681.2999999999998
2018-09-01,206.20000000000002,796.5999999999999,1112.9
2018-09-02,91.79999999999998,716.0,856.9000000000001
2018-09-03,147.6000000000001,760.5999999999999,987.1999999999999
2018-09-04,13.3,304.29999999999995,324.70000000000005
2018-09-05,17.3,248.70000000000002,275.0999999999999
2018-09-06,42.050000000000004,413.75000000000006,478.4999999999999
2018-09-07,21.0,324.8,357.3999999999999
2018-09-08,100.80000000000001,605.8999999999999,760.5999999999999
2018-09-09,20.499999999999996,243.39999999999995,274.8
2018-09-10,49.30000000000001,335.8,411.30000000000007
2018-09-11,66.80000000000001,331.6000000000001,433.9
2018-09-12,174.1,395.5,662.7
2018-09-13,427.0999999999999,608.9,1263.5999999999997
2018-09-14,60.99999999999999,562.2,655.4
2018-09-15,72.2,422.4,532.8
2018-09-16,41.199999999999996,388.7,451.9
2018-09-17,52.699999999999996,583.5,665.0000000000001
2018-09-18,43.199999999999996,309.9,376.40000000000003
2018-09-19,46.699999999999996,258.90000000000003,330.7
2018-09-20,54.5,291.70000000000005,374.8
2018-09-21,19.0,180.10000000000002,209.20000000000002
2018-09-22,45.10000000000001,436.1999999999999,505.8
2018-09-23,25.299999999999997,299.4,338.09999999999997
2018-09-24,264.9,637.2000000000002,1043.0
2018-09-25,684.9000000000001,1123.9,2174.4999999999995
2018-09-26,688.6000000000001,1293.9000000000003,2350.0000000000005
2018-09-27,401.45,1093.8500000000001,1710.2999999999997
2018-09-28,31.4,376.8,425.4
2018-09-29,260.2,866.9000000000001,1265.8
2018-09-30,273.30000000000007,515.6999999999998,934.7
2018-10-01,49.19999999999999,393.6000000000001,469.0
2018-10-02,29.5,251.4,296.70000000000005
2018-10-03,532.0,599.7,1415.2
2018-10-04,348.49999999999994,710.6999999999999,1245.2
2018-10-05,797.4,1192.6,2415.5
2018-10-06,235.10000000000005,313.8,674.4999999999999
2018-10-07,212.2,522.3000000000001,847.1999999999999
2018-10-08,298.99999999999994,974.7,1433.4
2018-10-09,517.6,1052.1999999999998,1845.9999999999998
2018-10-10,564.0,1030.9,1895.8
2018-10-11,57.900000000000006,566.2,655.0999999999999
2018-10-12,60.6,397.0,489.69999999999993
2018-10-13,51.9,376.40000000000003,456.0
2018-10-14,13.8,200.70000000000002,222.3
2018-10-15,39.1,479.6,539.1999999999999
2018-10-16,188.9,701.2,990.6999999999999
2018-10-17,159.4,836.9000000000003,1081.6499999999999
2018-10-18,70.0,626.8000000000001,733.9000000000002
2018-10-19,702.7999999999998,866.3000000000001,1943.7
2018-10-20,1322.3,1130.2,3158.0000000000005
2018-10-21,553.6,647.2,1495.9999999999995
2018-10-22,211.10000000000002,586.7,910.5999999999999
2018-10-23,96.9,511.20000000000005,659.9000000000001
2018-10-24,71.0,539.9000000000001,648.9
2018-10-25,218.19999999999996,573.5,907.8999999999999
2018-10-26,30.999999999999993,429.5999999999999,477.2
2018-10-27,30.800000000000004,216.0,263.40000000000003
2018-10-28,38.49999999999999,295.20000000000005,354.5999999999999
2018-10-29,82.8,453.3,579.9
2018-10-30,88.2,504.00000000000006,639.4000000000001
2018-10-31,1004.9000000000002,1165.6000000000001,2706.1
2018-11-01,504.00000000000006,953.2000000000002,1725.9
2018-11-02,1365.0,1032.0,3125.2
2018-11-03,841.9000000000001,1051.3,2342.3
2018-11-04,165.25,863.0500000000002,1116.4500000000003
2018-11-05,1010.8,921.5,2471.5
2018-11-06,810.6999999999998,732.4,1975.8999999999996
2018-11-07,100.99999999999999,550.4,705.1999999999999
2018-11-08,153.3,836.5,1071.8
2018-11-09,199.39999999999998,660.8000000000001,965.9000000000001
2018-11-10,178.8,823.9999999999999,1098.1999999999998
2018-11-11,72.7,664.1,775.8000000000001
2018-11-12,156.0,852.6,1091.0
2018-11-13,123.7,732.9,923.4000000000001
2018-11-14,292.0,884.2000000000002,1332.2
2018-11-15,492.7000000000001,904.4,1659.7999999999997
2018-11-16,292.1,715.1,1162.8999999999999
2018-11-17,292.0,899.2,1347.1
2018-11-18,119.1,668.5000000000001,852.0
2018-11-19,102.39999999999999,508.79999999999995,666.0
2018-11-20,126.89999999999999,572.8000000000001,767.6000000000001
2018-11-21,722.3,1030.6,2138.6000000000004
2018-11-22,1245.2999999999997,1030.8,2940.1999999999994
2018-11-23,505.1,1035.3,1810.3000000000002
2018-11-24,193.2,869.5999999999999,1165.6999999999998
2018-11-25,89.4,544.1999999999999,681.1999999999998
2018-11-26,78.75,536.3000000000001,657.25
2018-11-27,440.1,994.3000000000001,1669.1
2018-11-28,91.20000000000002,699.7,839.4999999999999
2018-11-29,50.39999999999999,391.70000000000005,468.8
2018-11-30,105.5,674.9000000000001,836.5000000000001
2018-12-01,72.5,635.9,746.6000000000003
2018-12-02,25.700000000000003,314.90000000000003,353.99999999999994
2018-12-03,32.900000000000006,432.5,482.79999999999995
2018-12-04,1302.8,1269.0,3266.2000000000003
2018-12-05,287.30000000000007,937.0000000000001,1377.4
2018-12-06,79.00000000000001,575.8,696.7
2018-12-07,22.900000000000006,308.09999999999997,343.40000000000003
2018-12-08,17.400000000000002,221.6,248.30000000000004
2018-12-09,9.100000000000001,225.4,238.79999999999998
2018-12-10,72.7,711.8000000000001,823.4
2018-12-11,1997.3999999999996,1508.6000000000004,4571.1
2018-12-12,333.50000000000006,1208.0,1719.6
2018-12-13,515.8499999999999,1216.05,2007.1499999999999
2018-12-14,852.0999999999999,1253.7,2560.1000000000004
2018-12-15,198.0,849.7000000000002,1152.8
2018-12-16,296.2000000000001,1100.8999999999999,1555.2
2018-12-17,306.49999999999994,1048.2,1518.0
2018-12-18,46.5,518.6,589.6999999999999
2018-12-19,124.6,963.05,1154.0499999999997
2018-12-20,107.79999999999998,759.0,924.6999999999998
2018-12-21,25.500000000000004,393.29999999999995,432.5
2018-12-22,27.000000000000004,468.2,509.8
2018-12-23,74.09999999999998,637.4,750.5999999999999
2018-12-24,1280.9,1023.7,2987.1000000000004
2018-12-25,2331.8,1265.9000000000003,4841.6
2018-12-26,580.0000000000001,1046.7,1936.1000000000004
2018-12-27,3175.2000000000003,1284.4999999999998,6153.0
2018-12-28,1140.6000000000001,993.1999999999999,2741.8000000000006
2018-12-29,155.0,561.3,798.6999999999999
2018-12-30,88.40000000000002,498.7999999999999,634.4999999999999
2018-12-31,16.299999999999997,219.5,244.10000000000002
2019-01-01,25.000000000000004,254.20000000000002,292.59999999999997
2019-01-02,44.7,424.79999999999995,493.29999999999995
2019-01-03,61.19999999999999,729.7,823.2
2019-01-04,106.8,829.0000000000001,992.4000000000001
2019-01-05,42.4,616.9000000000001,681.6
2019-01-06,87.5,659.1999999999999,793.0
2019-01-07,45.80000000000001,475.40000000000003,545.6
2019-01-08,50.0,459.2,535.7
2019-01-09,52.2,442.59999999999997,522.6999999999999
2019-01-10,251.9,943.4999999999998,1329.8000000000002
2019-01-11,95.80000000000003,728.3000000000001,874.9
2019-01-12,28.200000000000006,324.29999999999995,367.70000000000005
2019-01-13,22.7,141.7,176.29999999999998
2019-01-14,47.900000000000006,497.8,571.6
2019-01-15,154.4,842.1,1079.1499999999999
2019-01-16,81.60000000000001,594.3,718.9000000000002
2019-01-17,71.3,657.4000000000001,766.8000000000001
2019-01-18,1096.8,1265.6000000000001,2947.3999999999996
2019-01-19,272.90000000000003,931.9,1350.4
2019-01-20,369.7,924.2,1490.8999999999999
2019-01-21,2629.8846153846152,1293.269230769231,5325.630769230769
2019-01-22,619.3653846153846,1146.8807692307691,2096.2692307692305
2019-01-23,416.70000000000005,824.8999999999999,1463.9999999999998
2019-01-24,1582.7999999999997,1395.5,3822.2999999999997
2019-01-25,277.59999999999997,876.0,1301.6
2019-01-26,60.199999999999996,457.30000000000007,550.0000000000001
2019-01-27,31.1,176.10000000000002,223.89999999999998
2019-01-28,151.8,697.9000000000001,930.6
2019-01-29,756.1999999999999,1265.2000000000003,2424.4
2019-01-30,411.80000000000007,903.5,1534.8000000000002
2019-01-31,1751.5999999999995,1158.3,3844.1999999999994
2019-02-01,91.0,588.1,728.0000000000001
2019-02-02,56.900000000000006,297.5,385.0
2019-02-03,164.2,747.5999999999999,999.4
2019-02-04,270.3,781.0,1196.1999999999998
2019-02-05,597.1,947.9000000000001,1863.4
2019-02-06,268.3999999999999,912.9999999999999,1324.4500000000003
2019-02-07,46.199999999999996,355.79999999999995,426.6000000000001
2019-02-08,57.0,330.90000000000003,418.30000000000007
2019-02-09,41.1,238.6,301.5
2019-02-10,33.5,314.8999999999999,366.1
2019-02-11,382.2,866.7,1452.9
2019-02-12,418.3,1020.3000000000001,1661.2
2019-02-13,223.4,956.1999999999999,1298.8000000000002
2019-02-14,1382.0,1397.8000000000002,3517.1
2019-02-15,1691.0999999999997,1465.6000000000001,4058.4
2019-02-16,342.79999999999995,1046.6999999999998,1572.9999999999995
2019-02-17,145.5,769.1,992.0999999999999
2019-02-18,106.0,784.8,947.0
2019-02-19,148.79999999999998,633.4,861.2
2019-02-20,78.5,468.80000000000007,588.6
2019-02-21,126.9,700.8,895.4
2019-02-22,357.6,1068.8999999999999,1617.3
2019-02-23,660.2,1050.1,2061.6999999999994
2019-02-24,828.7000000000002,1049.2000000000003,2320.3
2019-02-25,1116.8000000000002,1375.0,3087.4000000000005
2019-02-26,1206.2,1561.6,3411.2
2019-02-27,1606.5,1593.3,4056.4
2019-02-28,357.45,702.7000000000003,1250.8
2019-03-01,152.20000000000002,700.8,934.1999999999998
2019-03-02,56.10000000000001,376.9,463.3
2019-03-03,36.800000000000004,206.19999999999996,261.80000000000007
2019-03-04,43.800000000000004,252.39999999999998,319.59999999999997
2019-03-05,92.99999999999999,488.8,631.3
2019-03-06,88.60000000000002,422.7,559.1
2019-03-07,33.6,199.5,251.39999999999998
2019-03-08,93.3,470.3999999999999,613.6
2019-03-09,32.49999999999999,235.6,285.5
2019-03-10,43.04999999999998,247.60000000000005,313.85
2019-03-11,53.4,273.50000000000006,355.40000000000003
2019-03-12,54.000000000000014,348.2,430.40000000000003
2019-03-13,25.9,137.4,177.20000000000005
2019-03-14,28.299999999999997,227.5,271.29999999999995
2019-03-15,28.3,187.79999999999998,231.10000000000005
2019-03-16,39.199999999999996,176.5,236.2
2019-03-17,31.599999999999994,196.8,244.70000000000002
2019-03-18,171.20000000000002,529.1,792.2
2019-03-19,283.15,965.6499999999999,1400.2
2019-03-20,60.7,520.3,613.1
2019-03-21,114.89999999999999,486.59999999999997,663.3
2019-03-22,125.5,598.5,790.9000000000001
2019-03-23,77.10000000000001,567.4000000000002,685.6000000000001
2019-03-24,54.00000000000001,500.90000000000015,584.0000000000002
2019-03-25,54.3,467.30000000000007,550.4
2019-03-26,285.3,845.7999999999998,1283.5999999999997
2019-03-27,138.00000000000003,746.2,958.0
2019-03-28,198.10000000000002,1002.8,1306.8999999999999
2019-03-29,647.1999999999997,1174.8,2167.4000000000005
2019-03-30,392.69999999999993,906.4,1508.6
2019-03-31,58.7,354.59999999999997,444.7
2019-04-01,105.60000000000002,549.7,712.2
2019-04-02,231.90000000000003,785.1999999999999,1140.8999999999999
2019-04-03,143.89999999999998,878.6,1099.6
2019-04-04,219.59999999999997,843.3000000000001,1180.0
2019-04-05,190.90000000000003,700.3999999999999,993.0000000000001
2019-04-06,70.89999999999999,429.5000000000001,538.4
2019-04-07,57.800000000000004,305.3,394.09999999999997
2019-04-08,157.7,623.3,865.0
2019-04-09,72.10000000000001,539.4,649.6999999999999
2019-04-10,77.0,399.99999999999994,518.4
2019-04-11,90.65,541.45,680.2
2019-04-12,109.40000000000003,624.5,792.3000000000001
2019-04-13,99.49999999999999,505.79999999999995,658.6
2019-04-14,103.90000000000002,551.0,710.3999999999999
2019-04-15,148.30000000000004,727.9000000000001,955.6999999999999
2019-04-16,153.79999999999995,917.3,1153.4
2019-04-17,98.1,619.0,769.8
2019-04-18,126.60000000000005,718.9000000000001,913.4000000000001
2019-04-19,56.2,627.8000000000002,714.6999999999999
2019-04-20,36.9,485.6,542.1
2019-04-21,44.40000000000001,640.8000000000001,708.4000000000001
2019-04-22,48.59999999999999,793.3000000000002,867.0
2019-04-23,89.80000000000001,913.9000000000001,1051.3000000000002
2019-04-24,127.20000000000002,710.4,905.9999999999999
2019-04-25,93.19999999999999,494.59999999999997,637.4
2019-04-26,121.1,516.3,702.5000000000001
2019-04-27,25.799999999999997,124.2,163.40000000000003
2019-04-28,34.9,218.70000000000002,271.5
2019-04-29,71.9,496.8,606.5
2019-04-30,108.70000000000003,628.9000000000001,795.7000000000002
2019-05-01,142.29999999999998,643.3,861.4999999999999
2019-05-02,35.8,344.90000000000003,400.2
2019-05-03,78.10000000000001,448.0,567.6999999999999
2019-05-04,37.00000000000001,208.7,265.79999999999995
2019-05-05,39.800000000000004,360.09999999999997,421.3999999999999
2019-05-06,28.199999999999996,292.20000000000005,335.7
2019-05-07,110.99999999999999,690.8000000000001,861.3000000000002
2019-05-08,117.3,632.8,813.0
2019-05-09,88.40000000000005,405.40000000000003,540.7000000000002
2019-05-10,74.09999999999998,492.9999999999999,606.6999999999999
2019-05-11,38.599999999999994,360.9,420.20000000000005
2019-05-12,67.10000000000001,394.2999999999999,497.00000000000006
2019-05-13,97.3,528.9,678.1999999999999
2019-05-14,78.49999999999999,439.7,559.9
2019-05-15,75.89999999999999,487.5999999999999,603.8
2019-05-16,73.9,425.8999999999999,539.7
2019-05-17,54.49999999999999,383.1,466.7
2019-05-18,66.8,446.6,549.1000000000001
2019-05-19,78.4,369.2000000000001,489.4000000000001
2019-05-20,33.60000000000001,366.6,418.0
2019-05-21,27.399999999999995,298.20000000000005,340.69999999999993
2019-05-22,53.2,446.30000000000007,528.0999999999999
2019-05-23,62.599999999999994,594.6,690.3
2019-05-24,25.599999999999998,277.4,316.3
2019-05-25,22.300000000000008,174.60000000000002,209.0
2019-05-26,30.799999999999997,158.20000000000005,205.69999999999996
2019-05-27,25.1,146.60000000000002,185.00000000000003
2019-05-28,44.099999999999994,305.1,372.49999999999994
2019-05-29,111.09999999999998,592.6,763.1
2019-05-30,36.599999999999994,164.10000000000002,220.0
2019-05-31,73.39999999999999,333.9,446.7
2019-06-01,76.19999999999999,510.7000000000001,627.6999999999999
2019-06-02,44.1,362.09999999999997,429.70000000000005
2019-06-03,42.1,247.6,312.6
2019-06-04,140.75000000000003,723.4999999999999,939.0500000000002
2019-06-05,56.0,346.80000000000007,432.40000000000003
2019-06-06,78.7,504.5,625.4999999999999
2019-06-07,115.15,538.25,714.9
2019-06-08,28.4,171.70000000000002,215.7
2019-06-09,38.800000000000004,349.99999999999994,409.59999999999997
2019-06-10,52.0,356.09999999999997,435.6
2019-06-11,65.9,297.1000000000001,398.2000000000001
2019-06-12,50.8,448.90000000000003,526.7
2019-06-13,79.6,454.90000000000003,576.5999999999999
2019-06-14,71.9,483.2,593.9
2019-06-15,59.29999999999999,455.80000000000007,547.1000000000001
2019-06-16,48.8,296.9,371.6
2019-06-17,49.39999999999999,350.59999999999997,426.3
2019-06-18,99.80000000000003,780.4000000000001,934.3
2019-06-19,54.8,494.0,578.4
2019-06-20,32.4,259.9,309.09999999999997
2019-06-21,30.499999999999996,305.4,352.2
2019-06-22,89.60000000000001,470.09999999999997,607.1999999999999
2019-06-23,33.4,368.9,420.2999999999999
2019-06-24,104.10000000000001,740.0,899.4000000000001
2019-06-25,34.4,336.1,388.70000000000005
2019-06-26,40.1,247.39999999999998,309.59999999999997
2019-06-27,55.300000000000004,255.5,341.0000000000001
2019-06-28,60.2,259.7,351.6
2019-06-29,57.500000000000014,502.5,591.1000000000001
2019-06-30,23.499999999999996,99.89999999999999,135.99999999999997
2019-07-01,26.500000000000004,127.20000000000003,167.9
2019-07-02,35.79999999999999,206.74999999999997,261.54999999999995
2019-07-03,53.69999999999999,347.4,429.4999999999999
2019-07-04,62.699999999999996,383.2,478.8999999999999
2019-07-05,24.900000000000002,236.90000000000003,274.79999999999995
2019-07-06,29.399999999999995,204.89999999999995,249.2
2019-07-07,67.7,283.20000000000005,386.90000000000003
2019-07-08,93.19999999999999,515.7,658.5999999999999
2019-07-09,65.1,558.2,657.8999999999999
2019-07-10,63.2,545.9999999999999,643.0999999999997
2019-07-11,29.5,255.89999999999998,300.8
2019-07-12,27.800000000000008,183.79999999999995,226.20000000000005
2019-07-13,30.200000000000003,186.5,232.3
2019-07-14,33.99999999999999,177.39999999999998,229.10000000000002
2019-07-15,40.3,237.60000000000002,299.3
2019-07-16,38.199999999999996,389.5,448.0999999999999
2019-07-17,74.99999999999999,572.4999999999999,687.4999999999999
2019-07-18,55.800000000000004,282.90000000000003,368.2999999999999
2019-07-19,120.90000000000002,476.40000000000003,661.4000000000001
2019-07-20,42.900000000000006,193.8,259.50000000000006
2019-07-21,49.900000000000006,238.29999999999995,314.70000000000005
2019-07-22,68.29999999999998,317.90000000000003,422.8
2019-07-23,156.10000000000002,556.1,795.9999999999998
2019-07-24,53.800000000000004,572.5,654.7999999999998
2019-07-25,132.30000000000004,834.1000000000001,1036.9
2019-07-26,48.699999999999996,412.8999999999999,487.1
2019-07-27,32.199999999999996,241.3,290.5
2019-07-28,22.500000000000004,174.5,208.89999999999998
2019-07-29,58.5,380.90000000000003,470.59999999999997
2019-07-30,49.0,333.19999999999993,407.99999999999994
2019-07-31,32.400000000000006,189.29999999999998,239.2
2019-08-01,26.499999999999996,212.39999999999998,253.10000000000002
2019-08-02,27.5,219.30000000000004,261.8
2019-08-03,41.1,401.90000000000003,465.00000000000006
2019-08-04,39.000000000000014,398.0,457.8999999999999
2019-08-05,45.400000000000006,268.90000000000003,339.2999999999999
2019-08-06,43.1,233.4,299.8
2019-08-07,33.1,208.89999999999998,260.0
2019-08-08,49.399999999999984,357.0,433.0
2019-08-09,55.8,334.90000000000003,419.9999999999999
2019-08-10,32.4,148.29999999999998,197.89999999999995
2019-08-11,30.200000000000003,195.1,241.7
2019-08-12,81.10000000000001,554.6999999999999,679.0
2019-08-13,24.2,260.09999999999997,296.8999999999999
2019-08-14,75.4,504.8,620.5
2019-08-15,26.400000000000002,167.4,207.30000000000004
2019-08-16,115.95000000000002,470.34999999999997,648.3
2019-08-17,32.70000000000001,220.0,270.59999999999997
2019-08-18,24.100000000000005,246.00000000000003,282.70000000000005
2019-08-19,32.99999999999999,198.10000000000002,248.5
2019-08-20,22.8,301.0999999999999,336.29999999999995
2019-08-21,91.60000000000001,537.5999999999999,677.8999999999999
2019-08-22,45.900000000000006,436.90000000000003,507.1000000000001
2019-08-23,101.89999999999998,687.3,843.6
2019-08-24,75.4,667.9000000000001,783.7
2019-08-25,23.5,513.6,548.9
2019-08-26,47.699999999999996,773.9,846.9000000000003
2019-08-27,67.0,783.0000000000001,885.6999999999999
2019-08-28,46.400000000000006,360.5,431.4
2019-08-29,35.2,271.70000000000005,326.00000000000006
2019-08-30,52.500000000000014,364.7999999999999,445.7
2019-08-31,42.80000000000001,344.8,410.90000000000003
2019-09-01,20.900000000000002,190.9,222.89999999999998
2019-09-02,75.70000000000002,359.69999999999993,475.9
2019-09-03,27.3,208.89999999999998,251.20000000000002
2019-09-04,31.8,162.3,210.9
2019-09-05,29.500000000000004,299.2,344.30000000000007
2019-09-06,76.89999999999999,546.7000000000002,665.0
2019-09-07,30.400000000000006,206.99999999999994,253.90000000000003
2019-09-08,67.5,388.20000000000005,491.09999999999997
2019-09-09,128.5,829.7999999999996,1026.8
2019-09-10,303.0,578.0999999999999,1042.4999999999995
2019-09-11,52.8,265.6,346.3999999999999
2019-09-12,61.099999999999994,291.20000000000005,384.29999999999995
2019-09-13,27.9,247.3,290.0
2019-09-14,217.6,744.5000000000001,1078.2
2019-09-15,71.6,554.0,663.7000000000002
2019-09-16,43.7,308.1,374.99999999999994
2019-09-17,40.599999999999994,340.1000000000001,402.70000000000005
2019-09-18,126.69999999999999,581.8000000000001,776.3
2019-09-19,200.50000000000003,660.6999999999999,968.1
2019-09-20,173.89999999999998,607.3,874.0
2019-09-21,67.4,735.0,838.5000000000001
2019-09-22,47.199999999999996,550.2,622.4999999999999
2019-09-23,57.400000000000006,319.9,408.2
2019-09-24,80.00000000000001,415.0999999999999,538.0
2019-09-25,57.399999999999984,331.5,420.1000000000001
2019-09-26,62.30000000000001,338.40000000000003,434.4999999999999
2019-09-27,71.4,357.2,466.80000000000007
2019-09-28,40.699999999999996,260.8,323.2000000000001
2019-09-29,30.7,155.70000000000002,202.39999999999998
2019-09-30,195.50000000000003,479.49999999999994,779.5
2019-10-01,81.80000000000001,395.0999999999999,520.5999999999999
2019-10-02,115.89999999999999,420.3,597.6999999999999
2019-10-03,772.0,754.8,1938.8999999999994
2019-10-04,99.1,415.20000000000005,566.9000000000001
2019-10-05,75.89999999999999,527.9,645.0999999999999
2019-10-06,31.999999999999996,286.49999999999994,335.70000000000005
2019-10-07,210.30000000000004,599.3000000000002,922.3000000000002
2019-10-08,80.20000000000002,421.0999999999999,544.0
2019-10-09,45.6,339.59999999999997,409.80000000000007
2019-10-10,58.69999999999999,269.2,359.40000000000003
2019-10-11,50.99999999999999,266.1,344.79999999999995
2019-10-12,110.49999999999997,759.5,928.9
2019-10-13,81.39999999999999,443.5,568.0000000000001
2019-10-14,260.6,780.7999999999998,1179.9000000000003
2019-10-15,117.19999999999999,584.9,764.7
2019-10-16,278.6,685.9499999999999,1112.9499999999998
2019-10-17,453.20000000000005,851.7999999999997,1546.4000000000005
2019-10-18,70.10000000000001,408.3,516.1
2019-10-19,240.59999999999997,635.2,1004.7
2019-10-20,250.29999999999995,371.4000000000001,755.0000000000001
2019-10-21,31.7,197.8,246.29999999999998
2019-10-22,879.5999999999999,690.9,2039.1999999999996
2019-10-23,986.2999999999998,880.8000000000001,2393.5
2019-10-24,372.30000000000007,780.3999999999999,1351.3999999999999
2019-10-25,176.9,512.3,783.3999999999997
2019-10-26,40.099999999999994,235.20000000000002,296.7
2019-10-27,141.4,546.0000000000001,763.0000000000001
2019-10-28,398.1,705.1000000000001,1315.8999999999996
2019-10-29,98.10000000000001,580.9999999999999,731.3
2019-10-30,180.1,776.1999999999998,1052.5
2019-10-31,718.5500000000001,958.95,2060.75
2019-11-01,333.9,846.5999999999999,1358.5
2019-11-02,47.6,229.79999999999995,302.79999999999995
2019-11-03,315.9,624.0999999999999,1108.7500000000002
2019-11-04,577.8,856.3000000000001,1742.0000000000002
2019-11-05,85.7,345.29999999999995,477.09999999999997
2019-11-06,284.1,866.4999999999999,1301.7
2019-11-07,542.4,680.4999999999999,1512.1
2019-11-08,820.6999999999998,628.5,1886.5
2019-11-09,348.4000000000001,766.3,1300.5
2019-11-10,775.8,640.3000000000001,1830.1000000000001
2019-11-11,157.20000000000002,508.6,749.4999999999999
2019-11-12,61.0,424.9,518.4000000000001
2019-11-13,233.79999999999998,718.0000000000001,1076.4
2019-11-14,314.40000000000003,955.8,1437.6999999999998
2019-11-15,67.5,392.05,495.1999999999999
2019-11-16,801.1999999999999,826.4000000000001,2055.1
2019-11-17,1456.7999999999997,876.4999999999999,3109.8999999999996
2019-11-18,153.7,652.1,887.5999999999999
2019-11-19,2371.1499999999996,1482.9,5118.400000000001
2019-11-20,608.9000000000002,1067.6,2001.5
2019-11-21,346.3,886.2000000000002,1417.2000000000003
2019-11-22,232.6,948.2,1304.8000000000002
2019-11-23,214.89999999999995,772.4000000000001,1101.8
2019-11-24,592.8000000000001,795.8999999999997,1704.6
2019-11-25,208.00000000000003,854.1000000000001,1172.9999999999998
2019-11-26,101.5,715.3,871.3
2019-11-27,158.4,769.3,1012.3000000000001
2019-11-28,79.9,398.1000000000001,520.8000000000001
2019-11-29,830.4,694.8000000000001,1967.6000000000001
2019-11-30,763.0999999999997,944.9,2114.8
2019-12-01,69.10000000000001,465.0,570.8999999999999
2019-12-02,632.8000000000002,960.4,1930.5000000000005
2019-12-03,1115.7,1224.3999999999999,2935.1999999999994
2019-12-04,3033.2000000000007,1269.9,5921.2
2019-12-05,1394.1999999999998,892.9000000000001,3030.6000000000004
2019-12-06,37.74999999999999,290.05,347.99999999999994
2019-12-07,100.50000000000003,502.1,655.9
2019-12-08,28.100000000000005,167.4,210.7
2019-12-09,201.2,471.99999999999994,780.5
2019-12-10,246.20000000000002,610.5000000000002,988.1
2019-12-11,176.89999999999998,766.9,1038.2999999999997
2019-12-12,199.90000000000003,872.1999999999999,1178.5
2019-12-13,36.1,277.40000000000003,332.79999999999995
2019-12-14,53.1,377.6000000000001,459.2
2019-12-15,46.8,304.20000000000005,375.90000000000003
2019-12-16,414.79999999999995,1009.2,1645.1
2019-12-17,192.39999999999998,986.1000000000001,1280.9999999999998
2019-12-18,805.1000000000001,919.1,2153.3
2019-12-19,77.95,466.9,586.65
2019-12-20,174.60000000000005,777.9000000000001,1045.7
2019-12-21,97.1,576.0999999999998,725.5
2019-12-22,48.0,432.59999999999997,506.20000000000005
2019-12-23,95.49999999999999,538.5,684.9
2019-12-24,44.1,405.10000000000014,472.59999999999997
2019-12-25,468.4,482.6000000000001,1200.7
2019-12-26,282.4,470.29999999999995,903.5000000000001
2019-12-27,849.1,651.3,1953.1
2019-12-28,550.2000000000002,739.5,1583.1
2019-12-29,151.1,586.3999999999999,817.5999999999999
2019-12-30,469.4000000000001,699.1999999999999,1418.9999999999998
2019-12-31,334.60000000000014,714.5,1228.1000000000004
2020-01-01,541.1,961.9000000000001,1791.6
2020-01-02,88.8,560.8,696.6
2020-01-03,33.50000000000001,370.1000000000001,421.4
2020-01-04,44.4,484.40000000000003,552.6999999999999
2020-01-05,44.2,442.50000000000006,509.7
2020-01-06,66.89999999999999,408.79999999999995,511.3999999999999
2020-01-07,75.50000000000001,489.5,605.4999999999999
2020-01-08,173.9,561.1999999999999,828.0
2020-01-09,68.80000000000001,399.3999999999999,504.5
2020-01-10,132.00000000000003,609.4,812.3
2020-01-11,47.199999999999996,290.30000000000007,362.70000000000005
2020-01-12,38.6,311.1,370.0
2020-01-13,74.89999999999999,424.5,539.1999999999999
2020-01-14,59.85,367.0499999999999,458.6
2020-01-15,82.3,546.4,672.9
2020-01-16,86.0,545.3,677.5
2020-01-17,66.09999999999998,527.4,628.8000000000001
2020-01-18,143.9,676.1000000000001,897.1999999999999
2020-01-19,538.2,813.0000000000002,1638.0999999999997
2020-01-20,2379.1000000000004,1432.6,5080.8
2020-01-21,2078.7000000000007,1206.4999999999998,4393.799999999999
2020-01-22,488.5,1001.9000000000001,1750.5
2020-01-23,426.5,976.8,1630.8000000000004
2020-01-24,453.1,987.1000000000001,1681.9000000000005
2020-01-25,150.20000000000002,822.8000000000001,1052.7
2020-01-26,85.29999999999998,585.7000000000002,716.4
2020-01-27,95.50000000000003,693.7,840.5
2020-01-28,31.1,371.0,418.9000000000001
2020-01-29,58.400000000000006,503.2,592.9
2020-01-30,71.6,522.4,632.5
2020-01-31,49.19999999999999,344.3500000000001,419.95
2020-02-01,11.9,225.4,243.20000000000002
2020-02-02,35.20000000000001,378.79999999999995,431.8
2020-02-03,17.499999999999996,243.29999999999998,270.29999999999995
2020-02-04,29.199999999999996,353.9,398.6
2020-02-05,1169.1999999999998,1241.9999999999998,3034.3
2020-02-06,1607.4999999999998,1576.5,4041.2
2020-02-07,590.1000000000001,1013.5,1918.1999999999998
2020-02-08,55.800000000000004,503.6,589.4
2020-02-09,15.100000000000001,146.4,170.10000000000002
2020-02-10,19.099999999999998,200.5,229.9
2020-02-11,16.2,197.4,222.10000000000002
2020-02-12,72.20000000000002,521.9,633.0000000000001
2020-02-13,37.6,406.2000000000001,463.8999999999999
2020-02-14,547.6,692.5999999999999,1532.3
2020-02-15,27.599999999999998,253.7,296.0
2020-02-16,15.2,216.8,240.0
2020-02-17,26.399999999999995,247.4,287.49999999999994
2020-02-18,39.7,376.8999999999999,437.3999999999999
2020-02-19,61.1,480.40000000000003,573.7
2020-02-20,23.900000000000006,281.9,318.8999999999999
2020-02-21,36.3,357.20000000000005,412.79999999999995
2020-02-22,10.6,151.1,167.4
2020-02-23,28.799999999999997,348.49999999999994,392.8
2020-02-24,50.29999999999999,400.50000000000017,477.8999999999999
2020-02-25,27.6,305.3999999999999,348.1
2020-02-26,28.599999999999998,390.7,434.7000000000001
2020-02-27,84.39999999999998,662.4000000000001,791.9999999999998
2020-02-28,130.0,786.1999999999998,985.5000000000001
2020-02-29,28.6,222.80000000000004,266.5
2020-03-01,28.900000000000002,307.2,352.09999999999997
2020-03-02,30.3,417.9,464.7
2020-03-03,95.6,631.1000000000001,777.6999999999999
2020-03-04,391.29999999999995,1020.4999999999999,1620.0
2020-03-05,57.099999999999994,414.20000000000005,501.5
2020-03-06,263.5,664.8,1068.8999999999999
2020-03-07,209.99999999999994,786.0999999999999,1107.8
2020-03-08,23.550000000000004,299.35,335.34999999999997
2020-03-09,42.0,354.7,419.29999999999995
2020-03-10,20.299999999999997,176.29999999999998,207.50000000000006
2020-03-11,32.6,261.3,311.40000000000003
2020-03-12,27.000000000000004,194.60000000000005,236.60000000000005
2020-03-13,61.099999999999994,380.40000000000003,473.7
2020-03-14,70.7,427.9999999999999,536.5
2020-03-15,20.6,288.2,319.19999999999993
2020-03-16,60.6,572.5,665.4000000000002
2020-03-17,50.39999999999999,425.4999999999999,502.3
2020-03-18,40.1,368.3999999999999,429.90000000000003
2020-03-19,60.49999999999999,454.49999999999994,547.4000000000001
2020-03-20,63.300000000000004,315.3,411.65
2020-03-21,76.60000000000001,339.5,456.40000000000003
2020-03-22,95.6,407.29999999999995,553.1999999999999
2020-03-23,181.6,800.1,1078.3999999999999
2020-03-24,138.3,926.1999999999999,1137.8999999999999
2020-03-25,243.70000000000002,851.8,1225.2
2020-03-26,69.0,551.4000000000001,656.9000000000001
2020-03-27,30.500000000000004,344.59999999999997,391.3
2020-03-28,21.4,193.49999999999997,226.1
2020-03-29,24.400000000000002,143.1,180.49999999999994
2020-03-30,35.2,220.70000000000005,274.4000000000001
2020-03-31,54.599999999999994,414.2,497.79999999999995
2020-04-01,76.79999999999998,506.9,624.6000000000001
2020-04-02,14.9,258.7,281.3999999999999
2020-04-03,44.9,452.6,521.5999999999999
2020-04-04,220.40000000000003,600.8,938.7999999999998
2020-04-05,23.400000000000002,401.19999999999993,436.90000000000003
2020-04-06,10.799999999999999,266.8,283.19999999999993
2020-04-07,108.60000000000001,598.5,765.5999999999999
2020-04-08,39.59999999999999,621.7000000000002,682.4999999999999
2020-04-09,64.7,669.7,769.0999999999999
2020-04-10,54.4,582.3,666.2
2020-04-11,92.6,811.3000000000001,953.4000000000001
2020-04-12,20.9,509.00000000000006,540.8999999999999
2020-04-13,46.400000000000006,203.0,273.99999999999994
2020-04-14,88.49999999999999,432.5,568.2
2020-04-15,82.2,613.0,739.3000000000001
2020-04-16,72.7,678.5999999999999,790.0000000000001
2020-04-17,69.00000000000001,407.50000000000006,513.3000000000001
2020-04-18,52.3,378.8,458.7
2020-04-19,19.6,251.19999999999993,281.1
2020-04-20,37.7,281.00000000000006,339.09999999999997
2020-04-21,34.99999999999999,316.29999999999995,369.70000000000005
2020-04-22,30.3,330.09999999999997,376.7
2020-04-23,26.299999999999997,400.59999999999997,440.9
2020-04-24,22.7,355.0,389.49999999999994
2020-04-25,81.10000000000001,376.6000000000001,500.99999999999994
2020-04-26,47.400000000000006,465.19999999999993,537.4999999999999
2020-04-27,36.300000000000004,396.4000000000001,451.8
2020-04-28,84.5,420.4000000000001,550.0000000000001
2020-04-29,39.900000000000006,330.3999999999999,391.90000000000015
2020-04-30,30.7,288.6,335.69999999999993
2020-05-01,26.1,231.10000000000005,271.29999999999995
2020-05-02,19.199999999999996,296.5,326.1000000000001
2020-05-03,115.6,546.2,724.1
2020-05-04,54.5,388.0,471.29999999999995
2020-05-05,58.699999999999996,332.99999999999994,422.69999999999993
2020-05-06,62.9,394.4000000000001,490.5
2020-05-07,69.90000000000003,517.8999999999999,625.4000000000001
2020-05-08,23.2,556.3000000000001,591.6
2020-05-09,22.8,523.2,558.0
2020-05-10,15.099999999999998,224.79999999999998,247.7
2020-05-11,32.5,168.4,218.8
2020-05-12,27.599999999999994,246.59999999999997,288.8999999999999
2020-05-13,28.700000000000003,220.70000000000005,264.7
2020-05-14,45.399999999999984,256.90000000000003,326.3999999999999
2020-05-15,45.30000000000001,369.59999999999997,439.6
2020-05-16,11.200000000000001,279.5,297.40000000000003
2020-05-17,25.3,314.69999999999993,353.3
2020-05-18,14.8,181.39999999999998,204.40000000000003
2020-05-19,14.900000000000002,200.00000000000003,223.00000000000003
2020-05-20,47.7,468.49999999999994,542.1000000000001
2020-05-21,45.300000000000004,483.19999999999993,552.8
2020-05-22,14.4,190.99999999999997,213.00000000000003
2020-05-23,10.400000000000002,89.2,105.30000000000001
2020-05-24,9.0,155.89999999999998,170.2
2020-05-25,31.5,310.4,358.2999999999999
2020-05-26,18.499999999999996,307.40000000000003,336.0999999999999
2020-05-27,29.400000000000002,360.7,406.10000000000014
2020-05-28,41.6,280.6,344.50000000000006
2020-05-29,40.3,340.3,401.9
2020-05-30,29.899999999999995,285.2,330.7
2020-05-31,19.099999999999998,222.79999999999998,251.7
2020-06-01,20.400000000000002,253.50000000000003,284.6
2020-06-02,12.9,271.70000000000005,291.29999999999995
2020-06-03,23.200000000000003,347.0999999999999,382.5
2020-06-04,13.9,151.29999999999995,172.7
2020-06-05,21.8,162.00000000000003,195.6
2020-06-06,29.500000000000004,182.9,227.90000000000003
2020-06-07,31.0,182.1,229.60000000000002
2020-06-08,25.499999999999996,206.79999999999998,245.89999999999998
2020-06-09,49.99999999999999,361.20000000000005,437.8
2020-06-10,85.7,516.6,648.1
2020-06-11,44.699999999999996,335.30000000000007,403.80000000000007
2020-06-12,35.99999999999999,430.59999999999997,485.9
2020-06-13,60.0,456.8,549.0
2020-06-14,28.700000000000003,357.19999999999993,401.19999999999993
2020-06-15,33.5,404.4,455.40000000000015
2020-06-16,33.699999999999996,460.2000000000001,511.8
2020-06-17,75.3,490.1000000000001,605.3000000000001
2020-06-18,31.299999999999994,311.5000000000001,359.8
2020-06-19,42.50000000000001,289.90000000000003,354.79999999999995
2020-06-20,31.3,254.29999999999998,301.99999999999994
2020-06-21,23.099999999999998,162.7,198.10000000000002
2020-06-22,35.5,246.6,300.4999999999999
2020-06-23,44.400000000000006,412.8,480.30000000000007
2020-06-24,42.199999999999996,528.8,593.6
2020-06-25,27.3,492.59999999999997,533.8000000000001
2020-06-26,30.500000000000004,554.4999999999999,601.8
2020-06-27,31.099999999999998,187.50000000000006,235.8
2020-06-28,16.999999999999996,130.2,156.29999999999998
2020-06-29,19.299999999999997,127.9,157.50000000000006
2020-06-30,40.300000000000004,246.90000000000003,308.5
2020-07-01,27.6,192.5,234.70000000000002
2020-07-02,26.399999999999995,236.2,276.79999999999995
2020-07-03,32.6,210.1,260.2
2020-07-04,39.80000000000001,181.2,242.4
2020-07-05,13.600000000000001,80.69999999999996,101.49999999999999
2020-07-06,15.400000000000006,130.79999999999998,154.5
2020-07-07,32.5,299.40000000000003,349.2
2020-07-08,35.199999999999996,226.5,280.3
2020-07-09,73.3,230.4,342.59999999999997
2020-07-10,26.5,199.99999999999997,240.8
2020-07-11,24.000000000000004,241.9,278.3
2020-07-12,34.400000000000006,309.79999999999995,362.8
2020-07-13,22.7,246.20000000000007,281.09999999999997
2020-07-14,27.599999999999998,214.20000000000002,256.40000000000003
2020-07-15,21.299999999999997,213.09999999999997,245.8
2020-07-16,25.899999999999995,209.20000000000002,248.8
2020-07-17,32.00000000000001,234.40000000000006,282.9
2020-07-18,21.000000000000004,171.00000000000003,202.2
2020-07-19,31.900000000000002,187.9,236.7
2020-07-20,25.5,223.7,262.8
2020-07-21,38.0,322.8,381.29999999999995
2020-07-22,25.299999999999997,307.80000000000007,346.30000000000007
2020-07-23,26.699999999999996,293.59999999999997,334.5
2020-07-24,25.099999999999994,193.89999999999998,231.9
2020-07-25,41.2,244.30000000000004,307.0
2020-07-26,27.400000000000006,180.99999999999997,223.09999999999997
2020-07-27,47.3,227.70000000000002,300.5
2020-07-28,20.900000000000002,145.9,178.20000000000005
2020-07-29,32.1,261.5,310.8
2020-07-30,74.60000000000004,554.0999999999999,668.0
2020-07-31,39.6,538.3,598.3000000000001
2020-08-01,16.599999999999998,129.4,154.70000000000005
2020-08-02,15.000000000000002,117.79999999999998,140.8
2020-08-03,21.000000000000007,203.79999999999998,235.40000000000003
2020-08-04,113.89999999999998,377.9000000000001,552.1999999999999
2020-08-05,31.900000000000002,213.29999999999998,261.90000000000003
2020-08-06,44.8,384.70000000000005,453.79999999999995
2020-08-07,137.00000000000003,967.2,1177.3
2020-08-08,16.9,442.6999999999999,468.5
2020-08-09,9.800000000000004,227.0,242.60000000000002
2020-08-10,25.199999999999992,384.8,423.5
2020-08-11,21.400000000000006,620.3999999999999,653.3999999999999
2020-08-12,21.699999999999996,605.6,639.3000000000002
2020-08-13,17.0,307.8,333.79999999999995
2020-08-14,21.599999999999998,217.10000000000002,250.20000000000002
2020-08-15,21.900000000000006,272.90000000000003,306.2999999999999
2020-08-16,31.200000000000006,477.80000000000007,525.6
2020-08-17,136.0,596.1000000000001,804.6
2020-08-18,40.70000000000001,323.59999999999997,385.5
2020-08-19,100.7,491.9,646.3999999999999
2020-08-20,38.900000000000006,390.3,450.0
2020-08-21,25.6,168.09999999999997,207.60000000000002
2020-08-22,20.8,162.3,194.00000000000003
2020-08-23,20.3,129.4,160.6
2020-08-24,29.3,240.60000000000002,286.0
2020-08-25,38.80000000000001,198.20000000000002,258.2
2020-08-26,14.700000000000001,147.10000000000002,170.00000000000003
2020-08-27,72.89999999999999,433.6,545.2999999999998
2020-08-28,32.5,213.0,263.09999999999997
2020-08-29,20.599999999999998,108.90000000000002,140.9
2020-08-30,19.400000000000002,138.6,168.60000000000002
2020-08-31,69.7,359.1000000000001,465.70000000000005
2020-09-01,177.10000000000002,535.0,806.8
2020-09-02,125.59999999999998,590.8000000000002,783.1999999999999
2020-09-03,31.499999999999996,220.09999999999997,268.79999999999995
2020-09-04,25.2,216.9,255.49999999999997
2020-09-05,21.0,208.50000000000003,240.8
2020-09-06,46.9,363.50000000000006,435.29999999999995
2020-09-07,183.70000000000002,393.29999999999995,674.9999999999999
2020-09-08,33.29999999999999,201.99999999999994,252.79999999999998
2020-09-09,28.8,233.39999999999998,277.2
2020-09-10,86.89999999999999,411.5,544.7000000000002
2020-09-11,146.19999999999996,464.50000000000006,688.6000000000001
2020-09-12,20.6,263.6,295.19999999999993
2020-09-13,31.199999999999996,340.90000000000003,388.59999999999997
2020-09-14,260.4,627.2999999999998,1026.7000000000003
2020-09-15,51.599999999999994,717.3,797.0
2020-09-16,24.499999999999996,334.1000000000001,371.2999999999999
2020-09-17,36.0,289.4,344.7
2020-09-18,47.2,342.5,415.49999999999994
2020-09-19,28.200000000000006,289.4,332.69999999999993
2020-09-20,16.500000000000004,236.30000000000007,261.6
2020-09-21,95.39999999999999,607.8999999999999,754.4000000000001
2020-09-22,290.90000000000003,605.6,1051.6000000000001
2020-09-23,32.400000000000006,319.4,368.70000000000005
2020-09-24,55.99999999999999,474.6,560.1999999999999
2020-09-25,27.900000000000002,233.10000000000002,275.70000000000005
2020-09-26,27.0,143.49999999999997,184.70000000000002
2020-09-27,19.000000000000004,118.49999999999997,147.39999999999995
2020-09-28,41.8,400.59999999999997,465.2000000000001
2020-09-29,251.29999999999998,610.9999999999999,996.3
2020-09-30,137.60000000000002,557.8000000000001,768.8000000000002
2020-10-01,48.5,417.50000000000006,491.69999999999993
2020-10-02,59.900000000000006,409.1000000000001,500.79999999999995
2020-10-03,50.4,446.3,523.5
2020-10-04,31.699999999999992,241.10000000000002,289.90000000000003
2020-10-05,40.7,326.3,388.4000000000001
2020-10-06,28.400000000000002,227.1,270.09999999999997
2020-10-07,66.1,380.6,481.99999999999994
2020-10-08,50.60000000000001,348.6,426.0
2020-10-09,160.10000000000008,476.09999999999997,721.4000000000001
2020-10-10,26.800000000000004,247.5,288.7
2020-10-11,47.400000000000006,291.8,364.19999999999993
2020-10-12,270.2,650.9999999999999,1065.3000000000002
2020-10-13,65.6,378.9,479.29999999999995
2020-10-14,87.50000000000003,413.90000000000003,548.2
2020-10-15,39.59999999999999,282.3,343.3
2020-10-16,68.8,460.5000000000001,565.1
2020-10-17,28.9,333.6,378.00000000000006
2020-10-18,192.79999999999998,496.5,792.2
2020-10-19,154.59999999999994,704.8999999999999,942.4000000000001
2020-10-20,61.69999999999999,456.1,550.8000000000001
2020-10-21,100.3,585.8,739.6
2020-10-22,73.9,463.5,577.4
2020-10-23,51.599999999999994,519.5999999999999,598.6000000000001
2020-10-24,44.3,364.9,432.5999999999999
2020-10-25,56.00000000000001,435.1,520.4000000000001
2020-10-26,81.50000000000001,535.1999999999998,660.4
2020-10-27,95.60000000000001,540.2,686.5
2020-10-28,51.6,383.7,463.19999999999993
2020-10-29,55.199999999999996,390.30000000000007,474.3
2020-10-30,43.89999999999999,354.5,421.9
2020-10-31,37.60000000000001,287.79999999999995,344.9
2020-11-01,29.499999999999996,201.79999999999995,246.84999999999997
2020-11-02,21.399999999999995,165.40000000000003,198.20000000000002
2020-11-03,69.00000000000001,561.3000000000001,667.0999999999999
2020-11-04,934.0000000000001,805.9999999999999,2238.1
2020-11-05,1741.5,937.0999999999999,3607.1
2020-11-06,643.5999999999999,965.5000000000001,1951.7999999999997
2020-11-07,596.9,786.9,1702.1999999999996
2020-11-08,396.5,638.2999999999998,1246.2000000000003
2020-11-09,366.00000000000006,836.6999999999999,1397.8000000000002
2020-11-10,467.59999999999997,811.0,1527.9
2020-11-11,298.0000000000001,514.0999999999999,971.0
2020-11-12,39.3,392.7,453.20000000000005
2020-11-13,109.10000000000001,721.6999999999999,888.9000000000001
2020-11-14,49.09999999999998,432.9999999999999,507.7
2020-11-15,21.8,223.00000000000003,256.40000000000003
2020-11-16,24.3,298.5499999999999,336.1
2020-11-17,31.500000000000004,287.4,335.90000000000003
2020-11-18,46.0,318.1,388.8
2020-11-19,40.099999999999994,452.8999999999999,514.2
2020-11-20,352.40000000000003,861.2999999999998,1402.0
2020-11-21,24.299999999999997,277.8,315.0
2020-11-22,90.99999999999999,526.1,665.2
2020-11-23,1054.8000000000002,1057.1,2674.0000000000005
2020-11-24,76.8,591.9999999999999,709.6999999999999
2020-11-25,82.69999999999999,657.4,783.9999999999999
2020-11-26,567.4000000000001,924.9000000000001,1794.8
2020-11-27,803.8000000000001,900.4,2132.8
2020-11-28,438.59999999999997,1094.7000000000003,1767.8
2020-11-29,140.89999999999998,825.4000000000001,1041.4000000000003
2020-11-30,127.8,500.2000000000001,696.2
2020-12-01,57.69999999999999,483.29999999999995,571.8
2020-12-02,522.8000000000001,1025.6,1827.5
2020-12-03,184.7,1007.8000000000001,1291.1999999999998
2020-12-04,101.0,701.5000000000001,856.2
2020-12-05,278.90000000000003,931.2999999999998,1358.7000000000003
2020-12-06,72.30000000000001,459.6,570.9000000000001
2020-12-07,95.7,607.4000000000001,754.2
2020-12-08,1164.1499999999999,1080.25,2865.3000000000006
2020-12-09,317.8,924.6,1411.7
2020-12-10,335.1000000000001,922.5,1436.5
2020-12-11,703.1,1102.1000000000001,2180.4000000000005
2020-12-12,91.19999999999999,525.9000000000001,665.8999999999999
2020-12-13,171.80000000000004,748.6,1012.0000000000001
2020-12-14,66.2,563.9,665.4000000000001
2020-12-15,136.29999999999998,833.8000000000001,1043.0
2020-12-16,167.60000000000002,845.9999999999999,1102.8999999999999
2020-12-17,85.3,585.1999999999999,716.1000000000001
2020-12-18,57.000000000000014,349.5,436.99999999999994
2020-12-19,52.79999999999999,376.0,457.5
2020-12-20,42.7,401.8,467.00000000000006
2020-12-21,98.4,447.1,597.8000000000002
2020-12-22,255.2,569.4999999999999,960.5
2020-12-23,115.3,683.0999999999997,859.5
2020-12-24,34.0,209.99999999999997,261.99999999999994
2020-12-25,33.7,296.7,348.90000000000003
2020-12-26,27.400000000000006,262.70000000000005,304.79999999999995
2020-12-27,82.2,407.8,533.6
2020-12-28,328.6000000000001,682.3000000000002,1185.6000000000004
2020-12-29,38.599999999999994,407.90000000000003,466.90000000000003
2020-12-30,552.5,806.8,1653.8
2020-12-31,121.80000000000001,485.0999999999999,671.9999999999999
2021-01-01,62.20000000000001,433.00000000000006,528.1
2021-01-02,82.10000000000001,403.5,529.6999999999999
2021-01-03,71.09999999999998,307.2,416.09999999999997
2021-01-04,56.4,274.9,361.1
2021-01-05,59.69999999999999,260.6,351.8999999999999
2021-01-06,80.89999999999999,400.7,524.5
2021-01-07,110.20000000000002,665.1,834.1000000000003
2021-01-08,190.09999999999997,691.4999999999999,982.9999999999998
2021-01-09,361.20000000000005,607.4999999999999,1161.7
2021-01-10,60.00000000000001,522.0,614.1
2021-01-11,36.8,341.7,397.8
2021-01-12,85.3,543.3,674.2
2021-01-13,741.6500000000002,974.5499999999998,2112.25
2021-01-14,140.2,611.8000000000001,826.9000000000001
2021-01-15,837.3,717.0500000000001,2000.9000000000003
2021-01-16,130.50000000000006,537.6999999999999,738.0999999999999
2021-01-17,52.1,419.09999999999997,499.09999999999997
2021-01-18,85.90000000000002,620.4999999999998,752.2999999999998
2021-01-19,22.900000000000002,213.39999999999998,248.8
2021-01-20,28.900000000000006,265.90000000000003,309.90000000000003
2021-01-21,40.70000000000001,400.1,462.3
2021-01-22,159.5,741.2,985.5000000000001
2021-01-23,51.6,496.90000000000003,575.9000000000001
2021-01-24,159.8,886.2,1130.7999999999997
2021-01-25,66.89999999999999,557.1,659.3
2021-01-26,475.5,935.0999999999998,1664.1000000000001
2021-01-27,210.50000000000003,812.3,1135.0
2021-01-28,49.69999999999999,477.8,554.2
2021-01-29,17.699999999999996,336.9000000000001,364.1
2021-01-30,117.20000000000002,504.30000000000007,684.6
2021-01-31,154.09999999999997,539.4,775.7
2021-02-01,108.39999999999999,532.5,699.0999999999999
2021-02-02,187.4,583.5,870.9
2021-02-03,64.5,584.1999999999999,682.5
2021-02-04,452.79999999999995,1045.9,1739.8000000000002
2021-02-05,96.10000000000001,736.5,883.9000000000001
2021-02-06,81.8,582.6999999999999,708.4
2021-02-07,36.099999999999994,184.0,239.49999999999994
2021-02-08,66.19999999999999,335.1,436.59999999999997
2021-02-09,134.9,514.8,721.9
2021-02-10,85.69999999999997,559.4999999999999,690.8
2021-02-11,226.10000000000002,835.9000000000001,1182.3
2021-02-12,202.40000000000003,687.4,998.0000000000001
2021-02-13,261.6,693.8000000000001,1094.9
2021-02-14,98.39999999999998,556.5000000000001,707.4999999999999
2021-02-15,86.80000000000001,673.5,806.7
2021-02-16,48.9,493.69999999999993,568.8
2021-02-17,28.700000000000006,352.5999999999999,396.3
2021-02-18,36.0,388.2,442.9
2021-02-19,47.30000000000001,460.0,532.9000000000001
2021-02-20,41.8,384.09999999999997,447.79999999999995
2021-02-21,78.8,663.4000000000001,784.0999999999999
2021-02-22,490.6,1010.1,1762.0999999999995
2021-02-23,48.2,479.1,553.3000000000001
2021-02-24,43.10000000000001,417.3,483.1
2021-02-25,23.4,494.09999999999997,530.0
2021-02-26,420.6500000000001,885.25,1529.9999999999998
2021-02-27,290.59999999999997,977.3999999999999,1423.1
2021-02-28,118.6,659.9999999999998,842.2999999999997
2021-03-01,180.29999999999998,600.4999999999999,876.9000000000002
2021-03-02,271.9,692.2999999999998,1109.2
2021-03-03,499.2000000000001,998.3,1763.8
2021-03-04,59.3,400.40000000000003,491.0
2021-03-05,104.6,526.3000000000001,686.6999999999999
2021-03-06,105.8,595.5000000000001,757.9999999999999
2021-03-07,133.8,677.0,882.5
2021-03-08,466.8,1165.6,1881.0000000000002
2021-03-09,55.0,477.7,562.3
2021-03-10,46.099999999999994,339.29999999999995,409.2
2021-03-11,20.800000000000004,161.3,193.7
2021-03-12,35.449999999999996,261.15,315.85
2021-03-13,26.099999999999998,178.10000000000002,217.9
2021-03-14,28.549999999999994,161.05,204.8
2021-03-15,23.099999999999998,518.6,553.95
2021-03-16,24.4,335.59999999999997,372.8000000000001
2021-03-17,50.7,374.2000000000001,451.8
2021-03-18,42.500000000000014,383.09999999999997,447.99999999999994
2021-03-19,63.0,351.1,447.4
2021-03-20,36.2,405.20000000000005,460.70000000000005
2021-03-21,92.2,454.4,596.1
2021-03-22,97.70000000000002,797.1,946.6999999999999
2021-03-23,262.0,661.6999999999998,1063.4
2021-03-24,87.7,616.8000000000001,751.2999999999998
2021-03-25,64.30000000000001,476.90000000000003,575.5000000000001
2021-03-26,38.300000000000004,363.0499999999999,421.74999999999994
2021-03-27,24.2,219.89999999999998,257.20000000000005
2021-03-28,24.2,212.09999999999997,249.8
2021-03-29,43.800000000000004,482.29999999999995,549.8
2021-03-30,566.6999999999999,1339.8000000000002,2208.5
2021-03-31,771.1999999999999,1629.7999999999997,2812.4
2021-04-01,73.20000000000002,462.90000000000003,574.8000000000001
2021-04-02,52.5,259.7,340.00000000000006
2021-04-03,36.400000000000006,240.49999999999997,296.3
2021-04-04,21.6,287.00000000000006,320.5
2021-04-05,25.000000000000004,191.79999999999998,229.7
2021-04-06,42.4,331.09999999999997,396.1
2021-04-07,39.8,341.9,402.79999999999995
2021-04-08,49.20000000000001,467.29999999999995,542.7
2021-04-09,38.499999999999986,385.29999999999995,444.4
2021-04-10,41.49999999999999,358.19999999999993,422.09999999999997
2021-04-11,30.700000000000003,319.5,366.5
2021-04-12,116.15,740.1,918.6
2021-04-13,331.5999999999999,925.3000000000002,1433.7
2021-04-14,149.7,708.5999999999999,937.9999999999999
2021-04-15,81.1,537.3,661.3
2021-04-16,117.20000000000002,662.1000000000001,841.8999999999999
2021-04-17,92.5,576.8,718.3999999999999
2021-04-18,70.0,533.8000000000002,640.7
2021-04-19,175.9,785.3000000000001,1055.5
2021-04-20,138.8,784.6999999999999,997.5
2021-04-21,84.09999999999998,605.4999999999999,734.1999999999999
2021-04-22,110.30000000000003,496.80000000000007,665.9
2021-04-23,130.9,620.3999999999999,821.3
2021-04-24,83.80000000000001,534.6,663.0
2021-04-25,82.69999999999999,287.4,414.0
2021-04-26,101.3,381.8,537.3
2021-04-27,150.7,766.2,997.4000000000001
2021-04-28,73.70000000000002,456.50000000000006,569.4000000000001
2021-04-29,29.5,257.0,301.90000000000003
2021-04-30,33.699999999999996,392.0000000000001,443.95
2021-05-01,15.299999999999999,340.7,364.09999999999997
2021-05-02,12.199999999999998,374.99999999999994,393.3999999999999
2021-05-03,14.200000000000005,223.39999999999998,245.1
2021-05-04,5.3,130.1,138.1
2021-05-05,19.799999999999997,244.4,274.4
2021-05-06,57.5,443.59999999999997,532.0
2021-05-07,29.400000000000002,333.6,378.8
2021-05-08,128.59999999999997,493.9,691.0000000000001
2021-05-09,34.5,296.59999999999997,349.7
2021-05-10,30.799999999999994,269.40000000000003,316.99999999999994
2021-05-11,82.4,500.40000000000003,626.7000000000002
2021-05-12,34.4,372.49999999999994,424.9
2021-05-13,95.89999999999999,630.1,777.6
2021-05-14,42.00000000000001,428.2000000000001,492.2
2021-05-15,92.7,577.8000000000001,720.3000000000001
2021-05-16,32.5,320.6,370.2
2021-05-17,29.650000000000002,338.05,383.05000000000007
2021-05-18,54.599999999999994,350.6,434.2999999999999
2021-05-19,51.7,333.6,412.99999999999994
2021-05-20,83.80000000000001,402.70000000000005,530.9
2021-05-21,43.0,168.7,234.8
2021-05-22,27.7,197.39999999999998,239.9
2021-05-23,45.4,261.8,331.3
2021-05-24,53.99999999999999,286.69999999999993,369.0
2021-05-25,33.49999999999999,197.29999999999998,248.70000000000002
2021-05-26,36.599999999999994,285.40000000000003,341.1
2021-05-27,79.09999999999998,424.1,545.6
2021-05-28,116.90000000000002,668.6999999999999,848.0999999999999
2021-05-29,71.0,400.1,509.09999999999997
2021-05-30,68.30000000000001,271.0,376.00000000000006
2021-05-31,66.4,330.6000000000001,432.20000000000005
2021-06-01,58.8,441.90000000000015,531.9
2021-06-02,57.2,578.0,665.1999999999999
2021-06-03,29.59999999999999,264.6,310.09999999999997
2021-06-04,44.6,267.8,335.90000000000003
2021-06-05,28.199999999999992,197.1,240.5
2021-06-06,34.300000000000004,314.40000000000003,367.0
2021-06-07,69.0,396.1,501.99999999999994
2021-06-08,47.2,353.5,425.9000000000001
2021-06-09,34.85,301.49999999999994,354.90000000000003
2021-06-10,34.900000000000006,252.49999999999997,306.1
2021-06-11,24.099999999999998,143.4,179.70000000000002
2021-06-12,10.799999999999999,176.20000000000005,192.6
2021-06-13,11.299999999999999,242.49999999999997,260.3
2021-06-14,9.5,257.4,272.20000000000005
2021-06-15,33.70000000000001,314.6,366.1
2021-06-16,68.5,488.4,593.3000000000002
2021-06-17,24.299999999999997,248.20000000000002,285.3
2021-06-18,17.099999999999998,170.4,197.4
2021-06-19,37.0,203.10000000000002,260.5
2021-06-20,32.29999999999999,184.8,234.40000000000003
2021-06-21,33.699999999999996,236.10000000000005,287.70000000000005
2021-06-22,24.8,168.40000000000003,206.29999999999995
2021-06-23,52.800000000000004,300.5,381.8
2021-06-24,100.05000000000001,385.8,539.35
2021-06-25,26.300000000000004,240.39999999999998,280.3
2021-06-26,45.50000000000001,271.3,340.90000000000003
2021-06-27,16.599999999999998,191.8,216.99999999999997
2021-06-28,37.4,254.1,310.8999999999999
2021-06-29,24.299999999999997,181.2,218.50000000000003
2021-06-30,0.6,9.0,9.9
