MeasurementDateGMT,Lewisham - Loampit Vale: Nitric Oxide (ug/m3),Lewisham - Loampit Vale: Nitrogen Dioxide (ug/m3),Lewisham - Loampit Vale: Oxides of Nitrogen (ug/m3),Lewisham - Loampit Vale: PM10 Particulate (ug/m3)
2018-01-01,395.70000000000005,747.0000000000001,1354.0,198.0
2018-01-02,442.1999999999998,844.3000000000001,1522.4,288.0
2018-01-03,518.5,645.2,1439.9,501.0
2018-01-04,779.0999999999999,947.6999999999999,2142.7,226.0
2018-01-05,944.9,1253.7,2702.3,233.0
2018-01-06,1710.1000000000001,1476.8000000000002,4098.700000000001,426.0
2018-01-07,600.5,776.6,1697.5,410.0
2018-01-08,1415.8000000000002,1052.4,3223.6,390.0
2018-01-09,1513.0,1112.8999999999999,3432.0000000000005,621.0
2018-01-10,2090.9,1520.0500000000002,4726.399999999999,397.0
2018-01-11,3286.2,1387.1000000000001,6426.000000000001,556.0
2018-01-12,1187.9000000000005,1231.4999999999998,3053.2,503.0
2018-01-13,624.1999999999999,960.3999999999999,1917.7,494.0
2018-01-14,986.2,1174.4999999999998,2686.7,520.0
2018-01-15,479.0,729.8,1463.8,181.0
2018-01-16,652.9,853.0000000000002,1853.8000000000002,215.0
2018-01-17,673.4,883.2000000000002,1916.0999999999997,286.0
2018-01-18,899.1,1094.3,2472.5999999999995,252.0
2018-01-19,1231.4000000000003,1325.5000000000002,3214.4,263.0
2018-01-20,1339.1,1634.9999999999998,3687.8999999999996,281.0
2018-01-21,833.9,1296.9,2575.6000000000004,358.0
2018-01-22,1350.3,1484.1,3554.0999999999995,373.0
2018-01-23,461.69999999999993,677.8,1385.8999999999996,101.0
2018-01-24,453.3999999999999,648.4,1343.1999999999998,118.0
2018-01-25,461.1,871.0000000000001,1578.3999999999996,300.0
2018-01-26,2369.8999999999996,1654.2999999999995,5288.099999999999,582.0
2018-01-27,600.0,927.5,1847.6,224.0
2018-01-28,783.7,818.4,2020.2000000000003,71.0
2018-01-29,913.2,1028.5,2428.6,195.0
2018-01-30,1468.6999999999996,1407.8999999999999,3659.5,357.0
2018-01-31,919.5999999999999,988.6,2398.3,135.0
2018-02-01,1098.5,1238.3999999999999,2923.1000000000004,409.0
2018-02-02,1458.2999999999997,1325.6,3561.6,583.0
2018-02-03,1493.1,1621.3999999999999,3910.5,311.0
2018-02-04,682.3000000000001,782.5,1828.9999999999998,367.0
2018-02-05,1251.1000000000001,1234.5,3152.7000000000003,618.0
2018-02-06,1782.6999999999998,1515.0,4248.8,750.0
2018-02-07,2112.7,1741.1,4980.300000000001,844.0
2018-02-08,929.8499999999998,1324.8500000000001,2750.5499999999993,411.0
2018-02-09,912.2,1211.7000000000003,2610.7,341.0
2018-02-10,527.0,921.4000000000001,1729.7999999999997,179.0
2018-02-11,594.5000000000001,861.4,1772.8000000000002,222.0
2018-02-12,913.7999999999998,1242.5,2643.4,247.0
2018-02-13,777.8,1182.5,2375.2000000000003,238.0
2018-02-14,605.4,1046.4,1974.9999999999998,254.0
2018-02-15,905.3000000000001,1195.0,2583.3999999999996,315.0
2018-02-16,1009.0,1576.4,3123.6000000000004,372.0
2018-02-17,1268.6,1712.4,3657.2999999999993,444.0
2018-02-18,523.4000000000001,1259.8000000000002,2061.8999999999996,368.0
2018-02-19,1477.7999999999997,1445.6999999999996,3712.1,355.0
2018-02-20,1142.4499999999998,1123.7,2875.0500000000006,266.0
2018-02-21,1700.3000000000002,1529.8,4136.699999999999,1135.0
2018-02-22,1128.5,1462.3999999999999,3192.6,769.0
2018-02-23,1217.5999999999997,1497.8000000000002,3364.7999999999993,756.0
2018-02-24,774.4999999999999,1210.4000000000003,2398.2000000000003,903.5
2018-02-25,692.9,998.8,2061.2999999999997,634.0
2018-02-26,877.2,988.4000000000002,2333.1000000000004,631.0
2018-02-27,1279.5,1424.3999999999999,3386.0,502.0
2018-02-28,1231.1999999999998,1345.5,3233.0000000000005,553.0
2018-03-01,736.7,982.6000000000001,2112.3000000000006,920.0
2018-03-02,993.4000000000001,1160.6999999999998,2684.2000000000003,1002.0
2018-03-03,1067.3,1553.3,3189.5000000000005,1522.0
2018-03-04,453.5,1272.2000000000003,1967.5000000000005,391.0
2018-03-05,603.3000000000001,1136.6,2061.5,340.0
2018-03-06,741.0999999999999,1379.6,2515.8,265.0
2018-03-07,1516.45,1789.1000000000001,4114.05,384.5
2018-03-08,694.6999999999998,956.5999999999999,2021.9000000000005,190.5
2018-03-09,1043.1999999999998,1398.8999999999996,2998.3,339.0
2018-03-10,430.29999999999995,853.1000000000001,1513.2,335.0
2018-03-11,1077.7,1633.0000000000002,3285.2000000000003,607.0
2018-03-12,1307.5,1482.4,3486.9999999999995,267.0
2018-03-13,986.3,1378.6,2890.7999999999997,362.0
2018-03-14,297.79999999999995,811.5999999999999,1267.3000000000004,241.0
2018-03-15,441.20000000000005,1094.2,1771.1000000000001,213.0
2018-03-16,537.3000000000001,1102.7999999999997,1926.9,406.0
2018-03-17,571.6999999999999,780.5999999999999,1657.4,415.0
2018-03-18,500.0,769.3000000000001,1536.1000000000001,625.0
2018-03-19,719.8000000000001,991.4999999999999,2095.2000000000003,658.0
2018-03-20,1060.8,1378.9,3005.8999999999996,657.0
2018-03-21,1281.1000000000001,1692.3000000000002,3657.0,532.0
2018-03-22,657.8,1092.1,2100.1,397.0
2018-03-23,354.7,781.9,1325.5000000000002,305.0
2018-03-24,1009.7,1470.0,3017.9999999999995,685.0
2018-03-25,1339.1000000000001,1709.6999999999998,3762.8,925.0
2018-03-26,1262.5000000000002,1805.9,3741.5000000000005,559.0
2018-03-27,695.0999999999999,1210.6000000000001,2276.5,224.0
2018-03-28,1354.9,1755.9,3833.5,232.0
2018-03-29,473.2,1252.1999999999998,1978.0,213.0
2018-03-30,652.0999999999997,1248.4,2248.1000000000004,228.0
2018-03-31,606.1,900.6999999999999,1830.3000000000002,214.0
2018-04-01,467.1,990.6,1706.8999999999999,350.0
2018-04-02,260.7,727.5999999999998,1127.4,150.0
2018-04-03,292.90000000000003,664.4,1113.1999999999998,254.5
2018-04-04,295.9000000000001,705.5000000000002,1159.3999999999999,217.0
2018-04-05,644.0999999999999,1015.3999999999999,2002.8000000000002,213.0
2018-04-06,368.19999999999993,1009.0999999999999,1574.1000000000001,344.0
2018-04-07,435.20000000000005,1123.6000000000001,1790.6000000000004,530.0
2018-04-08,692.5999999999999,1368.3000000000002,2430.7000000000003,418.0
2018-04-09,1217.1999999999998,1549.8999999999996,3415.9999999999995,563.0
2018-04-10,1137.6000000000001,1767.6999999999998,3512.0000000000005,791.0
2018-04-11,1373.4,1530.2,3636.0,1140.0
2018-04-12,1325.8999999999999,1321.8999999999999,3354.5000000000005,880.0
2018-04-13,808.5,1187.2,2427.0,488.0
2018-04-14,694.4,1516.9999999999998,2581.5,869.0
2018-04-15,311.50000000000006,978.4999999999998,1456.4,551.0
2018-04-16,322.9,716.0,1210.6000000000004,328.0
2018-04-17,207.9,643.3999999999999,962.1000000000001,278.0
2018-04-18,528.3000000000001,1236.3999999999999,2046.3999999999996,481.0
2018-04-19,1341.1999999999998,2025.6,4081.8000000000006,931.0
2018-04-20,961.8,1822.9999999999998,3297.4999999999995,747.0
2018-04-21,950.5,1895.1999999999998,3352.8,1138.0
2018-04-22,380.1000000000001,1083.6000000000001,1666.6,694.0
2018-04-23,629.5,887.0000000000001,1852.1,192.0
2018-04-24,537.8,714.5999999999999,1539.1000000000001,171.5
2018-04-25,575.8999999999999,832.2000000000002,1715.0,155.0
2018-04-26,641.3000000000002,908.6999999999998,1892.3999999999996,233.0
2018-04-27,787.0,1294.2,2501.2999999999997,271.0
2018-04-28,863.8000000000001,1283.3999999999999,2608.200000000001,356.0
2018-04-29,439.50000000000006,719.3000000000002,1393.1,301.5
2018-04-30,688.3999999999999,1010.4,2065.8,493.53296703296706
2018-05-01,506.1000000000001,953.4,1729.3999999999999,435.8241758241758
2018-05-02,475.0,1006.0,1734.9000000000003,442.15384615384613
2018-05-03,668.0000000000001,1253.3,2277.6,448.4835164835165
2018-05-04,796.3999999999999,1529.1000000000004,2750.4000000000005,464.5054945054945
2018-05-05,1055.9,2107.1000000000004,3726.2000000000003,750.0
2018-05-06,654.0,2044.3,3046.7999999999997,887.0
2018-05-07,769.7,2385.8000000000006,3565.8,1020.0
2018-05-08,738.8000000000001,1551.7000000000003,2684.4,714.0
2018-05-09,659.1,1083.8999999999999,2094.4,402.0
2018-05-10,660.2000000000002,1125.0,2137.2,362.0
2018-05-11,244.00000000000003,958.6,1332.8,401.5
2018-05-12,512.6999999999999,1184.9999999999998,1970.9,341.0
2018-05-13,834.9000000000001,1298.8,2578.6,508.0
2018-05-14,721.9499999999999,1058.2499999999998,2165.0,453.0
2018-05-15,706.0,1202.6999999999998,2285.0,477.0
2018-05-16,773.3000000000001,927.6999999999999,2113.2999999999997,586.0
2018-05-17,795.8999999999999,1043.1,2263.2,596.0
2018-05-18,1172.3000000000002,1444.0,3241.7999999999997,566.0
2018-05-19,789.6000000000001,1376.9,2587.7,670.0
2018-05-20,598.9,1210.3999999999999,2129.0,645.0
2018-05-21,1066.2,1885.8999999999999,3520.600000000001,960.0
2018-05-22,698.4,1078.4999999999998,2149.5,855.0
2018-05-23,699.5000000000001,960.9000000000002,2033.8000000000002,756.0
2018-05-24,843.2999999999998,1272.1,2565.4,948.0
2018-05-25,968.0,1629.1,3113.3,765.0
2018-05-26,410.9,1212.9999999999998,1842.3999999999999,1178.0
2018-05-27,392.79999999999995,1196.7,1799.1000000000006,850.0
2018-05-28,423.0,1142.5,1790.8,1065.0
2018-05-29,711.5999999999999,1256.4999999999998,2347.5,755.0
2018-05-30,922.9,1432.3000000000002,2847.0,685.0
2018-05-31,966.35,1736.45,3218.2,1123.5
2018-06-01,513.4999999999999,1093.1999999999998,1880.4999999999998,593.0
2018-06-02,820.8000000000001,1130.5,2388.5000000000005,345.0
2018-06-03,541.2999999999998,1212.9,2042.9999999999998,395.0
2018-06-04,748.3000000000002,1123.9999999999995,2271.999999999999,562.0
2018-06-05,757.7,1033.6,2195.1,490.0
2018-06-06,976.3000000000001,1281.3999999999999,2778.1000000000004,685.0
2018-06-07,988.1999999999998,1380.8999999999999,2896.1,645.0
2018-06-08,992.7,1348.0,2869.9,622.5
2018-06-09,677.6999999999998,1182.8999999999999,2222.2999999999997,589.0
2018-06-10,529.1999999999999,992.1000000000001,1804.3,536.0
2018-06-11,1044.0,1345.8999999999999,2946.4,439.0
2018-06-12,1087.05,1197.1000000000001,2864.2,456.0
2018-06-13,576.8,905.7,1790.0999999999997,279.0
2018-06-14,587.8,833.6999999999999,1734.8000000000002,403.5
2018-06-15,760.7,1197.7999999999997,2363.3,440.0
2018-06-16,652.9,761.4999999999999,1762.4999999999998,275.0
2018-06-17,622.9999999999999,642.1999999999999,1597.6999999999996,234.0
2018-06-18,870.8000000000002,775.3,2110.9000000000005,337.0
2018-06-19,908.8,651.5999999999999,2045.2999999999997,175.0
2018-06-20,711.3000000000001,519.4,1609.8,291.0
2018-06-21,732.4000000000001,899.5,2022.1000000000001,367.5
2018-06-22,824.7000000000002,1161.3000000000002,2425.6999999999994,460.0
2018-06-23,634.6,1136.4999999999998,2109.7999999999997,477.0
2018-06-24,526.0,1323.0000000000002,2128.8,491.0
2018-06-25,646.3,1614.7000000000003,2605.0999999999995,492.0
2018-06-26,1023.1,1681.4999999999998,3250.499999999999,546.0
2018-06-27,880.0,1348.3500000000004,2697.4500000000003,620.0
2018-06-28,910.2000000000002,1523.1000000000004,2919.100000000001,730.0
2018-06-29,853.7999999999998,1382.4,2691.7999999999997,612.0
2018-06-30,495.2,1092.1999999999998,1851.4999999999998,563.0
2018-07-01,404.7000000000001,1357.6,1977.8999999999999,651.0
2018-07-02,732.0000000000001,1391.3000000000002,2513.9999999999995,623.0
2018-07-03,694.4,1264.5,2329.5,515.0
2018-07-04,780.2000000000002,1388.0,2584.3,650.0
2018-07-05,619.4999999999999,1485.0000000000005,2435.2999999999997,762.0
2018-07-06,760.0999999999998,1785.2,2950.8999999999996,753.0
2018-07-07,372.69999999999993,1300.9000000000003,1872.0,811.0
2018-07-08,498.99999999999994,1356.4999999999998,2121.8,564.5
2018-07-09,787.3,1420.6,2628.3,523.0
2018-07-10,784.1999999999999,815.0999999999999,2017.7,409.0
2018-07-11,890.7,1035.6000000000001,2401.2,507.0
2018-07-12,951.5,1506.7,2966.1,673.0
2018-07-13,822.1000000000001,1372.8999999999999,2633.2000000000003,563.0
2018-07-14,439.8000000000001,1155.6999999999998,1830.4,459.0
2018-07-15,364.6000000000001,1060.3,1619.8,389.0
2018-07-16,652.7,1223.8000000000002,2224.4,365.0
2018-07-17,846.8000000000001,809.9000000000001,2108.4,295.0
2018-07-18,876.4999999999999,1128.7,2472.5,299.0
2018-07-19,725.8999999999999,1373.2000000000003,2486.5999999999995,387.0
2018-07-20,527.9,1133.2000000000003,1942.1999999999996,368.0
2018-07-21,467.2999999999999,1196.1999999999998,1913.1,498.0
2018-07-22,506.9000000000001,919.3000000000001,1696.3000000000002,445.0
2018-07-23,561.5,780.5,1640.8000000000002,298.0
2018-07-24,999.3999999999997,1076.2,2608.5,313.0
2018-07-25,734.2000000000003,1316.0000000000002,2441.9,553.0
2018-07-26,827.5500000000001,1342.2500000000002,2611.7999999999997,733.5
2018-07-27,499.99999999999994,1045.5999999999997,1812.2,497.0
2018-07-28,457.59999999999997,328.1,1029.8,347.5
2018-07-29,288.3,285.20000000000005,727.0,218.5
2018-07-30,437.40000000000003,315.3,985.9000000000002,148.0
2018-07-31,723.1000000000001,688.3000000000001,1797.0,238.0
2018-08-01,703.7999999999998,824.1999999999999,1903.1999999999998,251.0
2018-08-02,643.3,1058.4999999999998,2045.2000000000003,289.0
2018-08-03,631.4,1303.2,2271.4999999999995,457.5
2018-08-04,486.40000000000003,879.2,1625.2,330.5
2018-08-05,488.0,1103.6,1851.1999999999998,355.0
2018-08-06,501.74999999999994,1308.9999999999998,2078.0999999999995,382.5
2018-08-07,678.9600000000002,1325.1399999999999,2365.5600000000004,390.0
2018-08-08,1165.68,1443.1200000000003,3228.4800000000005,226.0
2018-08-09,1217.7600000000004,1463.3399999999997,3328.9599999999996,289.0
2018-08-10,570.1,741.3000000000001,1615.3000000000002,162.0
2018-08-11,362.9000000000001,778.8,1335.0,206.0
2018-08-12,181.00000000000003,525.9000000000001,803.2,155.0
2018-08-13,571.0000000000001,847.1000000000001,1722.4,282.0
2018-08-14,591.4999999999999,854.7000000000002,1761.6999999999998,244.0
2018-08-15,542.7999999999998,629.4999999999999,1461.6,205.0
2018-08-16,597.6,655.5999999999999,1571.7,250.0
2018-08-17,686.3,805.7999999999998,1857.9000000000003,230.0
2018-08-18,611.8000000000001,620.9000000000002,1559.2999999999997,265.0
2018-08-19,412.9,443.2,1076.1,244.5
2018-08-20,707.4000000000001,783.6999999999999,1868.4,216.0
2018-08-21,487.0,838.2000000000002,1584.9000000000005,120.0
2018-08-22,879.1999999999999,761.1999999999999,2109.7000000000003,202.0
2018-08-23,723.7999999999998,786.5999999999998,1896.6,293.0
2018-08-24,699.1999999999999,793.6,1865.3999999999999,188.0
2018-08-25,710.9,971.8000000000001,2062.2,268.0
2018-08-26,483.2,652.5,1392.8999999999999,280.5
2018-08-27,782.0,672.6,1872.1,205.0
2018-08-28,470.7,984.3000000000002,1705.8,244.0
2018-08-29,1200.3999999999999,1416.8999999999999,3257.2999999999997,435.0
2018-08-30,1304.8000000000002,1443.4,3444.7000000000007,431.0
2018-08-31,1133.8999999999999,1454.6999999999998,3193.7,479.0
2018-09-01,399.59999999999997,1116.4,1728.9999999999998,381.0
2018-09-02,526.6999999999999,1437.3,2244.7999999999997,514.6923076923077
2018-09-03,999.0,1843.0500000000002,3374.7499999999995,681.3076923076923
2018-09-04,841.2000000000002,1273.0999999999997,2562.1,570.0
2018-09-05,971.0,1263.6999999999998,2752.4,559.0
2018-09-06,987.0000000000001,1121.4000000000003,2634.9,528.0
2018-09-07,882.4999999999999,1005.8000000000001,2358.3999999999996,308.0
2018-09-08,769.8000000000002,838.4999999999998,2018.7,213.0
2018-09-09,341.90000000000003,586.6,1110.8,302.0
2018-09-10,529.5,654.2,1466.0999999999995,305.0
2018-09-11,352.29999999999995,443.8999999999999,984.0999999999999,347.0
2018-09-12,1314.3999999999999,1289.8,3305.4000000000005,415.0
2018-09-13,1303.4999999999998,1200.1,3199.2000000000003,346.0
2018-09-14,943.5999999999999,953.3000000000001,2400.4999999999995,216.0
2018-09-15,784.2000000000002,871.0000000000001,2073.5999999999995,326.0
2018-09-16,360.50000000000006,636.4,1188.7999999999997,313.0
2018-09-17,230.85,749.3999999999997,1103.8,300.5
2018-09-18,503.70000000000005,578.4,1350.7,393.0
2018-09-19,379.59999999999997,422.3,1003.7000000000002,477.0
2018-09-20,272.9,356.0000000000001,774.5,510.0
2018-09-21,747.5,708.7,1854.5999999999997,272.0
2018-09-22,1112.8999999999999,1108.3,2814.9,282.0
2018-09-23,573.9999999999999,786.5,1666.5000000000002,291.0
2018-09-24,1380.0000000000002,1328.0999999999997,3444.2000000000003,350.0
2018-09-25,984.1000000000001,1090.1000000000001,2599.7999999999997,316.0
2018-09-26,1027.7,1439.2,3015.0000000000005,387.0
2018-09-27,1252.0,1633.8,3553.7000000000007,498.0
2018-09-28,884.6999999999998,1041.5,2397.8,459.0
2018-09-29,1083.6,1362.3000000000002,3023.6,494.0
2018-09-30,600.4000000000001,989.7,1910.0,406.0
2018-10-01,870.5000000000002,1017.7500000000001,2352.55,322.5
2018-10-02,708.0,825.6000000000001,1911.7,262.0
2018-10-03,1155.8,1087.0,2859.5,320.0
2018-10-04,1021.7,727.2000000000002,2294.1,387.0
2018-10-05,1359.5,1413.5999999999997,3497.9,659.0
2018-10-06,701.6999999999999,946.1,2022.1999999999998,470.0
2018-10-07,746.7,1051.8999999999999,2196.7000000000003,316.0
2018-10-08,807.3000000000002,1048.0,2286.2000000000003,233.0
2018-10-09,759.9999999999999,1240.0000000000002,2405.4,409.0
2018-10-10,1432.5000000000002,1782.2,3978.7999999999997,1159.0
2018-10-11,248.4,732.9000000000001,1113.9,401.0
2018-10-12,207.69999999999996,474.2,792.5,367.0
2018-10-13,188.10000000000002,514.6999999999999,803.1,327.0
2018-10-14,521.3,829.2,1628.3999999999996,316.0
2018-10-15,1347.8,1300.8000000000002,3367.8000000000006,599.5
2018-10-16,586.2,869.1000000000001,1767.9,540.0
2018-10-17,1274.2,1378.8,3332.7000000000007,437.0
2018-10-18,1061.3999999999999,1323.3999999999999,2950.7999999999997,489.5
2018-10-19,2282.9000000000005,1751.0,5251.400000000001,625.0
2018-10-20,1420.9000000000003,1281.0,3460.0,674.0
2018-10-21,872.9999999999998,1138.2000000000003,2476.7000000000003,458.0
2018-10-22,1284.5,1234.5,3203.7000000000003,460.0
2018-10-23,1009.8999999999999,1177.5000000000005,2725.6000000000004,422.0
2018-10-24,1174.0,1175.6000000000004,2975.7,491.0
2018-10-25,1167.3999999999996,1295.1,3084.9999999999995,471.0
2018-10-26,1003.9999999999999,1234.6000000000001,2774.1,278.0
2018-10-27,634.7,769.5999999999999,1742.4999999999998,211.0
2018-10-28,495.1,716.9,1476.1000000000004,168.0
2018-10-29,957.8000000000001,956.5999999999999,2424.899999999999,267.0
2018-10-30,1020.1999999999999,973.2999999999998,2537.5,326.0
2018-10-31,1119.7000000000003,1190.1,2906.7,379.0
2018-11-01,1216.3000000000002,1257.5,3121.7,424.0
2018-11-02,1591.65,1468.1000000000001,3908.9500000000003,511.0
2018-11-03,434.1,1095.7000000000003,1761.6,419.0
2018-11-04,347.09999999999997,941.4000000000001,1473.9,567.0
2018-11-05,2077.6,1150.6999999999996,4336.500000000001,1080.0
2018-11-06,667.8999999999999,1045.3999999999999,2070.0,514.0
2018-11-07,322.49999999999994,755.5,1249.5,251.0
2018-11-08,324.6000000000001,936.8999999999999,1434.6999999999998,322.0
2018-11-09,376.1,785.1999999999998,1361.9000000000003,332.0
2018-11-10,362.1000000000001,843.3,1398.7,333.0
2018-11-11,290.5,751.7999999999998,1197.1000000000001,301.0
2018-11-12,317.34999999999997,822.5000000000001,1309.5,288.5
2018-11-13,489.00000000000006,884.1999999999999,1633.7999999999997,342.0
2018-11-14,575.3000000000001,971.4999999999999,1854.0,403.0
2018-11-15,731.3,975.0,2096.2,604.0
2018-11-16,1437.4,1020.0000000000001,3224.000000000001,418.0
2018-11-17,1032.3000000000002,1217.2999999999997,2800.600000000001,657.0
2018-11-18,568.9000000000001,1086.0,1958.0999999999997,527.0
2018-11-19,761.3999999999999,939.3999999999999,2106.9,255.0
2018-11-20,1215.5,1224.8,3088.100000000001,432.0
2018-11-21,1457.0000000000002,1255.5,3489.4,571.0
2018-11-22,4473.4,1588.8999999999999,8448.300000000001,1116.0
2018-11-23,1795.4,1360.8999999999996,4113.5,877.0
2018-11-24,1064.4999999999998,1252.8,2885.2999999999993,726.0
2018-11-25,664.0000000000002,878.6,1896.4,571.0
2018-11-26,1484.9000000000003,1282.2999999999997,3559.0000000000005,504.0
2018-11-27,982.6999999999999,1074.5500000000004,2581.2499999999995,420.0
2018-11-28,225.59999999999997,632.6999999999999,978.6000000000001,328.0
2018-11-29,196.89999999999998,443.49999999999994,745.2000000000002,277.0
2018-11-30,380.7,812.7000000000002,1397.0000000000002,340.5
2018-12-01,246.0,726.5999999999999,1103.8999999999999,212.0
2018-12-02,340.7,463.5,986.2,185.0
2018-12-03,574.9000000000001,904.9000000000002,1786.3,350.0
2018-12-04,1175.7,1470.3999999999999,3273.4,332.0
2018-12-05,483.69999999999993,917.0,1659.1,297.0
2018-12-06,427.6,728.5,1384.0,221.0
2018-12-07,369.69999999999993,641.0,1207.8,210.0
2018-12-08,483.0,652.2999999999998,1392.9,308.0
2018-12-09,438.2,871.9,1543.7999999999997,255.0
2018-12-10,1158.2999999999997,1497.0000000000002,3273.0,383.0
2018-12-11,2027.7000000000003,1477.1999999999998,4586.2,587.0
2018-12-12,716.9,1195.0000000000002,2294.6,467.0
2018-12-13,1663.0999999999997,1458.2,4008.05,605.0
2018-12-14,1361.5,1340.6,3428.0,726.0
2018-12-15,255.60000000000002,793.8000000000001,1185.4,506.0
2018-12-16,410.40000000000003,1113.4000000000003,1742.9,270.0
2018-12-17,805.1999999999999,1140.5,2375.0,318.0
2018-12-18,297.7,845.7,1302.1,340.0
2018-12-19,315.0999999999999,893.3999999999999,1376.7000000000003,199.0
2018-12-20,336.30000000000007,768.9000000000001,1284.4999999999998,228.0
2018-12-21,347.1,597.6,1129.6000000000001,407.0
2018-12-22,549.5,889.9000000000001,1732.4999999999998,323.0
2018-12-23,375.4,873.6,1449.3999999999999,216.0
2018-12-24,1803.8999999999999,1407.6999999999998,4173.4,610.0
2018-12-25,1302.0,1065.4,3062.0000000000005,496.5
2018-12-26,272.09999999999997,908.5000000000001,1325.6000000000001,392.0
2018-12-27,2856.1000000000004,1366.5999999999997,5746.4,868.0
2018-12-28,1434.0999999999995,1239.8000000000002,3439.0,649.0
2018-12-29,772.2999999999998,1054.6000000000001,2238.5999999999995,380.3333333333333
2018-12-30,583.2,964.8,1858.7,322.6666666666667
2018-12-31,464.7,924.1999999999999,1637.1999999999998,319.0
2019-01-01,339.6,787.4000000000001,1307.9999999999998,387.0
2019-01-02,772.3000000000002,1155.6,2339.9,435.0
2019-01-03,1060.8,1591.3,3217.8,474.0
2019-01-04,1581.6000000000001,1682.0000000000005,4106.700000000001,885.0
2019-01-05,691.5,1214.2999999999997,2274.6,646.0
2019-01-06,822.1,1372.3000000000002,2633.1000000000004,612.0
2019-01-07,546.6,940.8000000000003,1778.9000000000003,393.0
2019-01-08,709.2,1103.0,2190.9,559.5
2019-01-09,828.9000000000001,1150.8000000000002,2421.8,466.0
2019-01-10,1960.3999999999999,1611.6000000000001,4617.3,826.0
2019-01-11,1312.3999999999999,1486.8999999999996,3499.0999999999995,709.0
2019-01-12,580.9999999999999,958.1999999999998,1849.3,294.0
2019-01-13,301.00000000000006,637.3000000000001,1098.3,298.0
2019-01-14,777.8,1223.7,2416.5,478.0
2019-01-15,818.5,1079.5,2334.2,232.0
2019-01-16,495.59999999999997,842.7,1602.6,196.0
2019-01-17,982.8,1400.6000000000004,2907.5000000000005,498.0
2019-01-18,1022.5999999999999,1416.6,2983.9000000000005,481.0
2019-01-19,676.7,1076.6,2114.3,620.0
2019-01-20,1698.6999999999998,1581.5,4186.1,947.0
2019-01-21,2556.7000000000003,1479.0000000000005,5399.700000000001,883.0
2019-01-22,1090.1999999999998,1479.2000000000003,3150.7000000000003,352.0
2019-01-23,1570.1000000000001,1497.0,3904.4,598.0
2019-01-24,2546.5999999999995,1894.1999999999998,5798.800000000001,710.0
2019-01-25,1766.4999999999998,1479.55,4188.25,543.0
2019-01-26,706.7,738.3,1822.1,228.0
2019-01-27,339.00000000000006,571.3999999999999,1091.2999999999997,358.0
2019-01-28,1099.6000000000001,1379.1000000000001,3064.8,622.0
2019-01-29,702.4,1497.2,2573.9,433.0
2019-01-30,1673.8999999999999,1596.4999999999998,4163.299999999999,441.0
2019-01-31,2105.1999999999994,1476.6000000000001,4704.6,628.0
2019-02-01,857.7,1099.4,2414.4,510.0
2019-02-02,655.4,860.0,1865.1999999999998,627.0
2019-02-03,634.1,1034.9999999999998,2007.5000000000005,468.0
2019-02-04,475.2000000000001,790.4999999999999,1519.1000000000001,241.0
2019-02-05,471.2500000000001,894.7499999999999,1618.0,299.0
2019-02-06,576.2000000000002,986.3999999999999,1870.1999999999996,272.0
2019-02-07,526.6999999999999,618.7000000000002,1426.2000000000003,275.0
2019-02-08,273.4,350.8,770.3,267.0
2019-02-09,467.2,469.09999999999997,1184.7,315.0
2019-02-10,546.5,796.4999999999999,1633.8999999999999,172.0
2019-02-11,1346.5,1454.5000000000002,3518.7000000000003,486.0
2019-02-12,766.3000000000001,1122.3,2296.8999999999996,416.0
2019-02-13,422.59999999999997,835.0,1483.1000000000001,510.0
2019-02-14,1870.1000000000001,1392.8999999999999,4260.3,719.0
2019-02-15,1420.8,1462.1999999999996,3640.7,847.0
2019-02-16,278.4,880.0999999999999,1306.2,702.0
2019-02-17,255.0,712.0999999999999,1103.2999999999997,657.0
2019-02-18,491.1000000000001,730.3000000000001,1483.3,382.0
2019-02-19,670.6,761.1999999999998,1789.8,410.0
2019-02-20,325.7,554.3,1053.7,398.0
2019-02-21,578.9,897.2,1784.6999999999996,493.0
2019-02-22,1895.2999999999997,1461.5,4367.5,754.0
2019-02-23,1226.3999999999999,1332.4000000000003,3212.7,861.0
2019-02-24,2320.6,1886.7,5444.900000000001,1078.0
2019-02-25,3818.099999999999,2354.0,8208.3,1380.0
2019-02-26,4221.299999999999,2333.7000000000003,8806.199999999999,1527.0
2019-02-27,3116.9,2100.8999999999996,6880.400000000001,1378.0
2019-02-28,1096.0,1404.4999999999998,3085.0999999999995,694.0
2019-03-01,700.7000000000002,1300.8,2375.5,781.0
2019-03-02,322.7,701.6000000000001,1196.3000000000002,380.0
2019-03-03,256.6,466.4999999999999,860.2000000000003,271.0
2019-03-04,603.2000000000002,749.8999999999999,1674.9000000000003,248.0
2019-03-05,503.85,800.5499999999998,1572.65,273.5
2019-03-06,240.0,591.4000000000001,958.3999999999999,316.0
2019-03-07,491.8999999999999,654.8,1408.5999999999997,222.0
2019-03-08,644.2999999999998,868.0999999999999,1856.1999999999998,264.0
2019-03-09,459.49999999999994,777.7,1482.1000000000001,462.0
2019-03-10,381.9,685.9,1271.1000000000001,252.0
2019-03-11,490.7999999999999,823.0999999999999,1575.8999999999996,349.0
2019-03-12,367.1,605.8000000000002,1168.7,221.0
2019-03-13,508.20000000000005,765.0,1544.2,409.0
2019-03-14,608.6,861.8000000000001,1794.9000000000003,277.0
2019-03-15,452.5,613.8,1307.8,153.0
2019-03-16,318.40000000000003,413.8999999999999,902.1999999999999,192.0
2019-03-17,486.79999999999995,845.0999999999999,1592.0000000000002,181.0
2019-03-18,844.0999999999999,1451.3999999999999,2745.5999999999995,349.0
2019-03-19,799.4500000000002,1260.9,2486.75,358.5
2019-03-20,767.8,1113.9,2290.8,298.0
2019-03-21,745.8,1144.0,2288.3,382.0
2019-03-22,601.4000000000001,925.2000000000002,1847.2,431.0
2019-03-23,793.8000000000001,1355.1,2572.6,554.0
2019-03-24,603.4999999999998,1246.1,2171.1,523.0
2019-03-25,742.8,1201.3999999999996,2340.1000000000004,541.0
2019-03-26,1166.8000000000002,1787.9,3577.0,684.0
2019-03-27,1229.7,1738.8000000000002,3623.9,619.0
2019-03-28,1257.2000000000005,1918.6999999999998,3846.5000000000005,743.0
2019-03-29,1214.6000000000001,1699.3,3561.2000000000003,951.0
2019-03-30,1490.1999999999998,1856.9999999999995,4141.8,1285.0
2019-03-31,400.50000000000006,966.8000000000002,1580.9,758.0
2019-04-01,1043.1999999999998,1488.3000000000002,3088.4,689.0
2019-04-02,694.8000000000001,1348.1000000000004,2413.6000000000004,593.0
2019-04-03,1046.0499999999997,1561.45,3165.05,616.0
2019-04-04,223.3,771.5,1113.6000000000001,292.0
2019-04-05,370.2,946.5999999999999,1514.3999999999999,513.0
2019-04-06,548.1,1084.9,1925.4000000000003,588.0
2019-04-07,752.8000000000001,1048.3999999999999,2202.5,1136.0
2019-04-08,1069.6,1645.6999999999998,3285.8999999999996,1200.0
2019-04-09,771.1000000000001,1330.1999999999998,2512.600000000001,1054.0
2019-04-10,570.1,950.9,1824.8999999999999,557.0
2019-04-11,707.9000000000001,1308.3,2393.4000000000005,498.0
2019-04-12,805.6999999999999,1459.5,2694.7999999999997,524.0
2019-04-13,655.3,1302.3000000000002,2307.9,502.0
2019-04-14,554.1999999999999,1242.3000000000002,2092.6000000000004,614.0
2019-04-15,798.1,1456.9999999999998,2680.3999999999996,980.0
2019-04-16,1480.7,2015.5000000000002,4285.8,1340.0
2019-04-17,1159.4,1837.6999999999998,3614.8999999999996,1510.0
2019-04-18,1049.1999999999998,1963.4999999999998,3572.0999999999995,1366.0
2019-04-19,649.1,1885.1,2880.4,1012.0
2019-04-20,671.2000000000002,1968.9,2997.6999999999994,996.0
2019-04-21,414.59999999999997,1881.0000000000002,2516.8,1064.0
2019-04-22,542.4999999999999,2083.6,2915.3,1606.0
2019-04-23,1091.5,2309.7000000000003,3983.2000000000007,1234.0
2019-04-24,555.8000000000001,1282.2000000000003,2134.3,777.0
2019-04-25,171.1,709.9,972.3000000000002,225.0
2019-04-26,244.30000000000007,641.0,1015.9,268.0
2019-04-27,335.99999999999994,546.7,1062.0,380.0
2019-04-28,552.7,788.6,1636.1000000000001,368.0
2019-04-29,1562.8,1787.8,4183.5,605.0
2019-04-30,1059.3,1766.0499999999997,3390.349999999999,714.0
2019-05-01,492.00000000000006,1312.5,2066.7999999999997,610.0
2019-05-02,569.6,1087.5,1960.6,399.0
2019-05-03,717.2,1139.5000000000002,2238.8999999999996,468.0
2019-05-04,456.5,613.7000000000002,1313.5,442.0
2019-05-05,382.40000000000003,839.0000000000002,1425.4,500.0
2019-05-06,323.2,821.5,1317.1000000000001,280.0
2019-05-07,319.9,861.6999999999999,1352.2,390.0
2019-05-08,303.79999999999995,757.1000000000001,1222.7000000000005,298.2307692307693
2019-05-09,693.8000000000001,1119.1000000000001,2183.3,370.15384615384613
2019-05-10,419.05000000000007,1017.45,1659.7999999999997,494.61538461538464
2019-05-11,675.8,1306.8999999999999,2343.3,575.0
2019-05-12,703.8,1127.6,2206.500000000001,442.0
2019-05-13,941.3999999999999,1396.3,2839.2000000000003,487.0
2019-05-14,777.8000000000001,1251.1000000000001,2443.9000000000005,571.0
2019-05-15,919.1000000000003,1593.3000000000004,3002.3,759.0
2019-05-16,746.5999999999998,1268.1,2413.0,674.5
2019-05-17,912.6999999999999,1274.8999999999999,2674.3000000000006,674.0
2019-05-18,624.5000000000002,1404.7999999999997,2361.7,593.0
2019-05-19,786.6,1449.8000000000002,2655.8000000000006,802.0
2019-05-20,772.2000000000002,1379.1000000000001,2563.2000000000003,640.0
2019-05-21,618.4000000000001,1163.1000000000004,2111.3999999999996,447.0
2019-05-22,490.60000000000014,1114.8,1867.5,369.0
2019-05-23,423.09999999999997,1008.0999999999999,1656.6000000000004,316.0
2019-05-24,675.5,1226.0,2262.3,482.0
2019-05-25,396.30000000000007,804.1,1412.0000000000002,363.0
2019-05-26,477.40000000000015,549.0999999999999,1280.9,253.0
2019-05-27,436.79999999999995,664.5999999999999,1334.6,312.0
2019-05-28,569.9999999999999,895.0000000000001,1769.1999999999998,296.5
2019-05-29,312.59999999999997,576.9000000000001,1056.6,285.0
2019-05-30,557.0,549.5,1403.2,347.0
2019-05-31,559.9999999999999,539.4000000000001,1397.9000000000003,191.0
2019-06-01,325.29999999999995,705.6,1204.4999999999998,276.0
2019-06-02,205.9,516.4999999999999,832.0000000000001,584.0
2019-06-03,362.4,563.0,1118.5,615.0
2019-06-04,752.7,1065.7,2219.8000000000006,533.0
2019-06-05,336.5,583.6,1099.6000000000001,250.0
2019-06-06,420.9,714.7000000000002,1360.4,432.0
2019-06-07,590.9,1080.7,1986.3999999999999,447.0
2019-06-08,401.8,469.59999999999997,1085.5,254.0
2019-06-09,356.59999999999997,700.9,1247.6999999999998,265.0
2019-06-10,797.2,1126.8000000000002,2349.7999999999997,349.0
2019-06-11,567.9999999999999,793.3000000000001,1664.1,322.0
2019-06-12,809.3999999999999,1163.3500000000001,2404.3500000000004,349.0
2019-06-13,168.3,416.8,675.3,261.0
2019-06-14,171.4,436.20000000000005,699.2000000000002,250.0
2019-06-15,138.3,409.0,621.8,250.0
2019-06-16,172.39999999999998,324.40000000000003,589.5999999999999,261.0
2019-06-17,277.5,547.9,973.5,270.0
2019-06-18,809.4000000000001,1220.5000000000002,2461.5,489.0
2019-06-19,847.5999999999999,1187.6999999999998,2487.2,641.0
2019-06-20,617.1,742.3000000000001,1688.8000000000002,290.0
2019-06-21,776.2999999999997,936.4999999999998,2126.6,333.0
2019-06-22,674.4,1110.8999999999999,2144.6,356.0
2019-06-23,717.6,1471.8000000000002,2572.2,919.0
2019-06-24,551.9999999999999,1103.6999999999998,1950.2999999999997,825.0
2019-06-25,694.9999999999999,1103.4999999999998,2169.1000000000004,710.0
2019-06-26,485.6999999999999,706.6999999999999,1451.7000000000005,492.5
2019-06-27,462.5,608.4,1317.3,499.0
2019-06-28,524.6999999999999,744.5000000000001,1548.6000000000001,716.0
2019-06-29,442.2,920.8000000000002,1598.5,800.0
2019-06-30,263.5,475.49999999999994,879.7,296.0
2019-07-01,489.1,640.6999999999999,1390.6000000000001,278.0
2019-07-02,700.0999999999999,873.4000000000001,1946.8000000000002,416.0
2019-07-03,774.0000000000001,1174.1,2360.8,467.0
2019-07-04,785.6999999999999,1290.4000000000005,2494.8,534.0
2019-07-05,608.1999999999999,1254.7,2186.5,492.0
2019-07-06,603.5000000000001,745.0,1670.2000000000003,372.0
2019-07-07,562.1,853.3,1715.0,475.0
2019-07-08,633.0999999999998,1003.0000000000001,1973.2000000000003,381.0
2019-07-09,275.8999999999999,825.1,1248.1000000000001,437.0
2019-07-10,355.1,777.2,1321.5,427.0
2019-07-11,462.50000000000006,910.1999999999999,1618.9,365.0
2019-07-12,475.4000000000001,796.1999999999998,1525.3000000000002,341.0
2019-07-13,525.3000000000002,788.9000000000001,1593.6999999999996,381.0
2019-07-14,438.4,706.1,1378.2000000000003,359.0
2019-07-15,723.8000000000002,914.4,2024.3999999999994,347.0
2019-07-16,432.40000000000003,1005.0,1667.9999999999998,484.0
2019-07-17,278.4,857.9,1284.9,397.0
2019-07-18,391.7,706.7999999999998,1307.2,424.0
2019-07-19,244.10000000000002,531.1999999999999,905.2000000000002,379.0
2019-07-20,253.70000000000002,442.79999999999995,832.1999999999999,277.0
2019-07-21,313.29999999999995,471.00000000000006,951.1999999999998,249.0
2019-07-22,351.1,472.5,1010.7000000000002,326.0
2019-07-23,521.8000000000001,1081.2,1881.1499999999999,618.5
2019-07-24,352.09999999999997,880.3,1420.2999999999995,505.0
2019-07-25,635.3000000000002,1376.9,2350.8,678.0
2019-07-26,485.8,847.3999999999999,1592.4999999999998,570.0
2019-07-27,430.09999999999997,825.1,1484.4999999999998,418.0
2019-07-28,327.2,597.3999999999999,1099.1,348.0
2019-07-29,267.49999999999994,711.0,1121.1000000000001,353.0
2019-07-30,153.10000000000002,457.59999999999997,692.3,540.0
2019-07-31,376.79999999999995,528.1999999999999,1106.0,337.0
2019-08-01,548.3,987.8,1828.3999999999996,434.0
2019-08-02,541.1,1021.5999999999999,1851.2000000000003,612.0
2019-08-03,457.19999999999993,1045.3,1746.3000000000004,514.0
2019-08-04,259.49999999999994,736.0,1134.2,452.0
2019-08-05,282.5,519.1,952.1,395.0
2019-08-06,228.99999999999994,360.99999999999994,711.8999999999999,414.0
2019-08-07,411.0000000000001,527.4000000000001,1157.5,359.0
2019-08-08,380.00000000000006,663.5000000000001,1246.3999999999999,317.0
2019-08-09,96.39999999999998,297.9,446.1000000000001,512.0
2019-08-10,62.99999999999999,156.1,252.9,645.0
2019-08-11,86.30000000000001,244.7,377.19999999999993,494.0
2019-08-12,537.6999999999999,903.4,1727.9,441.0
2019-08-13,510.7000000000001,780.7,1563.8000000000004,286.0
2019-08-14,210.10000000000002,511.09999999999997,833.6999999999999,363.0
2019-08-15,421.50000000000006,629.6999999999999,1276.2,380.0
2019-08-16,200.7,435.6,743.2000000000002,376.0
2019-08-17,336.6,403.6000000000001,920.5999999999999,438.0
2019-08-18,305.5,452.20000000000005,920.4000000000001,377.0
2019-08-19,452.9,547.4,1241.8999999999999,366.0
2019-08-20,531.4,975.2000000000002,1789.9,396.0
2019-08-21,329.59999999999997,760.6999999999999,1266.2,414.0
2019-08-22,386.90000000000003,792.6,1386.0999999999997,393.0
2019-08-23,574.3999999999999,1200.6,2081.2999999999997,440.0
2019-08-24,770.8000000000002,1719.7000000000003,2901.4000000000005,996.0
2019-08-25,472.5999999999999,1688.5999999999997,2413.0,1185.0
2019-08-26,389.99999999999994,1403.5000000000002,2002.1000000000001,680.0
2019-08-27,518.1,1498.9000000000003,2293.1,742.0
2019-08-28,342.80000000000007,737.0000000000003,1262.6000000000001,267.0
2019-08-29,401.00000000000006,714.3,1329.4999999999995,299.0
2019-08-30,205.70000000000005,522.9999999999999,838.3999999999999,391.0
2019-08-31,358.4,768.7999999999998,1318.1000000000001,403.0
2019-09-01,383.80000000000007,703.6,1291.5999999999997,296.0
2019-09-02,525.8499999999999,837.3000000000001,1643.3499999999997,366.0
2019-09-03,451.3,677.0999999999998,1368.8,317.0
2019-09-04,338.6999999999999,517.7,1037.3999999999999,367.0
2019-09-05,597.1,883.8,1799.8999999999999,365.0
2019-09-06,568.0,811.3,1682.1,391.0
2019-09-07,444.80000000000007,726.1,1407.5999999999997,389.0
2019-09-08,526.5,1011.1999999999999,1818.1000000000001,409.0
2019-09-09,241.4,938.9,1309.3999999999999,370.0
2019-09-10,1027.2000000000003,1140.2,2715.3999999999996,464.0
2019-09-11,543.3,553.5,1386.8,322.0
2019-09-12,549.8,549.8000000000002,1393.2,377.0
2019-09-13,789.1999999999998,1120.9,2330.8,478.0
2019-09-14,681.6,1344.3000000000002,2389.5,514.0
2019-09-15,613.4,1165.7999999999997,2106.4,431.0
2019-09-16,1002.0999999999999,1015.6000000000001,2552.3,551.0
2019-09-17,1147.0,1302.5,3061.2999999999997,478.0
2019-09-18,1194.6000000000001,1491.6,3323.2000000000007,608.0
2019-09-19,1201.0,1505.6,3347.4,588.5
2019-09-20,1010.3,1493.1999999999998,3042.2000000000003,768.0
2019-09-21,789.4000000000001,1698.3,2909.1,795.0
2019-09-22,185.5,863.1,1147.3000000000002,518.0
2019-09-23,280.8999999999999,634.5999999999999,1065.4,443.0
2019-09-24,194.4,635.8000000000001,933.8999999999999,460.0
2019-09-25,414.2,637.2,1272.2000000000003,306.0
2019-09-26,243.80000000000004,542.0,915.3000000000001,435.0
2019-09-27,286.79999999999995,554.8000000000001,994.8,452.0
2019-09-28,334.8999999999999,583.7,1096.5,342.0
2019-09-29,121.4,468.4,654.4000000000001,344.0
2019-09-30,355.9999999999999,804.8,1350.6,334.0
2019-10-01,402.14999999999986,914.8000000000002,1531.3,423.5
2019-10-02,1046.9,1248.9500000000003,2854.4000000000005,386.78181818181815
2019-10-03,1058.1000000000001,1033.3999999999999,2656.5,381.38181818181823
2019-10-04,901.0000000000001,1007.5999999999999,2388.5,444.83636363636367
2019-10-05,834.3000000000002,1169.6999999999998,2449.0,549.0
2019-10-06,264.0,567.5000000000001,971.7,488.99999999999994
2019-10-07,663.1999999999999,755.9000000000001,1772.8999999999999,392.0
2019-10-08,651.0000000000001,644.2,1642.3,491.0
2019-10-09,626.4999999999999,706.9,1666.9000000000003,277.0
2019-10-10,576.5999999999998,604.2999999999998,1489.0999999999997,396.0
2019-10-11,333.90000000000003,501.5,1012.9999999999998,352.0
2019-10-12,487.4000000000001,1052.8000000000002,1800.3999999999999,252.0
2019-10-13,361.20000000000005,750.1,1304.2000000000003,327.5
2019-10-14,1106.8999999999999,1247.6000000000004,2945.3000000000006,503.0
2019-10-15,599.6,893.8000000000001,1813.3000000000002,284.0
2019-10-16,617.8,1057.8,2005.6000000000001,347.0
2019-10-17,381.2999999999999,964.4000000000001,1549.0,306.0
2019-10-18,314.00000000000006,607.1999999999999,1088.5,337.0
2019-10-19,618.2,999.7999999999998,1947.8000000000004,295.0
2019-10-20,667.0000000000001,891.9,1914.8999999999999,429.0
2019-10-21,674.6,966.6999999999999,2001.1999999999998,416.0
2019-10-22,1072.9,1238.8999999999999,2884.2999999999997,438.0
2019-10-23,2200.5,1535.5999999999997,4909.6,772.0
2019-10-24,1505.2,1212.4999999999998,3520.4,636.0
2019-10-25,260.2999999999999,596.1,995.7999999999998,368.0
2019-10-26,277.7,500.1000000000001,925.9999999999999,385.0
2019-10-27,1185.7,1271.9,3089.7,416.0
2019-10-28,1875.3999999999999,1383.1000000000001,4258.900000000001,754.0
2019-10-29,821.0000000000001,1377.05,2635.95,380.0
2019-10-30,1021.6000000000001,1447.3999999999999,3014.1000000000004,596.0
2019-10-31,1400.3,1345.7,3492.7,843.0
2019-11-01,472.9,834.9,1560.1999999999998,404.0
2019-11-02,358.9000000000001,434.20000000000005,984.2000000000002,330.0
2019-11-03,568.4,921.4,1793.3,351.0
2019-11-04,902.0,1157.9000000000003,2540.9,343.0
2019-11-05,1262.6,1253.7,3189.8000000000006,538.0
2019-11-06,721.7000000000002,1071.4,2177.3,502.0
2019-11-07,770.9999999999999,1050.1000000000001,2232.3,274.0
2019-11-08,1742.1000000000001,1360.8000000000002,4032.1999999999994,435.0
2019-11-09,1009.8,1143.3000000000002,2691.4000000000005,406.0
2019-11-10,1107.1000000000001,1114.5,2812.0999999999995,477.0
2019-11-11,745.9,958.0999999999999,2101.7,303.0
2019-11-12,883.6999999999999,1003.2999999999997,2358.1,240.0
2019-11-13,833.3,1102.2,2380.2,325.0
2019-11-14,865.4000000000001,1344.3,2671.1,272.0
2019-11-15,862.0000000000002,1085.8,2407.2,408.0
2019-11-16,1211.1,1249.7,3106.499999999999,483.0
2019-11-17,2425.6,1378.2,5097.4000000000015,751.0
2019-11-18,1157.2,1280.5000000000005,3055.2000000000003,441.0
2019-11-19,2369.2000000000003,1557.6000000000001,5190.299999999998,635.0
2019-11-20,744.1999999999999,1178.8,2319.7000000000003,433.0
2019-11-21,1173.4000000000003,1139.5,2938.3,654.0
2019-11-22,502.79999999999995,983.1000000000001,1754.5000000000002,312.0
2019-11-23,933.2,1141.8000000000002,2572.5,465.0
2019-11-24,1162.3999999999999,903.9000000000002,2686.2000000000003,482.0
2019-11-25,299.0999999999999,809.9,1268.4999999999998,245.0
2019-11-26,255.70000000000002,836.1999999999999,1228.3000000000002,281.0
2019-11-27,775.8,1227.7,2417.1000000000004,301.0
2019-11-28,1104.6999999999998,1103.3999999999999,2797.4999999999995,347.0
2019-11-29,2437.5,1633.4000000000003,5370.7,738.0
2019-11-30,2104.7999999999997,1651.4999999999995,4878.400000000001,568.0
2019-12-01,480.70000000000005,884.9,1622.2,331.0
2019-12-02,2210.3999999999996,1714.6,5103.800000000001,606.0
2019-12-03,1429.5000000000002,1672.5000000000005,3864.5999999999995,451.0
2019-12-04,3518.0,1729.6000000000001,7123.8,651.0
2019-12-05,1526.3999999999996,1188.5000000000002,3528.7000000000003,502.0
2019-12-06,415.09999999999997,697.5,1333.8999999999996,180.0
2019-12-07,431.4000000000001,745.3000000000001,1406.7000000000003,257.0
2019-12-08,234.5,415.09999999999997,774.6999999999999,313.0
2019-12-09,988.0500000000001,1253.0000000000002,2768.1999999999994,428.0
2019-12-10,429.5999999999999,886.4000000000001,1545.0999999999997,310.0
2019-12-11,957.4000000000001,1291.3000000000002,2759.6999999999994,222.0
2019-12-12,660.6000000000001,1255.3,2268.2999999999993,198.0
2019-12-13,762.9,1018.4,2188.2000000000003,296.0
2019-12-14,625.8000000000001,919.9,1879.6999999999998,360.0
2019-12-15,466.2,666.4000000000002,1381.5000000000002,278.0
2019-12-16,552.4,1229.8000000000002,2076.7999999999997,257.0
2019-12-17,1308.2,1694.3999999999996,3700.2999999999997,309.0
2019-12-18,882.8000000000001,1368.9,2722.6999999999994,343.0
2019-12-19,372.4,862.3999999999999,1433.5,393.0
2019-12-20,765.1999999999998,1204.1999999999998,2377.8,174.0
2019-12-21,269.3,727.0,1139.8000000000002,220.0
2019-12-22,769.5999999999999,934.2,2113.5,266.0
2019-12-23,829.5999999999998,994.0999999999998,2266.1000000000004,326.0
2019-12-24,656.8999999999999,847.3000000000001,1854.5000000000002,330.0
2019-12-25,990.5,1047.1000000000001,2565.7000000000003,452.0
2019-12-26,491.99999999999994,789.2,1543.8,313.0
2019-12-27,1128.7,1026.6,2757.3,472.0
2019-12-28,621.8000000000003,784.0,1737.8999999999999,439.0
2019-12-29,333.40000000000003,663.4,1174.2999999999997,461.0
2019-12-30,1007.0999999999998,987.4999999999999,2530.6,600.0
2019-12-31,1083.8999999999999,1071.8999999999999,2734.0,791.0
2020-01-01,950.0000000000001,1089.7999999999997,2546.6000000000004,856.0
2020-01-02,193.1,493.40000000000003,789.8999999999999,270.0
2020-01-03,482.29999999999995,893.0,1632.3000000000002,361.0
2020-01-04,529.0,1032.2,1843.0,374.0
2020-01-05,337.9,752.0999999999998,1270.4,220.0
2020-01-06,244.79999999999998,559.8,935.5,315.0
2020-01-07,229.59999999999997,559.7,911.8,409.0
2020-01-08,499.0,908.5,1673.6999999999996,594.0
2020-01-09,216.79999999999998,458.00000000000006,789.5999999999999,291.0
2020-01-10,519.6,1040.0,1836.8,312.0
2020-01-11,115.3,305.5,482.70000000000005,367.0
2020-01-12,245.79999999999995,460.29999999999995,837.7999999999998,235.0
2020-01-13,176.1,413.6999999999999,683.8,265.0
2020-01-14,144.8,319.5,541.9,240.0
2020-01-15,292.3,649.8000000000001,1098.2,241.0
2020-01-16,235.59999999999997,640.6,1001.8,352.0
2020-01-17,346.69999999999993,702.8,1234.3,221.0
2020-01-18,981.2,1341.8999999999999,2846.2000000000003,609.0
2020-01-19,1521.2,1558.8000000000002,3891.3999999999996,614.0
2020-01-20,2387.4,1837.0000000000002,5497.8,862.0
2020-01-21,3027.8,1980.0999999999995,6622.500000000002,845.0
2020-01-22,2923.9,1755.6000000000001,6239.099999999999,874.0
2020-01-23,1681.9454545454544,1521.8,4100.509090909091,628.8260869565217
2020-01-24,1153.804545454545,1351.0,3120.44090909091,444.17391304347825
2020-01-25,258.7,655.6999999999998,1052.1,625.0
2020-01-26,125.9,441.6,635.4000000000001,476.0
2020-01-27,268.09999999999997,745.3999999999999,1156.6,226.0
2020-01-28,378.5,765.2,1345.8000000000002,211.0
2020-01-29,351.3,770.9999999999999,1309.7,376.5
2020-01-30,250.0,639.0999999999999,1022.0,214.0
2020-01-31,197.80000000000004,479.20000000000005,782.5999999999999,96.0
2020-02-01,250.70000000000002,492.9,877.3000000000001,359.0
2020-02-02,193.1,480.6000000000001,776.7,396.0
2020-02-03,393.3,747.1,1350.3999999999999,428.0
2020-02-04,606.6999999999999,1022.8,1953.4,502.0
2020-02-05,1637.3000000000002,1562.2,4072.699999999999,747.0
2020-02-06,1673.3000000000002,1607.6,4173.5,667.0
2020-02-07,1074.0,1216.3999999999999,2863.3999999999987,747.0
2020-02-08,430.4,722.0999999999998,1381.9,401.0
2020-02-09,73.89999999999999,170.70000000000005,284.5,299.0
2020-02-10,393.7000000000001,524.9,1128.6,272.0
2020-02-11,612.0,749.4999999999999,1688.0999999999997,349.0
2020-02-12,693.3,1042.8999999999999,2105.9,334.0
2020-02-13,466.6,948.9000000000001,1663.9000000000003,280.0
2020-02-14,627.9999999999999,895.4000000000002,1858.2,431.0
2020-02-15,144.4,271.90000000000003,493.19999999999993,208.0
2020-02-16,150.1,318.90000000000003,549.4,132.0
2020-02-17,271.70000000000005,486.9999999999999,903.4,349.0
2020-02-18,281.00000000000006,569.0,1000.5000000000001,256.0
2020-02-19,312.70000000000005,720.9999999999999,1200.6000000000001,326.0
2020-02-20,475.2,704.9,1433.0,186.0
2020-02-21,595.6999999999999,684.5999999999999,1598.1000000000001,433.0
2020-02-22,444.6,566.5,1249.1000000000001,413.0
2020-02-23,360.6,655.2999999999998,1208.5000000000002,259.0
2020-02-24,396.6000000000001,624.0999999999999,1232.0,176.0
2020-02-25,714.7000000000002,895.6,1991.4999999999998,252.0
2020-02-26,748.3,1098.6000000000001,2246.2999999999997,391.5
2020-02-27,779.8000000000001,1269.4,2465.2999999999997,546.0
2020-02-28,322.1,818.1999999999999,1311.7000000000003,261.0
2020-02-29,389.80000000000007,514.9,1112.5000000000002,416.0
2020-03-01,536.1999999999999,685.1,1507.5000000000002,262.0
2020-03-02,878.9000000000001,1212.0,2559.7,344.0
2020-03-03,1148.3,1405.6000000000004,3165.9999999999995,419.0
2020-03-04,775.1000000000001,1417.1000000000001,2605.600000000001,397.0
2020-03-05,759.6000000000001,1061.3999999999999,2225.7000000000003,381.0
2020-03-06,1516.1000000000001,1634.9,3959.5999999999995,652.0
2020-03-07,728.0999999999999,951.8,2068.3,478.0
2020-03-08,557.4000000000001,642.6999999999999,1497.6000000000001,214.0
2020-03-09,809.6000000000001,902.85,2144.5,315.5
2020-03-10,541.1,551.5999999999999,1380.9000000000003,125.0
2020-03-11,446.8,658.6,1344.0,173.0
2020-03-12,492.0,599.0999999999999,1353.6000000000001,290.0
2020-03-13,676.4999999999999,996.1,2033.2999999999997,328.0
2020-03-14,301.6000000000001,803.1,1265.3999999999999,228.0
2020-03-15,291.5,652.9999999999999,1099.8,234.0
2020-03-16,892.8000000000001,1259.1,2628.6999999999994,625.0
2020-03-17,451.79999999999995,743.6,1436.3000000000002,350.0
2020-03-18,668.5,804.6,1829.3000000000002,338.0
2020-03-19,795.9000000000001,1022.3,2242.8000000000006,439.0
2020-03-20,480.49999999999994,730.3999999999999,1467.15,412.0
2020-03-21,407.8,723.5000000000002,1348.8000000000002,443.0
2020-03-22,284.09999999999997,643.1999999999999,1078.8999999999999,435.0
2020-03-23,769.0,1330.2,2509.6,544.0
2020-03-24,291.29999999999995,967.0,1413.7,439.0
2020-03-25,1184.9,1590.5,3407.8000000000006,712.0
2020-03-26,508.59999999999997,1162.3000000000002,1942.4,907.0
2020-03-27,322.6,733.0,1227.2000000000003,912.0
2020-03-28,185.59999999999994,428.0999999999999,713.0000000000001,631.0
2020-03-29,152.89999999999998,299.79999999999995,534.4,428.0
2020-03-30,397.00000000000006,688.2,1297.2000000000003,387.0
2020-03-31,397.69999999999993,883.7999999999998,1493.5000000000002,462.0
2020-04-01,693.0000000000001,1115.1,2177.9999999999995,421.0
2020-04-02,285.5,758.9,1197.0999999999997,260.0
2020-04-03,360.6,953.0000000000001,1506.8,387.0
2020-04-04,304.50000000000006,927.1000000000001,1394.4,357.0
2020-04-05,155.39999999999998,795.2,1033.7,314.0
2020-04-06,250.5,735.4000000000001,1120.0000000000002,275.0
2020-04-07,702.8000000000002,1415.3,2493.4,701.0
2020-04-08,591.3,1566.0000000000002,2472.7999999999997,1304.0
2020-04-09,626.1999999999999,1393.2,2353.5999999999995,1351.0
2020-04-10,378.0,1199.5,1779.2000000000003,1054.0
2020-04-11,568.9000000000001,1320.1,2192.1,736.0
2020-04-12,181.70000000000002,848.3,1126.8,581.0
2020-04-13,175.9,344.49999999999994,614.0999999999998,460.0
2020-04-14,419.5,895.2000000000002,1539.1,460.0
2020-04-15,411.79999999999995,1215.1,1846.4999999999995,733.0
2020-04-16,590.6999999999999,1506.4,2412.4,1294.0
2020-04-17,272.8,653.7999999999998,1072.4,585.0
2020-04-18,434.7,924.2,1590.8999999999999,689.0
2020-04-19,249.30000000000004,675.8,1057.8999999999999,547.0
2020-04-20,256.95,628.5,1022.8499999999999,730.0
2020-04-21,218.4,633.5999999999999,968.0000000000001,808.0
2020-04-22,316.90000000000003,870.4999999999999,1356.5,818.0
2020-04-23,421.3,1174.5,1820.3000000000002,847.0
2020-04-24,417.90000000000003,1278.1,1919.0000000000002,866.0
2020-04-25,261.09999999999997,786.7,1187.5000000000002,498.0
2020-04-26,166.00000000000006,663.4000000000001,917.4000000000002,434.0
2020-04-27,239.70000000000002,821.1000000000001,1188.7,593.0
2020-04-28,361.59999999999997,725.3000000000002,1279.8999999999999,240.0
2020-04-29,188.79999999999998,449.1,738.4,288.0
2020-04-30,231.9,380.0999999999999,735.6999999999999,219.0
2020-05-01,285.29999999999995,490.0999999999999,927.9999999999999,264.0
2020-05-02,197.59999999999994,554.2,856.7999999999997,265.0
2020-05-03,232.6,784.3999999999999,1141.1000000000001,364.0
2020-05-04,335.40000000000003,834.1999999999999,1348.8000000000004,440.0
2020-05-05,243.6,538.9,912.1,417.0
2020-05-06,407.49999999999994,998.8000000000002,1623.9,587.0
2020-05-07,354.9000000000001,952.8000000000001,1496.6999999999998,637.0
2020-05-08,197.8,1087.4999999999998,1390.9999999999998,520.0
2020-05-09,330.9999999999999,1178.4999999999998,1686.1000000000001,800.0
2020-05-10,153.0,415.2,649.5,730.0
2020-05-11,261.5,304.5,705.6,476.0
2020-05-12,420.7,763.4000000000001,1407.9999999999998,385.0
2020-05-13,323.9000000000001,491.4,987.9999999999999,364.0
2020-05-14,441.7000000000001,727.4999999999999,1404.2,332.0
2020-05-15,543.4,962.3999999999999,1795.8999999999994,458.0
2020-05-16,362.8,793.0999999999998,1349.0,394.0
2020-05-17,275.70000000000005,568.4,991.4000000000001,302.0
2020-05-18,273.0,527.3,945.9,321.0
2020-05-19,295.54999999999995,565.6500000000001,1019.5,309.5
2020-05-20,290.20000000000005,512.9000000000001,957.8000000000001,282.0
2020-05-21,284.20000000000005,706.4,1142.4999999999998,400.0
2020-05-22,208.10000000000005,364.09999999999997,683.3000000000002,541.0
2020-05-23,238.99999999999997,300.20000000000005,666.5999999999999,471.0
2020-05-24,251.80000000000004,470.8,857.1,461.0
2020-05-25,257.3,610.1,1004.6999999999999,441.0
2020-05-26,423.40000000000003,922.6999999999998,1572.2,481.0
2020-05-27,545.4,1156.7,1992.8999999999999,547.5
2020-05-28,424.90000000000003,717.3,1369.0,496.0
2020-05-29,493.6,935.0,1691.7000000000003,611.0
2020-05-30,413.40000000000003,841.9000000000002,1475.5000000000002,592.0
2020-05-31,256.4,558.0,950.6999999999999,581.0
2020-06-01,454.2,991.5999999999999,1687.7000000000003,774.0
2020-06-02,426.40000000000003,976.6999999999999,1630.5,518.0
2020-06-03,556.6999999999999,960.1000000000003,1813.1999999999998,617.0
2020-06-04,369.00000000000006,555.4999999999999,1121.3999999999999,310.0
2020-06-05,350.00000000000006,520.1,1056.5000000000002,313.0
2020-06-06,411.70000000000005,465.0,1096.2,212.0
2020-06-07,381.50000000000006,517.5,1102.8,298.0
2020-06-08,566.6,725.2,1594.3,455.0
2020-06-09,558.1999999999999,1010.5,1866.5999999999997,510.0
2020-06-10,259.3,596.3,994.0,388.0
2020-06-11,424.9,725.5,1377.1999999999998,539.0
2020-06-12,509.3,949.5999999999999,1730.9,744.0
2020-06-13,359.69999999999993,874.9,1426.5999999999997,379.0
2020-06-14,162.49999999999997,528.5,777.2000000000002,351.0
2020-06-15,313.6000000000001,769.4999999999999,1250.6,297.0
2020-06-16,206.9,637.4,954.45,279.5
2020-06-17,587.1,1173.1,2073.7999999999997,475.0
2020-06-18,261.7,693.8000000000001,1095.2,302.0
2020-06-19,214.10000000000002,437.1,764.8000000000001,336.0
2020-06-20,142.89999999999998,358.5,577.6000000000001,266.0
2020-06-21,184.5,369.40000000000003,652.1,295.0
2020-06-22,266.3999999999999,454.29999999999995,863.1000000000003,450.0
2020-06-23,225.94999999999996,762.0499999999998,1108.6499999999999,528.0
2020-06-24,579.1999999999999,1796.5000000000002,2684.2999999999997,790.0
2020-06-25,488.4999999999999,1939.7,2688.7000000000007,802.0
2020-06-26,196.19999999999993,831.3,1131.9,568.0
2020-06-27,163.5,261.3,511.8999999999999,310.0
2020-06-28,286.70000000000005,295.6,735.1,253.0
2020-06-29,328.9,362.8,867.4000000000001,293.0
2020-06-30,492.09999999999997,495.4999999999999,1249.9000000000003,206.0
2020-07-01,508.7,514.8999999999999,1294.3,186.0
2020-07-02,520.9773195876288,541.7288659793815,1339.0742268041233,275.6896551724138
2020-07-03,521.0597938144331,541.6329896907216,1337.9134020618555,377.3103448275862
2020-07-04,488.4000000000001,468.0,1214.3999999999999,224.0
2020-07-05,455.74020618556693,394.3670103092784,1090.8865979381444,326.0
2020-07-06,424.2226804123711,450.0711340206185,1099.2257731958762,345.0
2020-07-07,362.59999999999997,572.6,1128.1999999999998,342.0
2020-07-08,665.2,397.40000000000003,1417.4000000000003,336.0
2020-07-09,486.29999999999995,243.2,989.0,253.0
2020-07-10,525.5,618.1,1424.0000000000002,282.0
2020-07-11,560.6,777.6,1637.1000000000001,348.0
2020-07-12,413.59999999999997,785.6,1419.6999999999998,397.0
2020-07-13,373.40000000000003,698.4,1270.4,284.0
2020-07-14,599.0999999999999,771.9000000000002,1690.6,349.0
2020-07-15,470.3,686.35,1407.4999999999998,258.0
2020-07-16,555.2,740.7,1592.0,291.0
2020-07-17,596.6,874.9000000000001,1789.6,417.0
2020-07-18,397.0,575.0000000000001,1183.6,331.0
2020-07-19,386.00000000000006,604.4,1195.8999999999999,288.0
2020-07-20,693.1999999999999,909.7000000000002,1972.4000000000003,405.0
2020-07-21,674.0000000000001,1049.3000000000002,2083.0,429.0
2020-07-22,286.8999999999999,741.3,1181.2000000000003,371.0
2020-07-23,341.1,679.2,1202.6000000000001,348.0
2020-07-24,474.8,543.0999999999999,1271.2,269.0
2020-07-25,368.40000000000003,329.7,893.9000000000001,216.0
2020-07-26,422.00000000000006,305.5,952.6999999999999,314.0
2020-07-27,243.8,248.89999999999998,622.5999999999999,387.0
2020-07-28,421.3,496.8,1142.9999999999998,292.0
2020-07-29,533.9999999999999,806.1,1624.7,281.0
2020-07-30,429.90000000000003,978.3000000000001,1637.8,319.0
2020-07-31,460.0000000000001,1198.6999999999998,1904.0000000000005,703.0
2020-08-01,353.9,404.6000000000001,947.4999999999999,325.0
2020-08-02,373.8,418.9,992.3999999999999,229.5
2020-08-03,506.49999999999994,720.0999999999999,1496.9999999999998,321.0
2020-08-04,318.19999999999993,528.2,1016.1999999999999,288.0
2020-08-05,241.29999999999998,290.3,660.3999999999999,239.0
2020-08-06,319.29999999999995,569.3,1058.6999999999998,274.0
2020-08-07,589.4999999999999,1641.5,2544.9000000000005,672.0
2020-08-08,387.30000000000007,1437.6,2031.2999999999995,879.0
2020-08-09,181.10000000000002,750.9,1028.8999999999999,812.0
2020-08-10,378.19999999999993,1444.5000000000002,2024.5000000000002,1064.0
2020-08-11,469.50000000000006,2110.3000000000006,2830.399999999999,1451.0
2020-08-12,306.70000000000005,1848.5000000000005,2318.9,1519.0
2020-08-13,477.90000000000003,1218.2,1950.9,1018.0
2020-08-14,834.3000000000001,1116.9,2396.2000000000007,727.0
2020-08-15,507.9,901.7000000000002,1680.3999999999999,936.0
2020-08-16,307.1,903.3000000000001,1374.3999999999996,852.0
2020-08-17,211.79999999999995,666.3000000000002,991.1,311.0
2020-08-18,225.99999999999997,391.79999999999995,738.4,267.0
2020-08-19,217.60000000000002,446.6000000000001,780.5,359.0
2020-08-20,189.6,478.40000000000003,769.5,587.0
2020-08-21,131.6,207.00000000000003,409.1,503.0
2020-08-22,230.4,345.2,698.5,334.5
2020-08-23,309.70000000000005,439.79999999999995,914.8000000000001,256.0
2020-08-24,350.40000000000003,627.6999999999999,1165.4,275.5
2020-08-25,141.70000000000002,229.1,446.5000000000001,348.0
2020-08-26,421.3,669.5,1315.4999999999998,260.0
2020-08-27,470.4,760.5,1481.9999999999998,388.0
2020-08-28,810.4,887.0,2129.6,323.0
2020-08-29,380.0,530.4,1113.1,416.0
2020-08-30,306.7,505.1,975.7000000000002,368.0
2020-08-31,665.2,1134.0000000000002,2153.7000000000003,365.99999999999994
2020-09-01,1113.4000000000003,1443.9,3151.000000000001,487.5
2020-09-02,349.3999999999999,978.0999999999999,1513.7999999999997,363.0
2020-09-03,400.2,529.6,1142.9,335.0
2020-09-04,823.6000000000001,930.9,2193.9000000000005,348.0
2020-09-05,607.5,877.7999999999998,1808.7,391.0
2020-09-06,576.5,844.3,1728.1,339.0
2020-09-07,754.0,817.4,1973.3,272.0
2020-09-08,670.8000000000001,738.3000000000001,1767.1000000000001,300.0
2020-09-09,656.6999999999998,791.25,1798.1499999999999,397.5
2020-09-10,1063.2,1502.7,3132.7999999999997,487.0
2020-09-11,793.4,1137.6000000000001,2353.8000000000006,398.0
2020-09-12,593.8000000000001,813.7000000000002,1724.6000000000001,263.0
2020-09-13,345.29999999999995,711.2,1240.3000000000002,294.0
2020-09-14,1242.4000000000003,1949.6,3854.7,963.0
2020-09-15,962.4,2303.3999999999996,3779.3999999999996,1417.0
2020-09-16,648.5999999999999,1640.7,2635.5,878.0
2020-09-17,602.1000000000001,1019.4,1942.6,604.5
2020-09-18,732.9,1178.6000000000001,2302.7,635.0
2020-09-19,309.4,846.8000000000001,1321.0999999999997,640.0
2020-09-20,326.20000000000005,991.8,1492.5000000000002,660.0
2020-09-21,1053.3000000000002,1784.1000000000001,3398.8999999999996,790.0
2020-09-22,532.9000000000001,1161.3999999999999,1978.2000000000003,537.0
2020-09-23,228.54999999999998,642.4,992.65,288.0
2020-09-24,371.1,804.5999999999998,1373.8,204.0
2020-09-25,463.5999999999999,768.7999999999998,1479.6000000000001,350.0
2020-09-26,396.79999999999995,579.9999999999998,1188.3999999999999,320.0
2020-09-27,302.29999999999995,479.8,943.4999999999998,326.0
2020-09-28,812.6999999999999,1186.3,2432.5000000000005,389.0
2020-09-29,763.9,1228.8000000000002,2400.9999999999995,498.0
2020-09-30,269.1,776.9,1189.2000000000003,336.0
2020-10-01,646.1999999999999,1020.3,2011.1999999999998,289.0
2020-10-02,737.3999999999999,1065.8,2196.2,323.0
2020-10-03,311.1999999999999,818.1999999999999,1295.6999999999996,329.0
2020-10-04,359.09999999999997,578.4000000000001,1129.0,99.0
2020-10-05,636.7,774.8,1750.9,283.0
2020-10-06,585.1,716.4,1613.4,251.5
2020-10-07,661.0,898.3000000000001,1911.8999999999999,271.0
2020-10-08,684.6000000000001,865.3000000000001,1915.5000000000002,348.0
2020-10-09,1002.0,1211.0000000000002,2747.8999999999996,336.0
2020-10-10,641.0999999999997,967.2000000000003,1950.6,259.0
2020-10-11,555.1,935.8000000000001,1787.1000000000001,307.0
2020-10-12,743.1,1071.9,2211.2999999999997,280.0
2020-10-13,1055.1999999999998,1124.3000000000002,2742.4000000000005,316.0
2020-10-14,712.5999999999999,999.7999999999998,2092.2,454.0
2020-10-15,811.2,1030.2999999999997,2274.0,411.0
2020-10-16,1138.3999999999999,1406.1999999999998,3151.9999999999995,491.0
2020-10-17,638.5,1123.2,2102.8999999999996,388.0
2020-10-18,745.7,1342.6000000000001,2485.2,527.0
2020-10-19,271.30000000000007,926.9,1343.1000000000001,380.0
2020-10-20,211.30000000000004,764.7999999999998,1088.8,489.0
2020-10-21,683.1,945.4,1992.7,328.0
2020-10-22,449.6499999999999,908.0,1597.6500000000003,321.0
2020-10-23,489.79999999999995,944.4000000000001,1695.6999999999996,271.0
2020-10-24,132.99999999999997,448.70000000000005,652.6999999999999,229.0
2020-10-25,208.20000000000002,671.3000000000002,990.6,176.0
2020-10-26,620.5,847.7,1799.0,268.0
2020-10-27,492.0999999999999,828.0,1582.6999999999998,235.0
2020-10-28,458.2,668.9000000000001,1371.9999999999998,259.0
2020-10-29,409.70000000000005,610.0,1238.3,259.0
2020-10-30,334.2999999999999,572.4000000000001,1084.7,234.0
2020-10-31,260.1,530.8000000000001,929.7000000000002,337.0
2020-11-01,182.8,338.5,618.5,367.0
2020-11-02,359.0,465.4,1015.9000000000001,274.0
2020-11-03,570.4499999999999,963.8999999999997,1838.6000000000004,317.0
2020-11-04,2231.2999999999997,1599.1000000000001,5020.200000000001,712.0
2020-11-05,2647.3,1491.0,5549.9,1498.0
2020-11-06,2348.5999999999995,1608.0,5209.000000000001,1445.0
2020-11-07,1762.8,1279.9,3982.9,1156.0
2020-11-08,801.8999999999999,921.4999999999999,2151.3,914.0
2020-11-09,609.8,956.8000000000002,1891.9,437.0
2020-11-10,426.7000000000001,1041.3,1695.5,407.0
2020-11-11,230.4,757.8999999999999,1111.2,404.0
2020-11-12,400.7000000000001,802.2,1416.3999999999996,685.0
2020-11-13,345.29999999999995,1079.8999999999999,1609.1999999999998,369.0
2020-11-14,114.2,449.1,624.1,380.0
2020-11-15,231.4,394.09999999999997,748.3,231.0
2020-11-16,458.20000000000016,657.8,1360.6,251.0
2020-11-17,290.9,523.5999999999999,969.0999999999999,275.0
2020-11-18,292.5999999999999,517.7,966.6,351.0
2020-11-19,751.8,1067.7,2220.3999999999996,339.0
2020-11-20,773.6000000000001,1092.8000000000002,2278.8,314.0
2020-11-21,541.3000000000001,658.7,1489.0000000000002,236.0
2020-11-22,553.2,1067.4,1915.8,326.0
2020-11-23,986.9000000000001,1212.1999999999994,2725.099999999999,478.0
2020-11-24,210.6,765.9999999999999,1088.8999999999999,337.0
2020-11-25,566.5000000000001,1021.7999999999998,1890.6000000000001,529.0
2020-11-26,2023.5999999999997,1626.3000000000002,4729.099999999999,996.0
2020-11-27,2669.3,1560.5,5653.8,1023.0
2020-11-28,1180.7999999999997,1368.5000000000002,3178.6,1033.0
2020-11-29,680.5,1305.6999999999998,2349.0999999999995,793.0
2020-11-30,904.0999999999999,896.8999999999999,2283.2,510.0
2020-12-01,815.9,1067.8999999999999,2318.7,471.5
2020-12-02,1321.2999999999997,1394.5,3420.4,571.0
2020-12-03,660.5999999999999,1368.3,2380.6,219.0
2020-12-04,547.7,1082.0000000000002,1921.5,299.0
2020-12-05,601.1,1129.1999999999998,2050.7,400.0
2020-12-06,837.9,1152.4,2436.7000000000003,460.0
2020-12-07,1756.9000000000003,1578.6000000000001,4272.4,634.0
2020-12-08,1368.1,1413.5999999999997,3511.2999999999997,567.0
2020-12-09,588.1999999999998,1139.8000000000002,2041.8,404.0
2020-12-10,326.90000000000003,757.4999999999999,1258.1999999999998,419.0
2020-12-11,684.2,1397.1000000000001,2445.6,361.0
2020-12-12,444.3,1028.0000000000002,1709.3000000000002,464.0
2020-12-13,177.7,792.9,1065.1000000000001,200.0
2020-12-14,153.20000000000002,619.1,853.7500000000001,375.5
2020-12-15,293.64827586206894,1014.3551724137932,1464.6344827586208,405.0
2020-12-16,370.65172413793107,1347.1448275862067,1914.5655172413794,294.0
2020-12-17,133.99999999999997,638.3,843.7,282.0
2020-12-18,155.1,548.2999999999998,786.0,239.0
2020-12-19,82.69999999999999,523.5000000000001,650.6999999999998,262.0
2020-12-20,107.6,520.5000000000001,685.1999999999998,192.0
2020-12-21,122.50000000000003,506.4999999999999,694.8000000000001,155.0
2020-12-22,862.5,1106.2,2428.7,339.0
2020-12-23,203.79999999999998,809.3,1121.4,203.0
2020-12-24,362.0,549.6,1104.8000000000002,253.5
2020-12-25,369.3999999999999,817.4999999999999,1383.5,406.5
2020-12-26,409.2,669.1999999999999,1296.9,178.0
2020-12-27,357.7,800.8000000000001,1349.6,215.0
2020-12-28,512.5000000000001,1100.1,1885.6999999999998,333.0
2020-12-29,541.5,1029.7000000000003,1860.0000000000002,415.0
2020-12-30,1043.5,1288.2,2888.0999999999995,459.0
2020-12-31,1047.3999999999999,1325.5,2932.0,544.0
2021-01-01,757.7,999.5,2161.4,597.0
2021-01-02,771.5,1056.1,2239.0,331.0
2021-01-03,399.3999999999999,649.1999999999999,1261.5,244.0
2021-01-04,293.70000000000005,481.4,931.7000000000002,213.0
2021-01-05,448.20000000000005,646.3,1333.7000000000003,244.0
2021-01-06,587.4999999999999,797.0000000000001,1697.9,280.0
2021-01-07,916.5,1237.2,2642.5,521.0
2021-01-08,1112.1,1246.5,2951.899999999999,562.0
2021-01-09,1418.8999999999999,1387.6999999999998,3562.9999999999995,604.0
2021-01-10,620.5,1006.4999999999999,1957.8999999999999,420.0
2021-01-11,497.6500000000001,757.3499999999999,1520.45,215.0
2021-01-12,832.3000000000001,1187.0,2463.2999999999997,321.0
2021-01-13,856.7999999999998,1273.4999999999998,2587.3999999999996,377.0
2021-01-14,675.0999999999997,1137.5,2172.6000000000004,160.0
2021-01-15,1426.6,1330.8999999999999,3518.5,584.0
2021-01-16,477.7,1069.6000000000001,1802.1999999999998,338.0
2021-01-17,379.40000000000003,812.3,1394.3999999999999,401.0
2021-01-18,423.1000000000001,811.5999999999999,1460.3,294.0
2021-01-19,90.90000000000002,271.0999999999999,410.7,137.0
2021-01-20,76.2,300.7,417.3,205.0
2021-01-21,266.59999999999997,636.7,1045.5,261.5
2021-01-22,678.3999999999997,1118.8,2159.4,283.0
2021-01-23,659.0,1215.8,2226.2000000000003,342.0
2021-01-24,478.3,1209.9,1943.2000000000003,299.0
2021-01-25,785.8999999999999,1306.9,2512.0999999999995,347.0
2021-01-26,740.9999999999998,1129.6000000000001,2265.7999999999993,270.0
2021-01-27,594.9,1092.7,2004.8999999999999,292.0
2021-01-28,206.20000000000005,620.0000000000001,936.8000000000002,212.0
2021-01-29,311.29999999999995,726.4,1203.9999999999998,301.0
2021-01-30,337.59999999999997,742.9999999999999,1260.6000000000001,222.0
2021-01-31,458.59999999999997,858.3,1561.2999999999997,380.0
2021-02-01,845.5,1099.5000000000002,2395.7,515.0
2021-02-02,259.5,592.0,989.5999999999999,390.0
2021-02-03,388.80000000000007,999.7000000000002,1595.1,382.0
2021-02-04,319.2,1035.1999999999998,1524.7,289.0
2021-02-05,277.9,980.6,1406.0999999999997,252.0
2021-02-06,521.0999999999999,965.3000000000001,1764.1999999999998,344.0
2021-02-07,111.79999999999998,270.7999999999999,441.7999999999999,349.0
2021-02-08,285.9,572.9999999999999,1012.0000000000001,263.0
2021-02-09,551.3,1024.2,1869.2999999999997,294.0
2021-02-10,441.4,858.8,1535.9999999999998,582.0
2021-02-11,708.2000000000002,1302.8999999999996,2388.6,749.0
2021-02-12,583.5500000000001,1061.3,1956.6499999999996,1143.0
2021-02-13,215.39999999999998,690.5,1020.2,681.0
2021-02-14,158.30000000000004,718.5999999999999,960.9,514.0
2021-02-15,284.1,873.1,1308.8000000000002,313.0
2021-02-16,164.0,553.3999999999999,805.3000000000001,311.0
2021-02-17,115.1,391.8,567.9000000000001,312.0
2021-02-18,202.79999999999998,678.1999999999998,988.6000000000003,259.0
2021-02-19,205.4,798.8000000000002,1114.2,382.0
2021-02-20,170.60000000000002,725.8000000000002,987.3000000000002,787.0
2021-02-21,197.69999999999996,780.7,1083.6,602.0
2021-02-22,438.8,1066.8,1739.5000000000005,555.0
2021-02-23,165.9,584.9,839.1,296.0
2021-02-24,160.10000000000005,558.9,804.5999999999999,432.0
2021-02-25,486.5,1175.3000000000002,1920.9999999999998,478.0
2021-02-26,1386.6000000000001,1645.8,3771.6000000000004,769.0
2021-02-27,1127.5,1597.6,3326.5999999999995,935.0
2021-02-28,335.19999999999993,932.0999999999999,1446.2,629.0
2021-03-01,670.75,1094.25,2122.6499999999996,908.0
2021-03-02,1305.1,1304.0,3305.2999999999997,1281.0
2021-03-03,1514.7,1451.5,3774.0,1124.0
2021-03-04,564.6,985.5000000000001,1851.1,533.0
2021-03-05,502.79999999999995,888.5,1658.8000000000002,521.0
2021-03-06,494.2,1140.6000000000001,1898.1,443.0
2021-03-07,686.3,1296.8,2348.9999999999995,691.0
2021-03-08,1020.5999999999999,1647.3,3211.9,912.0
2021-03-09,640.6999999999999,1134.3,2115.9,607.1600000000001
2021-03-10,138.2,389.7,601.5,540.9600000000002
2021-03-11,261.40000000000003,414.5,815.2,393.87999999999994
2021-03-12,261.80000000000007,511.0,912.7000000000002,310.0
2021-03-13,311.40000000000003,529.1,1006.6999999999998,252.0
2021-03-14,248.8,551.0,932.4000000000001,289.0
2021-03-15,607.4,1088.3000000000002,2019.7999999999997,505.0
2021-03-16,516.1,889.8000000000002,1680.6,494.0
2021-03-17,696.1,968.8,2036.3999999999999,702.0
2021-03-18,728.9,1033.0,2150.7,574.0
2021-03-19,538.0000000000001,1030.1000000000001,1855.5,367.0
2021-03-20,636.0,1168.7,2144.2000000000003,495.0
2021-03-21,374.5,758.0,1332.8,381.0
2021-03-22,645.3,1393.8999999999999,2383.1,621.0
2021-03-23,445.6,1020.9000000000001,1704.2,569.0
2021-03-24,255.49999999999994,851.8,1243.9000000000003,615.0
2021-03-25,201.49999999999997,629.9,939.0,305.0
2021-03-26,250.79999999999998,529.2,913.3000000000001,266.0
2021-03-27,252.9,501.3000000000001,889.1999999999998,347.0
2021-03-28,162.0,385.70000000000005,634.0999999999999,371.0
2021-03-29,264.50000000000006,798.7000000000002,1204.1999999999998,461.0
2021-03-30,1131.7,1825.7,3560.9999999999995,730.0
2021-03-31,1705.3,1927.0,4542.1,1006.2252747252747
2021-04-01,614.5000000000001,912.5000000000001,1855.1999999999998,1326.1318681318678
2021-04-02,211.60000000000002,397.0999999999999,721.6999999999999,1177.3846153846157
2021-04-03,227.19999999999996,439.09999999999997,787.4999999999999,1028.6373626373622
2021-04-04,254.09999999999997,706.6,1096.4999999999998,879.89010989011
2021-04-05,202.7,446.40000000000003,757.0,731.1428571428571
2021-04-06,519.9000000000001,827.6999999999999,1624.7000000000003,582.3956043956042
2021-04-07,538.0999999999999,971.6999999999999,1796.4,433.64835164835154
2021-04-08,359.1500000000001,823.9,1374.55,333.043956043956
2021-04-09,519.6,990.7999999999998,1787.3000000000002,369.0
2021-04-10,361.70000000000005,837.5,1392.5000000000002,407.0
2021-04-11,324.8,782.6999999999999,1280.6,338.0
2021-04-12,862.7000000000002,1482.2,2804.6,407.0
2021-04-13,652.1999999999999,1451.1000000000001,2451.1000000000004,507.0
2021-04-14,827.0999999999999,1452.3000000000002,2720.4000000000005,577.0
2021-04-15,635.4999999999998,1200.6999999999998,2175.4000000000005,480.0
2021-04-16,750.6,1449.3999999999999,2600.0,559.0
2021-04-17,591.6999999999998,1252.9,2160.6000000000004,460.0
2021-04-18,391.6999999999999,1211.7999999999997,1812.7,461.0
2021-04-19,680.1000000000001,1440.1500000000005,2482.55,879.0
2021-04-20,943.8,1931.0999999999997,3378.7999999999993,1241.0
2021-04-21,733.3999999999999,1546.8,2671.3,1157.0
2021-04-22,597.1,1148.6999999999998,2064.7,684.0
2021-04-23,739.7,1378.3,2512.099999999999,646.0
2021-04-24,397.99999999999994,1050.3,1660.9999999999998,608.0
2021-04-25,211.5,488.19999999999993,811.9999999999999,454.0
2021-04-26,432.4,874.8999999999999,1538.2,527.0
2021-04-27,632.4999999999999,1474.7999999999997,2444.3999999999996,737.0
2021-04-28,538.9000000000003,1170.1999999999998,1996.7999999999997,843.0
2021-04-29,609.5,992.5999999999999,1926.9999999999998,572.0
2021-04-30,588.5,1281.4,2183.4,563.0
2021-05-01,469.05,1102.0,1821.0500000000002,620.0
2021-05-02,303.59999999999997,1080.3,1546.3999999999999,559.0
2021-05-03,183.39999999999995,441.1000000000001,722.4000000000001,344.0
2021-05-04,224.6,424.0,767.7999999999998,282.0
2021-05-05,395.15000000000003,753.65,1359.3999999999996,227.5
2021-05-06,488.79999999999995,872.3,1621.7000000000003,388.0
2021-05-07,336.59999999999997,779.7000000000002,1295.5999999999997,376.0
2021-05-08,144.70000000000002,369.8,591.5000000000002,315.0
2021-05-09,131.10000000000002,354.5,555.6,253.0
2021-05-10,146.89999999999998,413.29999999999995,638.9000000000001,307.0
2021-05-11,310.80000000000007,708.6999999999998,1185.8999999999999,349.0
2021-05-12,212.19999999999996,640.2000000000002,965.8000000000002,390.0
2021-05-13,696.6999999999999,1217.9999999999998,2286.5,468.0
2021-05-14,537.0999999999999,1032.4,1855.8000000000002,493.0
2021-05-15,372.69999999999993,871.5999999999999,1443.4000000000003,317.0
2021-05-16,149.4,537.0,766.6999999999999,257.0
2021-05-17,433.19999999999993,881.0,1544.6999999999998,296.0
2021-05-18,250.5,662.1999999999999,1046.2,281.0
2021-05-19,486.5,1032.4999999999998,1778.8999999999996,330.0
2021-05-20,190.8,571.6999999999999,864.3000000000001,378.0
2021-05-21,78.5,232.89999999999998,352.90000000000003,353.0
2021-05-22,233.90000000000003,679.9000000000001,1038.7000000000003,242.0
2021-05-23,78.70000000000002,366.09999999999997,487.4,217.0
2021-05-24,202.2,661.1999999999999,971.0999999999999,230.0
2021-05-25,255.39999999999998,639.6,1031.0000000000002,269.0
2021-05-26,479.9,984.1999999999999,1720.1,367.0
2021-05-27,639.8,1390.6,2371.9,496.0
2021-05-28,581.5000000000001,1479.4,2371.2,581.0
2021-05-29,420.4,1215.8,1860.4,563.0
2021-05-30,290.7,856.9999999999999,1302.9,544.0
2021-05-31,306.2,1030.7,1500.2999999999997,648.5
2021-06-01,487.9000000000001,1440.65,2188.4500000000003,827.0
2021-06-02,489.00000000000006,1679.6,2429.4999999999995,826.0
2021-06-03,123.10000000000001,627.1999999999999,816.2,632.0
2021-06-04,647.9000000000001,934.0999999999999,1927.6000000000004,506.0
2021-06-05,276.40000000000003,763.1999999999997,1186.9,477.0
2021-06-06,108.80000000000001,537.8000000000001,704.4,275.0
2021-06-07,152.20000000000002,582.3,815.4000000000001,289.0
2021-06-08,177.99999999999994,527.1999999999999,799.4999999999999,305.0
2021-06-09,154.1,519.0,755.0000000000001,280.0
2021-06-10,170.7,318.79999999999995,580.8,268.0
2021-06-11,197.4,368.70000000000005,671.6,465.0
2021-06-12,289.99999999999994,686.8999999999999,1131.5,397.0
2021-06-13,159.30000000000004,737.6,981.45,513.5
2021-06-14,220.8,750.8,1089.85,468.0
2021-06-15,448.5,975.1,1662.7999999999997,582.1459854014597
2021-06-16,189.10000000000002,830.9,1120.3999999999999,572.1459854014599
2021-06-17,522.4999999999999,824.6999999999999,1626.0999999999997,488.0583941605839
2021-06-18,484.7,700.1999999999999,1442.6999999999996,403.9708029197081
2021-06-19,433.3,696.1999999999999,1360.9000000000003,319.8832116788322
2021-06-20,308.09999999999997,491.99999999999994,965.1,235.7956204379562
2021-06-21,335.29999999999995,481.09999999999997,995.2000000000002,353.0
2021-06-22,391.29999999999995,513.3,1113.0999999999997,469.0
2021-06-23,651.1999999999999,1002.0999999999999,2000.5000000000002,500.0
2021-06-24,342.1,777.0000000000001,1301.3,497.0
2021-06-25,304.4,589.4000000000001,1056.0,316.0
2021-06-26,428.09999999999997,807.6,1464.1000000000001,493.0
2021-06-27,192.2,570.3,865.4000000000001,860.0
2021-06-28,551.4,847.1999999999999,1692.1999999999998,671.0
2021-06-29,555.5,661.0,1512.2999999999997,580.0
2021-06-30,7.6,14.6,26.3,14.0
