MeasurementDateGMT, Nitric Oxide (ug/m3), Nitrogen Dioxide (ug/m3), Oxides of Nitrogen (ug/m3), Ozone (ug/m3), PM10 Particulate (ug/m3), PM2.5 Particulate (ug/m3)
2018-01-01,385.25,814.75,1405.7,1035.7,339.5,103.1
2018-01-02,561.35,989.85,1850.45,709.1,507.0,159.1
2018-01-03,441.95,791.2,1468.95,1190.3,627.8,220.9
2018-01-04,582.2,1002.95,1895.72,934.8,426.9,145.1
2018-01-05,1053.7,1334.3,2949.75,674.2,472.4,197.1
2018-01-06,1937.05,1474.3,4444.4,374.9,691.1,415.0
2018-01-07,502.45,733.9,1504.1,951.4,353.8,80.9
2018-01-08,592.9,797.0,1706.15,426.6,555.4,303.7
2018-01-09,1246.25,1033.5,2944.15,95.95,917.2,646.0
2018-01-10,2254.75,1818.1,5275.3,334.9,777.3,407.8
2018-01-11,2948.72,1656.52,6177.88,62.4,879.1,650.5
2018-01-12,1192.2,1220.0,3047.75,214.9,745.5,542.1
2018-01-13,250.45,737.3,1121.3,561.2,701.7,512.5
2018-01-14,808.4,1120.9,2360.2,386.5,787.5,599.6
2018-01-15,692.05,854.3,1915.65,646.1,384.6,187.7
2018-01-16,658.65,1102.25,2112.1,1035.3,369.7,105.2
2018-01-17,708.25,1065.55,2151.9,979.7,532.3,132.6
2018-01-18,838.85,1149.8,2435.8,1000.0,417.0,114.9
2018-01-19,1047.35,1430.95,3036.62,683.8,557.2,171.2
2018-01-20,736.25,1434.65,2563.65,671.1,328.8,156.6
2018-01-21,772.25,1337.75,2521.75,356.1,458.5,314.2
2018-01-22,1352.75,1661.1,3735.2,546.9,577.7,221.5
2018-01-23,762.0,934.8,2103.25,699.45,382.8,149.2
2018-01-24,576.0,954.9,1838.25,930.0,315.9,92.9
2018-01-25,928.03,1200.75,2623.42,638.9,616.8,183.0
2018-01-26,2332.75,1822.8,5399.55,242.7,872.0,389.9
2018-01-27,696.35,1145.1,2213.3,458.9,570.0,299.7
2018-01-28,365.85,739.35,1300.5,1102.2,292.5,79.1
2018-01-29,990.2,1101.85,2620.1,929.8,379.3,117.4
2018-01-30,1884.5,1760.35,4650.0,244.9,836.9,317.1
2018-01-31,628.67,999.42,1963.28,1007.5,333.5,95.7
2018-02-01,1185.93,1292.8,3111.28,797.3,490.15,143.95
2018-02-02,1964.52,1569.93,4581.95,462.3,691.6,251.2
2018-02-03,1198.3,1661.55,3498.8,258.9,471.4,302.3
2018-02-04,619.6,922.35,1872.05,782.3,311.9,154.7
2018-02-05,1071.7,1112.85,2755.95,669.7,459.3,220.2
2018-02-06,1856.65,1542.78,4389.78,383.3,1038.1,487.2
2018-02-07,2504.6,1868.95,5709.15,286.7,1220.0,375.2
2018-02-08,1423.0,1707.75,3889.95,488.34,1001.0,310.7
2018-02-09,1205.8,1393.55,3242.35,730.56,563.5,154.7
2018-02-10,716.6,1297.55,2396.4,543.4,422.8,156.9
2018-02-11,541.15,927.25,1757.15,1125.3,333.0,94.0
2018-02-12,1250.97,1465.12,3383.08,636.3,576.4,124.2
2018-02-13,607.85,976.8,1908.75,769.3,395.3,146.4
2018-02-14,957.55,1159.3,2627.65,520.7,526.5,228.1
2018-02-15,1086.55,1427.3,3092.95,654.7,665.8,215.8
2018-02-16,1440.95,1656.25,3865.9,423.0,912.6,259.3
2018-02-17,1648.35,1711.7,4239.2,288.8,967.8,433.0
2018-02-18,977.3,1431.3,2929.7,391.9,788.8,394.6
2018-02-19,1927.0,1331.45,4285.95,293.5,639.2,394.7
2018-02-20,1399.0,1288.9,3433.85,466.7,476.8,218.9
2018-02-21,1473.68,1274.85,3534.9,550.3,1246.9,884.7
2018-02-22,862.1,1227.8,2550.15,761.9,836.5,565.2
2018-02-23,945.95,1313.45,2763.7,630.3,762.6,453.2
2018-02-24,398.5,973.3,1584.4,837.1,791.9,496.3
2018-02-25,368.45,768.6,1333.55,1214.4,452.8,204.4
2018-02-26,771.5,937.1,2120.05,1196.2,453.9,141.9
2018-02-27,1233.5,1383.4,3275.15,776.6,507.4,191.8
2018-02-28,884.0,1129.4,2484.75,874.2,584.2,406.3
2018-03-01,345.25,798.7,1328.05,1053.2,1011.1,659.7
2018-03-02,438.2,956.4,1628.45,699.9,1155.35,904.1
2018-03-03,456.1,1055.1,1754.45,348.6,1841.2,1548.7
2018-03-04,719.85,1212.95,2316.3,413.2,650.0,464.3
2018-03-05,490.5,1196.5,1948.85,723.7,534.5,220.5
2018-03-06,1153.05,1521.6,3289.55,550.1,645.0,276.9
2018-03-07,2194.95,1823.1,5188.55,408.3,768.4,379.1
2018-03-08,772.0,1114.45,2298.05,956.2,420.8,130.5
2018-03-09,1255.1,1397.75,3322.4,365.8,633.6,268.0
2018-03-10,594.9,1041.65,1953.75,474.5,627.5,304.6
2018-03-11,803.6,1307.18,2539.62,399.9,648.5,331.6
2018-03-12,1460.8,1279.15,3519.1,317.9,445.0,248.0
2018-03-13,1758.4,1574.0,4270.1,416.6,608.8,305.0
2018-03-14,403.55,982.05,1600.85,845.4,553.4,202.7
2018-03-15,620.1,1235.0,2185.6,601.0,491.8,217.5
2018-03-16,959.85,1289.6,2761.1,628.3,698.6,251.8
2018-03-17,586.85,670.25,1570.3,1007.2,457.7,279.5
2018-03-18,435.1,662.6,1329.65,1211.3,666.65,416.1
2018-03-19,732.15,907.85,2030.4,1275.3,601.6,262.1
2018-03-20,1180.25,1321.3,3131.12,857.4,727.4,213.1
2018-03-21,2052.0,1739.15,4885.45,508.0,965.1,389.95
2018-03-22,1088.65,1315.7,2984.85,833.1,735.1,284.4
2018-03-23,574.25,990.5,1870.85,1019.2,699.2,207.5
2018-03-24,719.1,974.8,2077.6,459.5,797.9,586.4
2018-03-25,1334.55,1436.0,3482.05,494.1,1128.0,671.3
2018-03-26,1607.3,1734.4,4199.05,550.3,769.9,287.7
2018-03-27,1120.5,1124.35,2830.5,732.55,578.95,198.6
2018-03-28,1633.15,1640.75,4144.75,634.3,470.4,216.55
2018-03-29,861.8,1350.65,2672.25,611.6,487.95,183.0
2018-03-30,350.3,1057.45,1594.3,796.3,344.6,171.6
2018-03-31,799.25,998.25,2223.85,663.4,411.4,216.3
2018-04-01,600.85,1059.85,1981.3,799.1,523.05,296.5
2018-04-02,246.25,811.05,1188.65,824.0,400.2,191.2
2018-04-03,546.65,970.4,1808.45,700.6,524.8,232.7
2018-04-04,426.05,825.45,1478.55,985.4,519.2,177.2
2018-04-05,886.85,1012.75,2372.8,936.5,441.3,139.3
2018-04-06,503.85,1006.75,1779.15,820.4,735.5,329.1
2018-04-07,862.05,1270.9,2592.45,448.9,920.2,526.2
2018-04-08,840.1,1268.4,2556.75,419.1,647.3,444.4
2018-04-09,751.05,1130.35,2281.8,518.7,711.1,534.0
2018-04-10,999.15,1134.75,2666.7,597.8,871.1,634.8
2018-04-11,1543.0,921.5,3287.1,282.5,1314.4,995.8
2018-04-12,1540.55,909.75,3272.15,349.9,1141.2,790.3
2018-04-13,1318.15,1343.42,3364.57,326.6,962.3,603.4
2018-04-14,650.85,1150.4,2148.0,577.7,1108.3,864.7
2018-04-15,386.5,1024.7,1617.3,583.5,824.6,617.7
2018-04-16,533.6,938.55,1756.65,1010.3,600.8,231.0
2018-04-17,425.1,935.85,1588.1,924.3,591.7,225.7
2018-04-18,723.3,1229.7,2338.55,646.4,788.65,415.2
2018-04-19,1307.4,1672.0,3676.5,778.9,1364.3,800.35
2018-04-20,1416.1,1609.3,3780.65,737.05,1248.8,654.5
2018-04-21,528.05,1304.15,2113.95,650.7,1223.2,874.8
2018-04-22,514.9,1078.15,1867.6,1028.5,973.1,622.6
2018-04-23,785.5,901.95,2106.6,1010.1,437.1,181.7
2018-04-24,671.25,774.6,1803.85,815.5,427.4,182.3
2018-04-25,857.3,937.45,2251.9,977.2,479.65,167.0
2018-04-26,834.4,953.15,2232.15,975.3,496.45,191.6
2018-04-27,552.7,1089.93,1937.1,642.5,474.9,211.85
2018-04-28,1108.6,1209.35,2909.05,567.0,503.7,276.5
2018-04-29,477.7,709.9,1442.3,1150.0,325.1,147.2
2018-04-30,1026.72,1251.02,2825.18,890.3,467.8,206.6
2018-05-01,884.45,1090.8,2447.0,993.2,554.05,255.65
2018-05-02,915.08,1114.42,2517.62,970.5,426.8,200.3
2018-05-03,1403.55,1373.75,3525.7,701.6,714.3,339.5
2018-05-04,1174.6,1363.2,3164.35,810.95,843.9,390.1
2018-05-05,758.05,1182.6,2344.75,1337.3,821.55,516.85
2018-05-06,480.6,1344.65,2081.5,1463.6,1012.5,763.7
2018-05-07,488.4,1488.15,2236.95,1595.6,1050.0,832.4
2018-05-08,1316.25,1578.0,3596.15,863.65,1273.35,876.3
2018-05-09,1047.1,1084.2,2689.75,856.5,671.8,314.3
2018-05-10,1128.3,1231.45,2961.05,979.0,613.3,261.6
2018-05-11,428.5,959.25,1616.25,1043.15,630.6,293.2
2018-05-12,772.6,1337.7,2522.35,710.3,633.6,346.3
2018-05-13,1146.9,1288.8,3047.25,650.4,697.4,433.1
2018-05-14,1068.7,1105.2,2743.65,953.5,604.1,263.3
2018-05-15,965.8,1384.45,2865.62,1096.7,771.0,350.6
2018-05-16,710.1,1015.6,2104.3,1017.9,716.8,276.6
2018-05-17,693.9,972.85,2036.65,1079.8,642.9,231.9
2018-05-18,790.85,1198.2,2410.9,910.8,589.9,243.0
2018-05-19,561.55,1136.85,1998.15,942.9,718.3,385.7
2018-05-20,294.3,933.1,1384.35,969.6,736.7,523.9
2018-05-21,730.65,1526.9,2647.5,983.1,948.0,629.4
2018-05-22,713.9,1238.2,2333.2,1171.6,976.2,516.1
2018-05-23,689.55,1109.47,2166.72,1253.45,872.9,456.9
2018-05-24,911.05,1443.15,2840.25,707.6,1017.4,595.8
2018-05-25,1062.25,1635.1,3263.85,640.0,972.4,691.9
2018-05-26,257.35,943.95,1338.25,1669.3,1199.8,1057.9
2018-05-27,265.65,1117.65,1525.15,1098.3,1020.22,771.17
2018-05-28,391.85,1068.75,1669.75,943.5,862.63,763.13
2018-05-29,635.85,1088.98,2063.93,1070.1,795.5,717.43
2018-05-30,579.0,1272.95,2160.95,742.3,720.6,671.73
2018-05-31,448.9,1211.4,1899.7,922.9,991.5,587.81
2018-06-01,610.0,1221.3,2156.65,649.1,840.5,407.6
2018-06-02,598.8,1198.9,2116.85,712.1,524.1,526.74
2018-06-03,379.7,988.3,1570.3,1014.9,483.6,621.78
2018-06-04,617.7,988.4,1935.8,1053.5,697.7,426.09
2018-06-05,632.9,956.15,1926.45,1103.8,825.8,303.62
2018-06-06,614.1,998.95,1940.4,1002.4,749.0,292.45
2018-06-07,669.45,946.3,1973.13,978.2,717.6,364.45
2018-06-08,804.65,989.57,2223.77,1017.3,641.7,284.65
2018-06-09,735.4,889.81,2017.96,1206.0,570.3,324.25
2018-06-10,732.51,805.46,1929.61,1145.4,505.4,353.25
2018-06-11,847.97,870.1,2171.45,967.0,425.6,95.75
2018-06-12,1008.35,1058.23,2604.88,788.6,555.4,258.75
2018-06-13,814.95,1188.8,2437.95,702.4,509.8,248.3
2018-06-14,909.45,1142.7,2536.75,666.8,575.9,250.5
2018-06-15,1166.9,1546.0,3335.0,697.2,600.5,265.1
2018-06-16,466.85,862.9,1578.95,873.7,435.3,188.5
2018-06-17,310.1,608.8,1084.0,859.3,321.5,170.7
2018-06-18,616.38,806.5,1751.7,691.0,426.15,364.83
2018-06-19,761.8,750.8,1918.4,378.9,363.2,299.3
2018-06-20,736.95,667.2,1797.4,302.8,390.9,228.31
2018-06-21,1039.7,1217.62,2811.75,751.0,542.8,168.36
2018-06-22,878.2,1107.35,2453.95,775.2,516.8,190.0
2018-06-23,733.8,1303.0,2428.2,853.7,525.15,221.6
2018-06-24,314.75,948.0,1430.55,1064.7,529.0,362.9
2018-06-25,760.18,1711.4,2877.22,1156.3,650.15,414.45
2018-06-26,395.48,1011.62,1618.18,902.3,525.5,354.2
2018-06-27,352.1,719.75,1259.35,1063.0,500.3,311.36
2018-06-28,581.6,934.2,1825.65,1175.4,650.7,318.91
2018-06-29,534.55,892.55,1712.4,1086.5,546.8,316.48
2018-06-30,300.7,736.75,1197.8,1510.5,487.7,314.05
2018-07-01,279.35,981.35,1409.6,1830.2,572.2,311.62
2018-07-02,427.85,1031.0,1687.1,1610.8,506.35,309.19
2018-07-03,261.5,728.6,1129.6,1483.9,458.3,306.75
2018-07-04,415.75,1015.7,1653.4,1061.3,541.1,304.32
2018-07-05,798.25,1734.25,2958.35,838.2,874.7,301.89
2018-07-06,894.8,1783.15,3155.4,995.7,913.9,299.46
2018-07-07,523.3,1510.4,2313.3,1082.8,932.2,297.02
2018-07-08,332.65,1061.5,1571.75,1242.3,536.8,294.59
2018-07-09,779.4,1378.2,2573.05,660.3,603.5,292.16
2018-07-10,887.7,921.25,2282.22,665.0,549.0,289.73
2018-07-11,861.85,1021.0,2342.55,777.6,586.3,287.3
2018-07-12,662.8,1075.3,2091.3,842.2,630.2,284.86
2018-07-13,441.9,956.45,1634.35,1033.8,517.4,282.43
2018-07-14,249.15,919.15,1301.45,1295.5,471.2,280.0
2018-07-15,431.95,1319.8,1982.15,1310.7,505.7,277.57
2018-07-16,806.77,1479.72,2716.52,987.6,553.7,275.13
2018-07-17,760.25,1022.6,2188.4,772.7,377.55,272.7
2018-07-18,778.02,1239.68,2432.88,639.4,450.9,270.27
2018-07-19,527.7,1212.75,2021.85,799.1,475.2,267.84
2018-07-20,491.9,1312.35,2066.55,787.3,521.45,265.4
2018-07-21,635.2,1679.1,2652.95,1068.3,729.4,262.97
2018-07-22,568.95,1408.3,2281.15,736.4,511.8,260.54
2018-07-23,570.75,1113.9,1989.2,733.7,528.9,258.11
2018-07-24,658.15,1136.5,2145.85,801.2,572.25,255.68
2018-07-25,694.55,1262.5,2327.7,828.0,598.21,253.24
2018-07-26,501.15,1377.35,2145.9,819.3,729.6,250.81
2018-07-27,793.0,1558.4,2774.35,717.2,647.59,248.38
2018-07-28,271.85,548.6,965.4,830.4,421.4,245.95
2018-07-29,187.0,377.8,664.95,646.4,275.7,243.51
2018-07-30,523.5,605.85,1408.3,334.6,366.0,241.08
2018-07-31,733.5,905.35,2030.5,542.3,459.0,238.65
2018-08-01,694.2,928.75,1993.1,682.75,480.8,236.22
2018-08-02,754.8,1170.8,2328.0,644.1,506.84,233.79
2018-08-03,808.35,1425.25,2664.4,705.8,590.65,231.35
2018-08-04,525.65,865.95,1672.25,725.7,522.17,228.92
2018-08-05,224.8,689.75,1034.8,992.5,428.6,226.49
2018-08-06,845.45,1602.5,2898.85,857.7,799.55,224.06
2018-08-07,696.28,1485.1,2552.73,949.5,683.6,221.62
2018-08-08,545.4,842.9,1678.75,792.8,449.1,219.19
2018-08-09,1450.1,1305.65,3529.05,303.9,598.8,225.0
2018-08-10,878.0,1042.95,2389.65,473.2,381.2,115.6
2018-08-11,578.45,959.0,1845.75,505.6,271.0,138.7
2018-08-12,299.15,632.85,1091.6,627.5,220.3,101.1
2018-08-13,1005.4,1045.7,2587.6,459.4,368.6,175.8
2018-08-14,1002.5,1240.4,2777.2,561.7,325.75,145.3
2018-08-15,552.5,819.55,1666.95,644.9,310.1,148.7
2018-08-16,829.5,876.5,2148.15,376.6,339.4,164.4
2018-08-17,920.95,1047.3,2459.35,453.0,355.2,174.4
2018-08-18,439.55,639.5,1313.4,608.3,309.1,155.1
2018-08-19,487.15,586.8,1333.45,506.8,268.3,145.1
2018-08-20,1039.2,1049.25,2642.75,317.25,341.3,175.8
2018-08-21,735.72,967.3,2095.0,447.9,322.9,161.6
2018-08-22,782.15,912.1,2111.45,353.8,361.5,201.2
2018-08-23,861.35,944.7,2265.95,467.6,331.6,145.8
2018-08-24,828.45,983.65,2253.8,590.9,302.1,106.6
2018-08-25,1170.8,1183.4,2978.5,499.4,328.4,168.7
2018-08-26,516.4,892.2,1684.2,428.1,256.9,159.6
2018-08-27,584.6,800.4,1697.05,611.8,185.1,99.0
2018-08-28,1024.8,1208.65,2780.05,378.3,312.8,191.1
2018-08-29,1598.05,1562.9,4013.05,279.0,498.9,291.3
2018-08-30,1265.6,1295.9,3236.3,436.4,469.4,237.9
2018-08-31,830.65,1152.0,2425.85,525.2,472.2,252.4
2018-09-01,664.38,1197.07,2215.7,697.3,500.8,334.0
2018-09-02,443.75,1142.1,1822.2,975.4,534.0,382.4
2018-09-03,1114.0,1751.75,3459.7,765.0,655.9,437.6
2018-09-04,812.15,1288.05,2533.33,803.1,617.6,363.0
2018-09-05,907.25,1212.95,2604.25,735.8,514.0,262.3
2018-09-06,1267.75,1373.55,3317.7,486.2,584.2,315.9
2018-09-07,1129.75,1300.1,3031.95,586.6,320.1,169.9
2018-09-08,497.15,929.0,1691.4,646.4,258.9,144.0
2018-09-09,433.65,841.35,1506.35,833.6,252.0,140.5
2018-09-10,600.85,862.55,1784.0,805.7,304.0,129.6
2018-09-11,532.4,628.55,1444.95,712.9,328.6,181.4
2018-09-12,1633.25,1397.05,3901.4,510.1,283.05,217.0
2018-09-13,2396.0,1755.0,5428.95,230.9,398.15,353.6
2018-09-14,827.6,1011.7,2281.1,479.7,467.04,139.7
2018-09-15,629.4,1017.55,1982.75,530.5,535.94,199.6
2018-09-16,371.35,800.35,1369.8,753.2,604.84,145.0
2018-09-17,501.0,1012.0,1780.25,757.5,673.74,197.6
2018-09-18,426.75,731.85,1386.35,833.3,742.63,159.5
2018-09-19,443.3,661.55,1341.15,737.1,811.53,203.0
2018-09-20,447.55,655.0,1341.15,755.2,880.43,205.8
2018-09-21,740.8,916.05,2051.5,799.3,949.33,108.65
2018-09-22,536.05,1005.65,1827.75,638.8,1018.23,117.3
2018-09-23,828.2,1144.8,2414.65,597.5,1087.12,157.7
2018-09-24,2577.9,1760.85,5713.55,305.1,1156.02,276.5
2018-09-25,2634.65,1772.85,5812.05,297.6,686.05,398.7
2018-09-26,1409.85,1870.25,4032.0,393.5,519.7,298.2
2018-09-27,1616.4,1994.9,4473.25,459.7,642.9,388.8
2018-09-28,955.7,1128.5,2593.8,619.4,368.3,168.0
2018-09-29,1728.35,1714.15,4364.25,302.5,569.3,335.8
2018-09-30,989.85,1411.2,2928.75,509.4,381.1,249.9
2018-10-01,1371.0,1348.6,3450.95,544.7,343.8,168.7
2018-10-02,983.16,1028.62,2536.23,624.7,272.2,124.6
2018-10-03,2170.86,1552.03,4881.12,273.5,394.3,249.7
2018-10-04,1185.4,1063.3,2881.0,172.7,441.6,303.3
2018-10-05,1687.35,1645.9,4233.25,216.1,699.7,483.8
2018-10-06,707.8,1168.0,2253.55,640.6,337.3,239.0
2018-10-07,908.1,1307.7,2700.6,500.0,305.3,176.6
2018-10-08,932.0,1241.35,2670.65,524.9,305.1,163.5
2018-10-09,1233.25,1492.2,3383.0,355.2,517.7,338.2
2018-10-10,1199.75,1590.7,3430.25,298.1,1132.8,911.1
2018-10-11,433.65,913.3,1578.35,610.1,370.7,268.7
2018-10-12,357.0,720.95,1268.4,791.5,321.9,157.8
2018-10-13,242.45,624.75,996.6,833.7,252.7,178.7
2018-10-14,436.4,997.55,1666.55,790.0,171.0,122.1
2018-10-15,1182.65,1167.75,2981.35,412.6,355.2,292.6
2018-10-16,832.39,818.23,2094.29,441.4,521.1,363.4
2018-10-17,1753.36,1359.92,4048.61,355.6,533.8,369.7
2018-10-18,1269.5,1290.5,3236.7,492.6,496.2,300.15
2018-10-19,3182.25,2024.15,6904.3,274.1,805.5,491.1
2018-10-20,3107.85,2010.8,6776.25,306.1,1008.2,731.3
2018-10-21,1095.42,1429.45,3108.82,403.8,556.25,418.0
2018-10-22,1662.8,1545.2,4095.0,498.5,489.2,240.6
2018-10-23,1646.3,1561.8,4085.8,348.7,504.2,259.4
2018-10-24,1855.4,1521.0,4365.7,359.7,642.0,329.4
2018-10-25,1819.9,1695.65,4486.3,475.9,624.3,346.5
2018-10-26,1345.6,1459.55,3522.75,621.0,336.0,175.3
2018-10-27,903.75,1107.8,2493.3,696.4,234.3,116.3
2018-10-28,599.75,916.0,1835.9,897.1,121.1,64.9
2018-10-29,1182.55,1261.7,3074.75,570.1,250.7,127.4
2018-10-30,1550.55,1291.8,3669.18,413.5,374.0,215.5
2018-10-31,1737.85,1467.9,4132.65,321.9,484.55,309.5
2018-11-01,2193.15,1571.75,4934.85,171.7,476.5,338.2
2018-11-02,3019.45,2128.0,6757.3,208.9,758.6,447.7
2018-11-03,539.05,1248.15,2074.6,568.1,406.6,281.8
2018-11-04,483.15,957.65,1698.7,552.7,514.2,412.9
2018-11-05,2479.45,1239.25,5040.8,210.6,1245.2,1058.3
2018-11-06,1203.2,1074.15,2919.0,345.6,691.5,513.7
2018-11-07,456.58,815.02,1515.05,567.3,234.0,120.2
2018-11-08,507.15,1050.25,1827.6,476.3,382.1,157.5
2018-11-09,649.2,950.75,1946.2,431.6,380.6,215.1
2018-11-10,402.1,1086.2,1702.55,530.2,281.5,173.7
2018-11-11,327.15,881.75,1383.3,568.5,200.2,139.8
2018-11-12,656.0,1081.85,2087.7,391.1,296.2,165.4
2018-11-13,960.62,1253.3,2726.23,516.5,394.6,175.3
2018-11-14,929.8,1170.9,2596.75,322.2,514.6,261.9
2018-11-15,1347.55,1096.6,3162.95,113.6,716.4,513.9
2018-11-16,787.95,796.4,2004.75,135.7,310.8,301.9
2018-11-17,717.0,1123.55,2222.9,145.2,575.9,516.1
2018-11-18,643.0,1185.4,2171.45,453.2,432.2,302.1
2018-11-19,629.25,913.95,1879.25,747.1,131.25,89.1
2018-11-20,900.85,1134.1,2515.3,400.3,291.6,257.0
2018-11-21,1297.6,1100.3,3089.65,134.2,566.8,541.6
2018-11-22,4035.5,1620.65,7808.25,80.75,1417.2,1116.9
2018-11-23,1636.55,1335.1,3844.5,74.6,948.8,821.2
2018-11-24,871.55,1260.8,2596.8,206.4,620.0,553.0
2018-11-25,731.7,1055.05,2176.7,308.6,456.1,404.5
2018-11-26,1891.8,1461.05,4361.7,183.1,541.3,319.9
2018-11-27,1508.4,1231.6,3544.36,138.5,453.7,353.4
2018-11-28,1332.59,1258.46,3301.88,413.0,323.4,156.1
2018-11-29,1164.8,1184.23,2970.04,555.1,281.8,156.1
2018-11-30,1251.45,1324.5,3243.3,460.0,408.6,182.4
2018-12-01,802.05,1280.27,2510.21,447.6,209.9,120.6
2018-12-02,577.86,1047.94,1933.87,602.4,117.25,82.6
2018-12-03,972.5,1328.15,2819.09,508.4,371.7,197.6
2018-12-04,2334.9,1778.3,5358.4,125.2,575.0,332.5
2018-12-05,790.6,1171.75,2383.9,364.1,285.5,205.3
2018-12-06,639.95,941.45,1922.6,641.0,249.0,160.5
2018-12-07,621.8,977.65,1931.1,777.0,189.1,106.6
2018-12-08,373.45,758.05,1330.75,1020.8,267.2,138.2
2018-12-09,548.17,893.85,1734.5,876.6,202.3,133.15
2018-12-10,1548.75,1611.75,3986.95,317.4,415.6,201.9
2018-12-11,2733.86,1722.79,5914.81,160.66,855.04,522.16
2018-12-12,529.06,1283.51,2094.94,423.24,636.86,505.2
2018-12-13,729.95,1112.4,2231.82,189.95,491.0,377.14
2018-12-14,1430.37,1329.85,3527.78,131.8,849.2,540.2
2018-12-15,196.3,734.5,1035.35,476.1,415.6,368.5
2018-12-16,455.25,1052.3,1750.35,593.4,295.6,145.4
2018-12-17,960.15,1277.8,2749.95,471.8,428.3,171.5
2018-12-18,273.7,838.6,1258.35,701.8,351.0,144.3
2018-12-19,693.7,1166.15,2229.55,483.1,276.7,147.2
2018-12-20,708.9,1111.9,2198.7,642.9,373.5,136.5
2018-12-21,508.1,952.85,1732.35,804.1,407.9,187.3
2018-12-22,642.05,1047.6,2032.15,752.8,358.6,166.8
2018-12-23,423.85,1035.55,1685.65,540.8,190.3,141.5
2018-12-24,2059.6,1479.1,4637.1,177.3,533.4,443.9
2018-12-25,2175.4,1410.3,4745.8,58.1,598.7,522.4
2018-12-26,687.3,1203.65,2257.15,141.9,460.9,375.7
2018-12-27,4365.75,1888.75,8582.95,51.5,1149.3,979.0
2018-12-28,2600.6,1813.75,5801.25,39.5,820.0,664.9
2018-12-29,776.55,1164.7,2355.15,432.8,339.6,255.6
2018-12-30,765.7,1100.8,2274.7,371.3,296.2,248.5
2018-12-31,753.75,1256.0,2411.8,672.8,317.5,186.6
2019-01-01,438.2,951.65,1623.5,845.15,263.1,181.3
2019-01-02,1006.05,1484.9,3027.55,543.15,399.0,188.8
2019-01-03,1381.75,1731.25,3849.8,318.2,451.4,287.3
2019-01-04,1858.9,1718.8,4569.15,155.65,916.8,636.6
2019-01-05,1116.5,1424.0,3135.9,406.5,596.7,466.2
2019-01-06,1214.95,1472.45,3335.25,227.6,590.2,396.7
2019-01-07,793.2,1217.6,2433.5,513.3,446.0,240.9
2019-01-08,1226.4,1323.05,3203.3,601.55,531.1,207.0
2019-01-09,1366.8,1453.85,3549.65,390.55,453.2,220.5
2019-01-10,2628.3,1785.4,5815.6,79.3,984.9,636.0
2019-01-11,2141.5,1737.75,5021.5,131.2,755.0,451.9
2019-01-12,649.25,1166.75,2162.05,577.2,261.3,141.7
2019-01-13,401.9,827.8,1444.25,857.55,229.8,125.9
2019-01-14,1100.6,1291.7,2979.05,651.3,415.1,180.5
2019-01-15,763.5,1171.1,2341.7,529.75,288.0,155.6
2019-01-16,746.08,1114.9,2258.57,599.5,216.65,157.9
2019-01-17,1420.2,1583.95,3761.6,444.5,457.3,209.9
2019-01-18,1173.9,1511.3,3311.45,237.25,630.1,286.6
2019-01-19,317.95,843.95,1331.9,500.05,416.8,284.7
2019-01-20,1733.8,1622.1,4280.6,174.25,817.75,663.1
2019-01-21,2974.7,1925.65,6486.65,174.85,1289.5,909.6
2019-01-22,1495.65,1685.9,3979.1,383.55,425.7,240.6
2019-01-23,2187.4,1832.45,5186.25,289.8,519.7,415.5
2019-01-24,2819.25,2098.55,6421.15,86.8,740.0,662.1
2019-01-25,1594.65,1615.8,4060.6,134.75,507.4,419.4
2019-01-26,349.5,953.05,1489.0,678.35,234.1,129.5
2019-01-27,371.25,734.15,1303.45,890.2,214.55,102.4
2019-01-28,1500.45,1567.15,3867.5,461.85,491.0,180.6
2019-01-29,1068.85,1529.1,3168.05,281.95,553.1,240.7
2019-01-30,2506.18,1916.25,5758.55,277.75,536.6,307.0
2019-01-31,2590.0,1714.3,5685.8,358.75,582.2,500.9
2019-02-01,787.25,1258.45,2465.25,620.8,284.3,254.0
2019-02-02,874.4,1270.4,2611.4,464.3,458.2,280.7
2019-02-03,800.25,1284.75,2512.3,345.7,412.6,226.0
2019-02-04,1021.0,1207.3,2772.6,379.7,279.8,201.0
2019-02-05,816.5,1180.55,2432.55,221.85,306.9,270.8
2019-02-06,869.05,1244.35,2576.6,280.95,368.3,193.6
2019-02-07,557.85,911.4,1766.5,753.1,253.5,108.9
2019-02-08,399.5,803.9,1416.15,639.8,241.8,134.9
2019-02-09,266.4,608.95,1017.9,940.55,262.8,119.6
2019-02-10,410.9,934.3,1564.3,669.3,93.9,66.5
2019-02-11,1678.05,1734.58,4307.65,323.85,473.6,213.4
2019-02-12,1140.1,1476.9,3224.95,298.2,572.8,255.4
2019-02-13,825.95,1208.15,2474.6,264.45,667.4,345.5
2019-02-14,2514.95,1662.05,5518.5,141.75,900.6,663.8
2019-02-15,2554.5,1812.7,5729.85,142.7,1182.6,835.1
2019-02-16,611.55,1175.05,2112.9,272.2,843.9,608.1
2019-02-17,425.95,1045.05,1698.0,364.1,757.1,520.3
2019-02-18,733.25,1156.05,2280.6,412.1,459.4,247.3
2019-02-19,754.0,1100.85,2257.0,568.9,486.9,207.0
2019-02-20,721.05,1029.95,2135.85,447.85,529.2,284.81
2019-02-21,702.55,1065.85,2143.35,494.55,602.1,423.44
2019-02-22,1106.1,1224.3,2920.3,231.8,775.1,596.55
2019-02-23,988.2,1178.85,2694.1,144.95,851.7,746.2
2019-02-24,1341.3,1447.45,3504.25,137.85,1038.6,979.8
2019-02-25,2376.75,1880.65,5524.85,133.9,1229.2,1037.7
2019-02-26,2913.8,2148.12,6615.28,106.2,1421.7,1109.6
2019-02-27,2876.55,2186.0,6596.4,146.9,1790.6,1239.1
2019-02-28,844.05,1381.9,2675.65,420.7,757.8,576.7
2019-03-01,1309.7,1426.3,3434.8,295.2,941.8,643.5
2019-03-02,331.95,790.7,1299.75,604.55,381.0,201.5
2019-03-03,174.45,551.1,818.5,859.75,212.3,93.5
2019-03-04,575.25,881.45,1763.5,773.55,202.0,105.7
2019-03-05,548.3,854.95,1696.05,686.2,259.1,132.3
2019-03-06,325.05,695.4,1193.4,641.0,330.2,185.3
2019-03-07,474.95,734.75,1462.95,805.9,172.8,89.6
2019-03-08,794.3,1058.15,2275.95,541.4,301.1,145.5
2019-03-09,356.0,784.3,1330.2,852.15,403.8,205.1
2019-03-10,314.05,743.3,1225.1,932.05,148.8,86.35
2019-03-11,734.7,914.9,2041.1,787.5,278.5,133.4
2019-03-12,451.6,854.65,1546.9,750.6,174.6,107.2
2019-03-13,550.73,789.05,1633.52,871.1,295.9,151.3
2019-03-14,501.6,831.65,1600.75,877.45,249.1,135.2
2019-03-15,457.95,715.4,1417.4,707.45,142.3,89.3
2019-03-16,178.05,440.3,713.45,1058.0,175.5,108.8
2019-03-17,426.3,800.9,1454.6,815.75,105.8,70.5
2019-03-18,1137.05,1419.2,3163.0,449.4,351.0,207.8
2019-03-19,886.1,1136.15,2495.0,351.95,408.5,298.5
2019-03-20,799.1,1094.45,2319.4,469.35,356.7,251.7
2019-03-21,971.35,1134.5,2623.85,292.15,450.3,311.6
2019-03-22,700.75,938.55,2013.2,394.65,416.7,345.9
2019-03-23,449.05,954.7,1643.2,565.25,460.9,315.3
2019-03-24,661.05,1131.5,2145.45,553.35,451.8,298.9
2019-03-25,886.98,1106.54,2466.44,858.7,385.9,210.2
2019-03-26,1225.38,1500.58,3379.51,828.08,663.5,401.4
2019-03-27,1371.04,1573.95,3676.39,624.56,549.4,341.0
2019-03-28,1209.01,1517.92,3371.87,421.04,635.8,443.0
2019-03-29,1065.29,1390.86,3024.06,339.32,1030.2,729.7
2019-03-30,1282.5,1430.6,3397.3,319.3,1263.4,1082.7
2019-03-31,218.55,489.35,824.45,1111.2,634.8,470.5
2019-04-01,395.0,756.2,1361.9,859.85,418.3,201.7
2019-04-02,917.7,1277.35,2684.6,326.4,647.2,483.3
2019-04-03,918.8,1300.45,2709.25,423.2,403.8,302.2
2019-04-04,259.0,717.35,1114.5,761.75,216.2,139.0
2019-04-05,173.85,672.65,939.2,971.7,357.0,248.2
2019-04-06,349.0,683.85,1218.9,864.85,351.2,279.65
2019-04-07,602.65,801.7,1725.85,359.5,1105.5,1001.9
2019-04-08,1260.8,1373.55,3306.75,261.5,1218.8,1042.4
2019-04-09,516.1,1037.85,1829.4,663.9,942.7,730.8
2019-04-10,435.3,771.35,1438.95,976.4,378.9,209.8
2019-04-11,387.15,803.2,1396.6,1003.65,367.5,225.1
2019-04-12,433.4,912.75,1577.35,941.7,306.2,257.2
2019-04-13,374.45,860.75,1435.1,934.25,316.0,257.1
2019-04-14,217.85,733.5,1067.5,1055.25,441.0,410.6
2019-04-15,307.95,925.45,1397.7,722.35,867.2,748.0
2019-04-16,841.0,1463.2,2752.8,294.35,1203.4,1005.8
2019-04-17,744.05,1235.8,2376.8,515.35,1351.1,1173.0
2019-04-18,489.4,1129.65,1879.9,696.15,1121.8,1037.7
2019-04-19,411.2,1265.05,1895.7,873.7,866.8,738.9
2019-04-20,337.45,1110.0,1627.5,1010.35,837.1,737.7
2019-04-21,253.15,1162.35,1550.35,1281.4,974.6,869.6
2019-04-22,187.5,1320.6,1607.9,1198.25,1324.9,1302.4
2019-04-23,471.75,1428.8,2151.8,600.05,890.8,702.1
2019-04-24,460.05,1128.6,1834.15,162.13,937.35,537.2
2019-04-25,227.0,668.5,1016.45,175.26,299.3,120.1
2019-04-26,377.1,785.0,1363.2,187.44,356.8,154.6
2019-04-27,349.75,609.9,1146.35,199.62,360.6,125.0
2019-04-28,495.2,786.25,1545.8,211.8,366.8,174.1
2019-04-29,583.75,1035.95,1931.1,223.98,535.0,368.3
2019-04-30,433.15,1043.55,1707.5,236.16,607.0,443.9
2019-05-01,772.85,1402.15,2586.8,248.34,653.6,463.1
2019-05-02,911.35,1215.35,2612.9,260.52,463.9,290.35
2019-05-03,937.55,1290.25,2727.85,272.7,449.6,285.4
2019-05-04,517.55,776.05,1569.7,284.88,387.8,171.1
2019-05-05,524.95,1010.4,1815.15,297.06,467.6,236.5
2019-05-06,447.9,915.6,1602.05,309.24,340.0,166.9
2019-05-07,413.35,890.95,1524.6,321.42,430.2,268.9
2019-05-08,417.52,980.88,1621.18,333.6,403.0,197.2
2019-05-09,1027.9,1319.9,2896.4,345.78,533.4,290.85
2019-05-10,680.3,1180.9,2224.15,357.96,485.0,297.0
2019-05-11,512.45,1041.9,1827.35,370.14,491.1,319.0
2019-05-12,335.1,791.5,1305.5,382.32,334.5,209.0
2019-05-13,309.2,785.5,1259.55,394.5,310.0,155.4
2019-05-14,292.8,689.45,1138.2,406.68,328.4,194.6
2019-05-15,334.55,840.1,1353.2,418.86,595.6,382.9
2019-05-16,364.8,811.2,1370.5,431.04,507.5,268.7
2019-05-17,651.45,909.45,1908.05,443.22,528.6,324.2
2019-05-18,505.25,1083.6,1858.15,455.4,593.5,411.7
2019-05-19,495.05,991.4,1750.6,467.58,624.2,530.6
2019-05-20,900.05,1326.1,2706.2,479.76,614.2,420.2
2019-05-21,778.85,1217.2,2411.5,491.94,475.8,258.9
2019-05-22,584.12,1139.38,2035.0,504.12,346.1,190.9
2019-05-23,487.55,1041.85,1789.4,516.3,353.6,211.6
2019-05-24,990.38,1307.8,2826.65,528.48,528.8,321.2
2019-05-25,627.0,954.35,1916.0,540.66,406.0,222.4
2019-05-26,399.5,584.4,1197.0,552.84,253.5,142.7
2019-05-27,342.6,648.4,1173.4,565.01,334.0,136.5
2019-05-28,668.65,843.45,1868.75,577.19,272.3,111.0
2019-05-29,405.25,752.95,1374.1,589.37,345.25,325.1
2019-05-30,558.15,644.4,1500.25,601.55,326.7,211.9
2019-05-31,579.15,670.8,1558.9,613.73,243.9,149.95
2019-06-01,335.6,724.5,1238.9,862.07,321.2,221.95
2019-06-02,243.75,592.7,966.15,1024.15,343.6,234.4
2019-06-03,457.8,727.35,1429.2,1057.4,397.7,184.8
2019-06-04,360.9,880.85,1434.35,698.85,436.8,240.7
2019-06-05,470.65,782.5,1504.2,830.3,358.3,177.4
2019-06-06,403.0,690.65,1308.75,982.65,331.0,140.35
2019-06-07,313.88,950.2,1431.9,778.7,421.5,198.3
2019-06-08,263.32,527.75,931.68,1054.7,261.4,134.6
2019-06-09,341.65,666.65,1190.5,887.25,316.4,165.0
2019-06-10,624.1,1119.15,2076.0,690.6,334.9,193.5
2019-06-11,489.35,780.55,1530.6,754.1,281.8,185.1
2019-06-12,784.05,1075.25,2277.3,627.3,336.4,208.7
2019-06-13,472.25,856.0,1580.1,672.8,316.8,224.3
2019-06-14,387.8,737.2,1332.0,752.6,332.1,178.2
2019-06-15,279.15,662.65,1090.8,892.85,257.8,175.3
2019-06-16,262.45,541.8,944.2,777.95,270.1,162.0
2019-06-17,380.55,657.25,1240.45,1010.15,284.5,184.1
2019-06-18,633.6,1091.6,2063.25,586.5,385.1,243.71
2019-06-19,945.2,1241.0,2690.48,450.2,565.45,369.02
2019-06-20,600.8,861.7,1782.9,678.0,341.5,207.62
2019-06-21,774.65,1005.85,2193.55,697.4,356.5,197.9
2019-06-22,183.25,593.55,874.65,1058.45,283.7,167.9
2019-06-23,148.65,616.95,845.05,1292.15,553.7,417.29
2019-06-24,556.3,1154.25,2007.2,514.25,648.8,365.36
2019-06-25,739.1,1083.95,2217.15,523.2,561.1,252.84
2019-06-26,435.35,610.2,1277.9,1051.6,322.7,140.32
2019-06-27,234.7,388.75,748.45,1133.55,300.1,198.0
2019-06-28,175.7,409.85,679.25,1012.25,404.3,212.31
2019-06-29,277.45,884.0,1309.45,1123.45,519.82,361.41
2019-06-30,325.2,599.45,1098.2,994.7,520.37,279.88
2019-07-01,706.05,776.05,1858.65,750.2,521.97,198.16
2019-07-02,671.05,828.5,1857.45,668.65,523.56,234.2
2019-07-03,431.75,759.85,1421.93,815.2,525.16,208.0
2019-07-04,563.9,1018.45,1883.1,717.7,526.76,235.2
2019-07-05,771.1,1381.95,2564.25,773.25,528.36,358.7
2019-07-06,615.0,805.3,1748.2,489.45,529.96,247.6
2019-07-07,147.6,481.8,708.1,730.7,531.56,189.9
2019-07-08,277.5,681.35,1106.8,858.55,533.16,195.8
2019-07-09,456.2,987.1,1687.05,732.0,534.76,236.6
2019-07-10,546.35,975.9,1813.7,776.4,536.36,408.5
2019-07-11,706.55,1068.9,2152.1,779.7,537.96,264.1
2019-07-12,736.45,911.75,2040.9,692.2,539.56,240.6
2019-07-13,472.2,699.2,1423.3,681.85,541.16,241.6
2019-07-14,302.85,560.55,1025.0,703.85,542.76,153.1
2019-07-15,557.0,724.25,1578.25,627.7,544.36,150.7
2019-07-16,513.25,1035.75,1822.5,879.15,545.95,262.8
2019-07-17,414.88,914.03,1550.0,1013.95,547.55,293.2
2019-07-18,604.0,851.6,1777.88,603.5,549.15,278.63
2019-07-19,481.4,755.75,1494.35,368.65,550.75,274.47
2019-07-20,422.45,636.9,1284.9,571.35,552.35,270.31
2019-07-21,303.4,524.8,989.8,595.35,553.95,266.15
2019-07-22,417.45,537.0,1176.95,505.65,555.55,261.99
2019-07-23,402.25,877.1,1494.0,1122.5,557.15,257.83
2019-07-24,566.05,1178.15,2046.35,846.25,558.75,253.68
2019-07-25,446.85,1398.75,2084.05,1043.9,560.35,249.52
2019-07-26,730.55,1080.75,2201.0,470.3,561.95,245.36
2019-07-27,583.35,868.9,1763.2,605.95,563.55,241.2
2019-07-28,424.0,713.9,1364.2,682.95,565.15,237.04
2019-07-29,383.95,722.3,1310.8,788.1,566.75,232.88
2019-07-30,209.9,540.75,862.65,815.75,568.34,228.72
2019-07-31,538.9,673.25,1499.6,676.5,569.94,224.56
2019-08-01,667.15,941.0,1964.1,712.85,571.54,220.4
2019-08-02,488.05,788.65,1536.75,841.35,573.14,216.24
2019-08-03,149.85,559.5,789.15,896.8,574.74,212.08
2019-08-04,199.75,661.25,967.65,814.8,576.34,207.92
2019-08-05,382.2,607.8,1194.0,699.7,577.94,203.76
2019-08-06,332.15,507.95,1017.2,690.65,579.54,199.6
2019-08-07,367.95,533.5,1097.85,737.35,581.14,195.44
2019-08-08,338.25,578.15,1096.95,655.25,582.74,191.28
2019-08-09,256.25,501.95,895.05,570.6,584.34,187.12
2019-08-10,137.4,324.8,535.7,876.9,585.94,182.96
2019-08-11,193.6,400.35,697.6,771.65,587.54,178.8
2019-08-12,632.55,853.85,1823.55,358.15,589.14,174.64
2019-08-13,516.45,765.25,1557.15,652.2,590.74,170.48
2019-08-14,405.95,775.97,1398.25,370.65,592.33,166.32
2019-08-15,556.7,704.85,1558.4,524.7,593.93,162.16
2019-08-16,494.6,704.05,1462.5,316.75,595.53,158.0
2019-08-17,317.75,490.45,977.65,537.6,597.13,153.84
2019-08-18,218.8,455.7,791.0,697.25,598.73,149.68
2019-08-19,413.15,567.8,1201.2,645.85,600.33,145.52
2019-08-20,593.5,928.65,1838.6,676.2,601.93,141.36
2019-08-21,433.35,840.6,1504.9,658.7,603.53,137.2
2019-08-22,409.1,736.65,1363.8,800.6,605.13,133.04
2019-08-23,520.25,974.35,1771.7,514.15,606.73,128.88
2019-08-24,369.55,1279.5,1846.1,764.95,608.33,124.72
2019-08-25,230.25,1241.9,1594.6,999.95,609.93,120.56
2019-08-26,358.85,1406.25,1956.45,746.75,611.53,116.4
2019-08-27,553.5,1618.1,2467.0,725.8,613.13,112.24
2019-08-28,435.2,785.05,1452.35,652.55,614.72,108.08
2019-08-29,468.85,694.4,1413.15,735.45,616.32,103.92
2019-08-30,389.7,685.45,1282.45,607.5,617.92,99.77
2019-08-31,463.2,765.5,1475.8,554.1,619.52,95.61
2019-09-01,430.6,675.9,1336.4,639.8,621.12,91.45
2019-09-02,529.95,826.1,1638.6,579.05,622.72,87.29
2019-09-03,459.1,723.4,1427.2,634.3,624.32,83.13
2019-09-04,546.95,656.5,1495.2,547.3,625.92,78.97
2019-09-05,834.85,957.3,2237.35,512.7,627.52,156.5
2019-09-06,650.85,878.15,1875.85,429.95,629.12,185.7
2019-09-07,536.05,733.45,1555.2,521.3,630.72,142.7
2019-09-08,489.0,885.4,1635.15,551.35,632.32,165.8
2019-09-09,393.8,940.0,1543.85,384.85,633.92,222.4
2019-09-10,1232.85,1217.35,3107.95,243.05,635.52,217.69
2019-09-11,447.78,595.88,1282.58,573.15,637.12,230.14
2019-09-12,513.65,627.1,1414.8,466.15,638.71,242.59
2019-09-13,622.75,758.75,1713.4,547.4,640.31,255.05
2019-09-14,709.15,1154.9,2242.2,383.55,641.91,265.05
2019-09-15,605.6,1054.85,1983.4,445.75,643.51,251.86
2019-09-16,989.5,844.85,2362.05,298.05,645.11,232.94
2019-09-17,813.5,934.9,2182.3,501.75,646.71,162.01
2019-09-18,793.35,1027.55,2243.7,467.9,648.31,180.07
2019-09-19,1031.7,1131.4,2713.2,442.35,649.91,264.12
2019-09-20,513.7,966.05,1754.05,605.35,651.51,173.88
2019-09-21,212.55,1020.85,1347.05,563.45,653.11,197.01
2019-09-22,254.6,880.1,1270.15,508.25,654.71,200.81
2019-09-23,348.25,603.7,1137.65,559.7,656.31,176.53
2019-09-24,398.9,741.5,1353.1,426.05,657.91,152.25
2019-09-25,544.3,672.85,1507.35,464.15,659.51,127.97
2019-09-26,461.7,714.7,1422.9,516.2,661.1,103.7
2019-09-27,419.75,611.85,1255.55,572.2,662.7,79.42
2019-09-28,248.6,493.75,875.0,775.7,664.3,55.14
2019-09-29,222.05,472.3,812.95,780.9,665.9,30.86
2019-09-30,569.85,744.8,1618.7,432.02,667.5,7.74
2019-10-01,656.95,854.7,1862.1,562.28,669.1,14.9
2019-10-02,1288.3,1106.55,3082.35,390.9,670.7,162.51
2019-10-03,1153.3,1025.15,2793.65,371.6,480.32,299.95
2019-10-04,1023.7,1009.8,2579.4,440.7,564.2,115.47
2019-10-05,286.0,758.65,1197.1,513.05,309.0,115.95
2019-10-06,359.85,650.15,1201.85,664.5,270.1,116.43
2019-10-07,775.1,892.05,2080.6,321.75,351.6,116.91
2019-10-08,548.25,710.3,1551.05,639.1,437.5,116.79
2019-10-09,490.13,686.78,1438.02,731.55,288.4,112.55
2019-10-10,492.1,665.65,1420.15,616.5,357.8,178.6
2019-10-11,321.4,680.75,1173.45,714.1,256.9,204.5
2019-10-12,475.9,1047.7,1777.85,537.6,225.9,191.91
2019-10-13,261.35,672.8,1073.35,757.55,212.2,179.32
2019-10-14,571.65,928.05,1804.85,278.8,313.4,166.73
2019-10-15,844.6,947.9,2243.2,383.4,358.8,154.14
2019-10-16,807.35,1052.2,2289.95,464.9,395.5,141.55
2019-10-17,563.5,1020.7,1885.0,424.7,330.6,128.96
2019-10-18,424.75,815.0,1466.3,726.5,405.5,196.4
2019-10-19,644.7,947.65,1936.1,524.55,350.5,202.9
2019-10-20,812.05,908.0,2153.25,389.9,560.6,454.9
2019-10-21,790.6,981.1,2192.9,509.95,342.3,171.4
2019-10-22,1861.65,1416.95,4271.25,175.8,739.3,406.5
2019-10-23,2094.35,1155.1,4366.3,133.65,841.4,568.5
2019-10-24,1558.25,1131.45,3520.6,188.85,645.3,539.6
2019-10-25,638.95,900.95,1880.6,477.25,369.8,216.1
2019-10-26,367.9,734.75,1298.85,776.05,301.4,224.5
2019-10-27,1014.0,1171.95,2726.75,469.3,368.4,265.1
2019-10-28,1268.6,1176.5,3121.5,315.65,509.4,346.2
2019-10-29,425.55,937.5,1589.75,776.3,224.3,131.4
2019-10-30,388.85,998.7,1595.0,509.4,437.7,282.1
2019-10-31,723.05,950.1,2058.55,182.55,769.4,643.3
2019-11-01,767.65,965.95,2142.7,196.85,449.3,417.2
2019-11-02,223.1,590.5,932.7,827.8,277.2,129.5
2019-11-03,736.85,926.0,2055.75,456.75,379.4,246.8
2019-11-04,1245.8,1084.75,2994.5,258.6,448.1,299.1
2019-11-05,1208.3,1075.55,2928.35,257.75,554.4,379.2
2019-11-06,1092.23,1221.87,2896.43,325.15,738.3,482.6
2019-11-07,792.5,1106.45,2321.1,460.95,337.6,190.3
2019-11-08,2468.4,1377.05,5161.85,165.1,691.1,418.7
2019-11-09,519.35,932.75,1728.9,380.7,333.5,268.4
2019-11-10,793.15,1066.95,2282.95,487.45,332.8,291.8
2019-11-11,687.4,1085.2,2139.1,559.85,336.2,208.5
2019-11-12,630.0,987.4,1953.1,651.2,266.3,131.8
2019-11-13,776.25,1054.3,2244.45,410.8,361.5,172.4
2019-11-14,567.85,1081.85,1952.6,528.2,206.6,162.3
2019-11-15,880.75,991.95,2342.5,372.15,445.1,293.1
2019-11-16,1134.55,1092.05,2831.3,167.95,460.1,377.2
2019-11-17,2677.15,1488.55,5593.7,73.1,839.6,728.7
2019-11-18,1347.6,1376.75,3442.6,313.15,461.7,234.3
2019-11-19,2483.3,1532.25,5340.35,66.5,783.4,513.3
2019-11-20,536.17,1172.68,1994.8,365.95,413.1,272.9
2019-11-21,448.65,807.6,1495.35,182.85,620.6,574.0
2019-11-22,369.8,989.85,1556.85,429.0,266.8,196.3
2019-11-23,548.55,885.3,1726.4,197.7,387.6,315.5
2019-11-24,1294.45,864.75,2849.9,167.5,562.1,456.0
2019-11-25,500.05,908.1,1675.1,321.15,248.0,192.6
2019-11-26,402.15,988.65,1605.1,421.95,243.6,175.8
2019-11-27,914.7,1319.5,2721.8,411.65,304.6,243.7
2019-11-28,1090.2,1090.25,2761.6,404.35,355.3,260.0
2019-11-29,2061.75,1355.5,4516.95,226.4,619.1,356.6
2019-11-30,1683.6,1329.35,3910.9,138.1,521.3,431.4
2019-12-01,575.55,1090.45,1973.15,604.2,269.4,182.1
2019-12-02,2597.0,1743.95,5725.75,124.9,821.3,528.7
2019-12-03,1825.75,1670.15,4469.95,115.55,794.0,466.0
2019-12-04,3633.05,1642.5,7213.32,83.3,834.1,676.5
2019-12-05,1346.75,1214.3,3279.55,368.2,574.8,462.8
2019-12-06,384.95,860.55,1450.75,871.05,218.8,127.5
2019-12-07,392.15,903.15,1504.4,725.55,284.8,173.2
2019-12-08,168.05,573.35,830.9,1259.1,266.5,159.1
2019-12-09,904.9,1047.55,2435.1,681.55,359.2,196.5
2019-12-10,441.75,913.0,1590.05,561.25,347.4,191.2
2019-12-11,835.85,1069.7,2351.0,567.85,363.1,197.4
2019-12-12,497.1,1053.0,1814.75,508.2,214.3,152.7
2019-12-13,538.7,1017.05,1843.0,878.45,302.5,155.9
2019-12-14,329.3,908.8,1413.7,1088.15,337.8,180.3
2019-12-15,274.7,675.85,1097.0,1101.15,254.8,129.3
2019-12-16,1031.95,1222.7,2805.3,337.1,367.0,230.9
2019-12-17,1170.75,1460.95,3256.3,405.3,410.7,274.4
2019-12-18,772.15,1147.65,2331.4,365.25,377.4,267.6
2019-12-19,316.65,688.9,1174.5,620.55,337.1,222.5
2019-12-20,700.6,1160.3,2234.52,659.0,175.3,175.1
2019-12-21,173.95,757.6,1024.5,874.95,196.4,130.7
2019-12-22,308.0,780.25,1252.4,917.7,245.8,153.1
2019-12-23,455.7,916.1,1614.9,710.15,314.9,186.7
2019-12-24,253.35,665.65,1054.1,1047.25,306.6,184.3
2019-12-25,998.45,942.55,2473.0,641.8,355.1,272.9
2019-12-26,306.95,726.2,1196.7,786.0,282.4,188.8
2019-12-27,1198.9,960.35,2798.9,336.55,443.3,403.6
2019-12-28,576.35,875.25,1759.05,257.85,456.8,408.2
2019-12-29,465.5,808.4,1521.8,383.7,479.5,432.0
2019-12-30,830.5,912.1,2185.4,132.85,567.5,492.1
2019-12-31,612.28,819.98,1758.7,116.3,664.9,494.3
2020-01-01,753.2,927.15,2082.0,81.7,932.7,858.4
2020-01-02,254.3,795.25,1185.15,652.1,250.2,134.7
2020-01-03,472.08,915.15,1638.9,890.4,272.6,104.4
2020-01-04,475.65,1058.75,1787.9,688.0,293.1,136.2
2020-01-05,278.1,766.65,1192.9,1060.3,158.5,70.4
2020-01-06,365.65,822.3,1382.45,806.2,338.7,148.6
2020-01-07,411.35,775.5,1406.7,679.9,449.2,137.8
2020-01-08,653.3,897.4,1899.25,644.2,595.7,212.1
2020-01-09,319.5,680.3,1169.95,879.2,256.4,68.8
2020-01-10,764.5,1087.8,2259.85,698.9,299.7,112.15
2020-01-11,218.75,640.25,975.95,1013.9,356.1,101.9
2020-01-12,227.1,559.9,908.2,1139.2,170.9,52.4
2020-01-13,273.2,708.75,1127.8,912.5,297.9,79.9
2020-01-14,295.8,679.2,1132.5,1002.6,280.2,94.2
2020-01-15,520.15,933.33,1730.88,803.7,296.4,108.2
2020-01-16,285.0,746.65,1183.6,747.2,330.5,105.5
2020-01-17,504.92,898.12,1672.48,857.8,245.3,72.8
2020-01-18,1042.1,1319.6,2917.7,499.3,488.2,190.35
2020-01-19,1571.65,1491.6,3901.75,250.9,695.4,316.2
2020-01-20,2930.5,1838.8,6332.0,59.4,1230.9,664.2
2020-01-21,3685.8,2036.8,7688.0,54.55,1221.7,761.4
2020-01-22,2102.5,1325.1,4548.9,46.3,885.1,746.3
2020-01-23,1126.2,1251.1,2977.9,166.2,514.6,421.9
2020-01-24,1544.85,1318.55,3687.1,120.8,541.5,421.7
2020-01-25,389.45,921.15,1517.5,342.6,722.1,508.8
2020-01-26,283.2,740.4,1174.6,616.4,532.2,307.1
2020-01-27,648.0,1146.75,2140.45,684.0,297.4,86.2
2020-01-28,507.8,969.35,1748.0,1119.5,237.0,41.6
2020-01-29,513.9,949.5,1737.3,941.2,460.1,114.9
2020-01-30,481.75,751.5,1490.35,646.5,249.7,88.2
2020-01-31,359.2,656.9,1207.8,791.7,186.9,40.4
2020-02-01,249.4,579.95,962.1,1151.5,341.2,100.7
2020-02-02,210.95,593.15,916.6,1021.9,422.9,143.0
2020-02-03,511.75,787.9,1572.55,1003.7,439.7,153.1
2020-02-04,745.6,930.85,2074.1,826.6,396.8,114.2
2020-02-05,1931.7,1628.2,4589.85,197.7,822.5,356.4
2020-02-06,1894.7,1577.9,4483.15,194.7,822.7,451.5
2020-02-07,1012.35,1162.85,2714.95,239.1,822.3,560.9
2020-02-08,380.55,806.95,1390.4,781.2,481.5,178.4
2020-02-09,108.0,341.85,507.55,1350.7,275.9,94.1
2020-02-10,291.2,635.0,1081.25,1230.8,262.9,69.2
2020-02-11,408.7,678.1,1304.9,1204.6,348.6,92.1
2020-02-12,528.12,872.08,1681.88,926.9,320.4,90.9
2020-02-13,497.55,1008.85,1771.55,949.3,247.35,79.55
2020-02-14,897.35,1096.75,2472.5,513.8,612.8,207.1
2020-02-15,207.7,513.15,831.25,853.1,232.1,56.8
2020-02-16,147.35,473.2,699.05,1334.7,157.6,40.5
2020-02-17,431.75,681.95,1343.85,1098.5,345.5,98.0
2020-02-18,424.05,744.4,1394.55,1105.2,255.4,64.45
2020-02-19,579.95,993.95,1883.3,839.6,352.7,120.0
2020-02-20,446.7,873.35,1558.15,1050.9,178.9,61.05
2020-02-21,347.65,615.95,1149.4,1254.9,393.5,107.6
2020-02-22,226.7,453.7,801.4,1457.2,404.6,112.4
2020-02-23,333.8,609.8,1121.25,1101.4,226.65,38.2
2020-02-24,272.1,667.15,1084.55,1069.4,182.0,61.4
2020-02-25,422.2,793.35,1441.0,1159.2,224.3,59.4
2020-02-26,656.65,958.85,1965.85,987.3,335.85,89.3
2020-02-27,683.2,1124.3,2171.9,843.3,277.7,105.9
2020-02-28,454.55,922.8,1620.05,739.0,289.5,99.5
2020-02-29,269.1,529.3,941.9,1306.6,378.8,131.9
2020-03-01,246.15,499.9,877.25,1378.1,236.4,66.5
2020-03-02,663.75,1046.3,2064.3,970.2,310.6,98.4
2020-03-03,803.1,1075.05,2306.5,832.3,424.0,137.8
2020-03-04,590.45,1204.65,2109.55,686.5,426.1,163.8
2020-03-05,415.85,1017.75,1655.2,935.1,317.2,187.6
2020-03-06,1415.15,1531.1,3701.3,682.7,549.7,253.8
2020-03-07,512.5,990.5,1776.35,833.6,536.3,278.1
2020-03-08,206.75,522.1,839.5,1408.9,247.1,85.75
2020-03-09,483.45,758.8,1500.0,1084.8,341.8,119.45
2020-03-10,329.4,548.3,1053.85,1077.6,178.5,52.6
2020-03-11,374.58,645.72,1219.88,1356.7,295.4,76.6
2020-03-12,381.9,538.25,1123.45,1359.0,332.1,87.6
2020-03-13,708.25,919.7,2005.6,1003.1,449.8,142.6
2020-03-14,236.35,630.85,993.55,1116.4,279.1,97.2
2020-03-15,283.55,600.75,1035.85,1250.3,210.6,85.6
2020-03-16,852.28,1107.02,2413.83,756.15,425.6,188.7
2020-03-17,459.77,805.73,1510.42,1059.3,398.8,99.8
2020-03-18,379.8,606.25,1188.5,1053.0,432.4,159.0
2020-03-19,375.5,799.15,1374.85,951.8,447.4,224.6
2020-03-20,239.35,547.2,914.3,1367.5,361.8,90.7
2020-03-21,115.4,400.6,577.05,1358.8,365.9,121.0
2020-03-22,85.05,405.55,535.95,1256.2,389.5,189.6
2020-03-23,208.35,903.1,1222.75,878.7,495.7,268.75
2020-03-24,233.48,899.27,1257.35,909.6,546.45,323.0
2020-03-25,566.15,1134.3,2002.5,841.1,763.6,527.75
2020-03-26,256.7,811.75,1205.5,1267.25,882.6,614.2
2020-03-27,221.05,667.35,1006.35,1595.8,898.5,619.45
2020-03-28,64.95,317.4,417.15,1897.7,485.2,257.6
2020-03-29,47.8,212.6,285.85,1743.5,279.3,66.7
2020-03-30,259.9,592.05,990.5,1273.5,317.2,88.4
2020-03-31,142.9,543.8,762.75,1446.6,355.6,136.5
2020-04-01,492.8,1035.4,1791.2,884.1,480.9,222.2
2020-04-02,287.65,665.85,1106.85,1232.7,289.9,117.2
2020-04-03,498.6,989.1,1753.7,915.9,455.8,205.8
2020-04-04,206.9,750.25,1067.6,990.3,431.95,283.8
2020-04-05,65.1,467.8,567.65,1487.3,405.1,265.0
2020-04-06,226.2,657.75,1004.7,1318.5,353.0,147.5
2020-04-07,312.95,974.3,1454.3,1003.6,600.3,352.05
2020-04-08,192.1,1034.82,1329.4,1230.55,1167.2,906.6
2020-04-09,247.2,1085.7,1464.45,1081.0,1299.4,1062.5
2020-04-10,103.4,873.45,1031.85,1195.8,1012.7,750.5
2020-04-11,271.95,1095.55,1512.7,860.7,778.2,587.9
2020-04-12,69.4,553.55,659.7,1839.5,591.8,444.6
2020-04-13,60.05,194.65,286.55,1770.8,362.6,137.7
2020-04-14,110.9,423.5,593.35,1749.4,293.8,102.45
2020-04-15,272.0,891.4,1308.47,1270.9,698.3,433.2
2020-04-16,200.83,975.75,1283.82,1118.6,1130.9,855.1
2020-04-17,83.0,397.55,524.9,1576.9,475.0,190.6
2020-04-18,119.75,542.45,725.85,1151.6,564.9,292.9
2020-04-19,98.4,426.75,577.4,1446.6,480.8,269.0
2020-04-20,125.1,422.8,614.45,1575.8,495.0,214.5
2020-04-21,101.25,436.75,592.05,1719.3,588.9,217.8
2020-04-22,156.85,556.9,797.7,1670.4,642.5,324.1
2020-04-23,221.25,733.8,1072.8,1471.9,795.5,516.2
2020-04-24,220.8,808.35,1146.9,1538.8,704.9,492.65
2020-04-25,47.7,343.9,417.25,1822.5,369.8,234.2
2020-04-26,89.2,519.2,655.9,1528.9,405.6,263.0
2020-04-27,270.2,773.35,1187.75,1294.7,571.2,382.4
2020-04-28,78.15,607.85,727.4,1376.46,209.3,101.2
2020-04-29,196.2,647.45,948.4,917.04,343.8,168.2
2020-04-30,190.6,560.9,852.95,1103.0,296.35,98.45
2020-05-01,267.9,527.7,938.4,1231.1,309.9,124.0
2020-05-02,219.9,573.9,910.85,1339.5,265.8,113.2
2020-05-03,81.1,483.2,607.4,1325.4,278.7,147.8
2020-05-04,116.65,461.0,639.8,1673.1,348.1,175.6
2020-05-05,71.45,296.3,405.8,1777.7,289.9,98.1
2020-05-06,136.95,542.15,752.05,1581.8,441.5,225.7
2020-05-07,267.3,868.95,1278.35,1336.3,611.8,392.6
2020-05-08,121.6,882.6,1068.9,1703.3,569.1,421.8
2020-05-09,123.4,877.7,1067.2,1838.3,864.4,709.7
2020-05-10,88.75,389.85,525.55,1669.9,589.9,364.5
2020-05-11,176.4,302.55,573.6,1300.4,309.6,83.6
2020-05-12,434.65,815.3,1481.25,1065.3,351.3,133.7
2020-05-13,247.6,504.9,884.85,1354.2,279.5,96.0
2020-05-14,232.45,482.5,838.95,1240.8,214.35,57.6
2020-05-15,495.95,1003.3,1763.5,1027.0,419.9,232.7
2020-05-16,344.0,835.8,1363.25,1213.1,335.5,183.3
2020-05-17,173.95,611.6,878.65,1230.1,322.4,184.4
2020-05-18,267.3,625.95,1035.85,1381.2,348.5,166.9
2020-05-19,351.5,759.3,1298.25,1086.8,350.7,189.9
2020-05-20,310.32,783.68,1259.65,941.15,450.0,255.8
2020-05-21,309.25,895.55,1369.75,1285.2,368.1,404.35
2020-05-22,197.5,441.15,743.75,1397.3,548.7,259.25
2020-05-23,126.6,276.6,470.75,1349.2,448.25,199.4
2020-05-24,247.65,499.7,879.2,1170.1,451.3,230.1
2020-05-25,200.6,614.3,921.9,1236.7,434.2,289.2
2020-05-26,428.35,905.2,1561.65,1138.5,410.7,225.25
2020-05-27,196.75,711.2,1013.1,1244.8,395.8,190.8
2020-05-28,89.15,300.75,437.75,1400.2,294.9,108.9
2020-05-29,127.25,424.45,619.6,1363.2,372.2,147.7
2020-05-30,122.4,383.35,571.15,1690.1,397.9,195.5
2020-05-31,77.05,322.65,440.9,1657.5,331.4,140.9
2020-06-01,173.1,459.05,724.5,1507.5,347.7,148.7
2020-06-02,377.55,836.4,1415.35,1238.7,449.7,205.6
2020-06-03,334.65,831.05,1343.55,1030.4,568.65,355.6
2020-06-04,424.85,602.35,1253.85,1005.6,333.5,242.4
2020-06-05,414.7,580.55,1216.55,1006.0,294.0,242.4
2020-06-06,222.45,501.35,842.15,908.9,272.9,242.4
2020-06-07,258.0,504.25,900.05,756.4,327.7,242.4
2020-06-08,426.15,574.35,1227.45,903.5,405.5,242.4
2020-06-09,251.25,587.65,972.8,1148.6,352.0,242.4
2020-06-10,314.6,662.2,1145.05,844.4,438.15,195.0
2020-06-11,232.3,466.45,822.45,1109.7,419.8,244.9
2020-06-12,179.35,579.3,854.4,1007.2,602.0,453.75
2020-06-13,140.9,574.9,791.0,938.9,339.35,198.85
2020-06-14,138.35,555.0,766.4,996.2,413.8,246.8
2020-06-15,365.65,774.65,1335.55,784.3,320.9,169.7
2020-06-16,304.55,735.75,1202.8,849.3,309.7,171.75
2020-06-17,397.43,940.97,1550.18,760.7,394.8,217.7
2020-06-18,318.7,794.6,1283.25,992.8,290.7,151.8
2020-06-19,343.9,533.5,1060.85,878.8,291.0,126.1
2020-06-20,239.2,470.1,836.75,767.9,293.5,119.6
2020-06-21,211.35,389.25,713.15,871.9,265.4,113.8
2020-06-22,373.9,564.35,1137.4,781.6,434.2,195.4
2020-06-23,283.5,708.45,1142.65,926.2,413.35,202.25
2020-06-24,174.35,873.38,1140.87,1719.7,532.2,378.25
2020-06-25,131.9,810.2,1012.55,1960.8,574.4,377.23
2020-06-26,314.95,988.75,1471.75,1151.1,607.55,278.87
2020-06-27,178.25,386.45,659.35,768.3,267.2,144.3
2020-06-28,121.25,268.7,454.65,986.1,230.9,85.6
2020-06-29,254.65,357.3,747.4,940.9,296.1,122.4
2020-06-30,416.45,481.7,1120.35,590.1,237.1,105.0
2020-07-01,343.9,454.28,981.82,584.7,226.6,104.6
2020-07-02,518.8,749.1,1544.6,543.6,280.1,124.7
2020-07-03,352.5,519.55,1060.4,683.0,286.4,143.1
2020-07-04,225.05,352.6,697.3,468.9,187.6,105.7
2020-07-05,194.0,261.85,559.35,705.1,272.3,104.1
2020-07-06,550.25,629.35,1472.95,702.4,297.1,157.6
2020-07-07,492.6,806.4,1561.65,604.3,367.8,188.0
2020-07-08,616.9,624.85,1571.1,269.7,248.9,148.1
2020-07-09,462.75,485.1,1194.75,243.3,232.4,147.2
2020-07-10,655.15,771.4,1776.3,586.7,271.5,114.3
2020-07-11,596.5,803.05,1717.4,602.6,280.5,153.9
2020-07-12,393.2,831.95,1434.95,834.8,384.1,236.65
2020-07-13,544.4,801.55,1635.9,842.4,292.2,142.6
2020-07-14,745.95,834.68,1978.65,528.75,292.4,167.5
2020-07-15,619.7,716.65,1666.8,471.2,271.3,124.5
2020-07-16,604.75,649.85,1576.9,445.0,251.5,116.8
2020-07-17,768.95,876.2,2055.45,407.1,387.6,184.1
2020-07-18,461.65,621.55,1329.2,490.85,293.3,150.6
2020-07-19,264.9,497.8,904.1,603.2,212.4,119.8
2020-07-20,508.0,714.9,1494.0,626.2,302.9,161.8
2020-07-21,522.65,843.7,1645.2,705.7,331.0,152.8
2020-07-22,331.0,784.0,1291.65,1065.0,357.0,200.6
2020-07-23,345.45,701.9,1231.4,982.3,329.3,179.5
2020-07-24,502.05,676.2,1446.2,475.7,286.6,160.3
2020-07-25,258.75,477.1,873.8,453.15,217.2,133.7
2020-07-26,244.15,417.15,791.65,429.8,239.7,142.1
2020-07-27,305.3,480.55,948.6,466.5,298.5,171.7
2020-07-28,493.3,566.95,1323.3,612.2,248.7,124.1
2020-07-29,534.05,813.95,1632.58,644.6,298.9,180.6
2020-07-30,395.25,871.1,1477.4,658.3,348.0,193.0
2020-07-31,314.55,1122.65,1604.75,1068.3,572.6,378.81
2020-08-01,351.7,538.7,1078.05,617.3,336.35,189.39
2020-08-02,274.45,491.7,912.5,728.0,266.0,123.3
2020-08-03,533.8,706.45,1524.9,675.8,290.2,129.5
2020-08-04,414.35,753.8,1389.05,620.7,319.3,186.2
2020-08-05,292.35,547.1,995.45,746.0,265.4,120.79
2020-08-06,366.15,709.75,1271.4,446.0,303.6,188.62
2020-08-07,732.4,1718.95,2841.85,598.5,784.24,257.03
2020-08-08,392.2,1294.65,1896.15,1212.6,805.7,325.42
2020-08-09,92.8,507.3,649.7,1771.2,733.87,393.82
2020-08-10,164.85,791.85,1044.7,1801.1,662.05,462.22
2020-08-11,219.45,1206.55,1543.15,1654.7,590.22,530.62
2020-08-12,150.48,1125.45,1356.07,2023.55,518.39,599.02
2020-08-13,311.05,864.8,1341.5,1476.6,446.57,564.79
2020-08-14,509.0,804.05,1584.95,798.8,480.42,350.7
2020-08-15,435.55,943.75,1611.35,461.5,589.7,505.6
2020-08-16,185.6,819.15,1103.65,732.7,671.8,628.3
2020-08-17,438.55,941.8,1614.0,648.6,335.4,242.0
2020-08-18,313.85,501.3,982.5,597.7,239.0,162.4
2020-08-19,322.7,589.92,1084.78,335.9,223.5,210.1
2020-08-20,357.35,648.85,1196.95,555.6,415.5,292.75
2020-08-21,216.95,394.5,726.7,843.3,368.9,236.7
2020-08-22,215.55,386.1,716.35,930.3,268.3,179.1
2020-08-23,230.4,411.3,764.65,789.7,229.4,160.6
2020-08-24,384.55,631.0,1220.4,592.3,243.8,157.6
2020-08-25,204.85,421.6,735.85,734.1,222.5,149.05
2020-08-26,525.52,634.35,1440.22,714.2,235.8,153.9
2020-08-27,360.3,716.5,1268.9,489.1,284.3,181.0
2020-08-28,653.1,799.25,1800.7,546.4,228.2,144.6
2020-08-29,526.55,660.85,1468.15,695.4,237.9,134.3
2020-08-30,377.05,599.95,1177.75,803.6,258.3,148.8
2020-08-31,675.35,963.45,1998.95,487.5,318.2,216.9
2020-09-01,916.53,1121.88,2527.12,569.85,393.3,285.3
2020-09-02,460.25,1020.3,1725.8,705.5,382.8,236.4
2020-09-03,340.85,574.25,1097.35,578.7,266.0,174.3
2020-09-04,594.75,754.55,1666.55,550.1,331.6,204.9
2020-09-05,582.25,795.5,1688.3,474.6,297.0,178.0
2020-09-06,479.95,808.0,1543.95,433.1,316.2,208.4
2020-09-07,604.1,771.5,1697.7,380.9,290.1,191.7
2020-09-08,537.3,639.3,1463.4,392.0,258.2,160.6
2020-09-09,642.55,764.32,1749.9,431.1,296.2,203.9
2020-09-10,712.9,1032.6,2125.8,488.0,368.6,263.1
2020-09-11,749.25,1089.1,2238.05,491.3,383.5,251.1
2020-09-12,337.7,596.55,1114.4,719.1,252.2,149.9
2020-09-13,297.85,622.45,1079.2,583.5,289.8,197.3
2020-09-14,742.25,1088.5,2226.45,638.6,545.5,424.6
2020-09-15,637.95,1667.65,2646.1,521.1,1043.6,846.4
2020-09-16,315.0,857.75,1341.1,1095.9,634.7,508.4
2020-09-17,247.4,488.45,867.95,982.8,318.3,170.5
2020-09-18,355.65,641.9,1187.4,916.8,328.9,176.9
2020-09-19,198.7,537.4,841.65,1074.1,351.4,203.4
2020-09-20,169.45,533.6,793.35,1083.7,402.9,242.5
2020-09-21,902.75,1296.65,2680.75,516.6,584.7,443.6
2020-09-22,670.65,1235.0,2263.35,745.6,604.6,468.8
2020-09-23,290.15,713.95,1158.9,885.5,297.9,209.5
2020-09-24,415.85,722.8,1360.65,573.7,207.6,105.3
2020-09-25,616.6,706.35,1651.85,646.5,225.1,119.4
2020-09-26,398.0,519.3,1129.35,796.2,211.8,130.8
2020-09-27,306.5,494.55,964.4,863.8,239.3,145.0
2020-09-28,764.05,932.0,2103.65,453.3,380.9,258.3
2020-09-29,769.95,922.45,2103.15,221.6,414.1,327.4
2020-09-30,319.05,785.55,1274.55,552.7,283.0,194.0
2020-10-01,552.45,864.85,1711.5,568.5,223.8,157.8
2020-10-02,191.9,692.05,985.95,668.9,190.7,124.9
2020-10-03,270.3,728.35,1143.25,557.1,245.1,192.2
2020-10-04,234.2,574.8,934.2,715.6,131.4,89.4
2020-10-05,412.2,715.05,1347.55,519.4,236.7,168.0
2020-10-06,423.65,609.55,1259.1,600.3,212.8,119.4
2020-10-07,600.9,808.8,1730.45,489.2,279.3,166.6
2020-10-08,575.15,741.65,1623.65,463.5,240.3,168.3
2020-10-09,883.45,1104.2,2458.8,311.4,282.2,189.2
2020-10-10,515.8,822.1,1613.3,535.7,220.1,114.8
2020-10-11,607.84,841.82,1773.8,425.15,225.38,158.1
2020-10-12,878.11,1086.68,2433.1,187.7,305.48,231.1
2020-10-13,736.45,853.2,1982.2,364.7,271.1,201.9
2020-10-14,489.15,790.65,1541.0,557.4,294.0,149.8
2020-10-15,539.55,797.85,1625.5,549.6,214.9,108.6
2020-10-16,950.75,1078.65,2536.4,352.0,299.6,185.8
2020-10-17,587.7,939.75,1840.5,484.0,275.1,187.2
2020-10-18,602.72,1043.68,1967.58,208.7,422.4,350.5
2020-10-19,301.85,845.8,1308.8,557.9,347.2,281.8
2020-10-20,299.05,637.45,1095.8,536.8,368.3,260.5
2020-10-21,457.6,862.68,1564.3,378.4,226.6,157.5
2020-10-22,568.5,886.8,1758.5,516.0,334.5,149.8
2020-10-23,444.05,836.3,1516.75,516.7,276.6,161.3
2020-10-24,212.7,607.3,933.3,734.3,216.2,107.85
2020-10-25,185.6,613.7,897.95,669.4,160.5,93.4
2020-10-26,493.65,822.05,1578.75,543.0,244.1,141.05
2020-10-27,391.1,799.0,1398.6,559.6,232.3,150.7
2020-10-28,384.7,716.25,1305.95,677.6,263.1,119.25
2020-10-29,358.88,658.6,1208.95,695.85,269.4,129.3
2020-10-30,332.75,644.45,1154.4,727.2,231.4,108.9
2020-10-31,214.4,549.35,878.05,758.8,272.9,154.9
2020-11-01,150.1,391.4,621.65,780.0,264.8,128.1
2020-11-02,274.3,488.85,909.6,818.8,172.1,100.9
2020-11-03,581.5,934.55,1826.25,581.7,266.0,148.6
2020-11-04,2366.4,1597.15,5225.47,140.6,684.4,570.3
2020-11-05,3320.4,1564.7,6656.15,30.2,1832.8,1526.1
2020-11-06,1689.95,1317.05,3908.45,51.2,1154.5,1092.6
2020-11-07,1032.9,1012.1,2595.95,30.2,907.1,776.95
2020-11-08,719.95,807.75,1911.65,21.4,912.3,822.1
2020-11-09,535.15,798.27,1618.16,143.86,451.0,299.1
2020-11-10,697.1,1092.93,2161.66,175.34,535.8,268.75
2020-11-11,289.2,678.15,1121.7,380.0,406.9,140.6
2020-11-12,339.75,733.5,1254.25,628.0,424.8,116.4
2020-11-13,534.5,965.3,1785.0,438.7,512.6,180.9
2020-11-14,135.62,549.38,757.15,641.7,399.6,186.8
2020-11-15,116.6,409.65,588.4,882.4,246.9,87.9
2020-11-16,339.2,674.3,1194.5,703.6,321.0,102.4
2020-11-17,276.85,587.15,1011.9,725.5,344.2,122.3
2020-11-18,335.55,590.25,1104.8,607.6,432.3,146.6
2020-11-19,624.3,868.85,1826.3,581.4,351.9,136.1
2020-11-20,756.6,1156.3,2316.05,260.4,432.0,196.8
2020-11-21,181.55,502.3,780.8,882.9,248.1,76.3
2020-11-22,480.05,846.0,1582.3,502.8,304.8,117.9
2020-11-23,1294.4,1294.0,3278.7,100.0,629.2,326.0
2020-11-24,321.95,765.9,1259.85,401.5,369.3,164.9
2020-11-25,664.65,891.2,1910.3,278.8,531.5,294.6
2020-11-26,1466.72,1259.45,3508.4,109.15,732.7,444.8
2020-11-27,1969.9,1173.35,4193.85,29.9,823.6,588.1
2020-11-28,721.65,1043.7,2150.65,38.5,1002.3,868.6
2020-11-29,429.25,1000.5,1658.6,173.6,745.4,659.5
2020-11-30,691.7,895.75,1956.85,188.6,505.6,345.9
2020-12-01,845.15,1095.07,2391.28,393.4,404.9,160.6
2020-12-02,1423.15,1351.82,3533.98,71.5,625.8,347.2
2020-12-03,643.75,1122.05,2109.1,262.9,298.5,164.0
2020-12-04,660.75,1028.15,2041.0,284.4,326.4,193.3
2020-12-05,319.3,812.85,1302.25,482.1,296.3,144.6
2020-12-06,760.05,939.75,2105.2,186.2,466.6,336.7
2020-12-07,1213.28,1092.53,2952.95,92.85,555.8,385.35
2020-12-08,1729.75,1303.35,3955.2,41.0,741.2,528.2
2020-12-09,750.6,1088.8,2239.85,198.8,501.3,247.6
2020-12-10,291.7,798.3,1245.5,364.0,413.9,267.1
2020-12-11,1076.75,1215.2,2866.4,241.0,438.0,256.1
2020-12-12,547.85,951.5,1791.4,354.7,396.4,177.4
2020-12-13,194.1,687.55,985.25,511.8,247.7,135.5
2020-12-14,426.05,866.6,1519.8,607.0,350.1,168.9
2020-12-15,496.1,977.0,1737.7,448.65,388.3,179.4
2020-12-16,266.0,790.55,1198.7,621.5,273.7,148.2
2020-12-17,582.25,860.5,1753.2,484.2,382.7,186.9
2020-12-18,240.85,578.65,948.1,624.2,236.0,126.0
2020-12-19,243.1,654.85,1027.3,652.1,329.2,181.3
2020-12-20,221.7,615.05,954.95,776.4,252.7,92.9
2020-12-21,187.0,582.6,869.05,646.2,172.4,73.4
2020-12-22,711.78,828.25,1919.4,396.1,310.7,204.8
2020-12-23,317.1,870.5,1356.5,425.3,223.3,88.3
2020-12-24,329.5,587.5,1092.8,887.0,172.1,27.4
2020-12-25,253.65,639.05,1027.9,820.0,260.5,92.1
2020-12-26,95.45,370.55,516.8,1036.5,152.6,82.5
2020-12-27,267.6,574.35,984.55,920.9,210.1,138.7
2020-12-28,451.75,820.3,1513.0,432.1,350.0,277.0
2020-12-29,578.2,846.2,1732.45,496.7,423.3,265.6
2020-12-30,1029.22,1132.5,2710.62,226.7,497.9,293.0
2020-12-31,848.7,1029.05,2330.1,245.0,524.6,367.5
2021-01-01,570.15,809.45,1683.45,265.2,599.5,435.55
2021-01-02,533.9,798.8,1617.6,348.5,291.7,114.5
2021-01-03,243.6,532.9,906.35,491.6,232.7,87.9
2021-01-04,231.45,441.45,796.4,709.7,155.1,-9.9
2021-01-05,299.65,540.8,1000.45,543.7,164.3,-13.7
2021-01-06,581.45,690.6,1582.1,353.8,244.4,68.4
2021-01-07,1046.8,1123.7,2728.2,177.5,589.8,382.5
2021-01-08,914.05,977.7,2379.1,132.0,571.8,440.3
2021-01-09,1392.2,1120.05,3254.85,235.2,596.7,447.1
2021-01-10,499.6,959.05,1725.3,273.3,460.6,336.9
2021-01-11,313.45,743.35,1223.8,836.6,259.8,240.09
2021-01-12,679.42,1029.3,2071.1,629.1,278.8,105.71
2021-01-13,1033.3,1207.7,2791.55,212.6,435.1,244.85
2021-01-14,202.3,950.35,1260.55,536.7,150.4,38.1
2021-01-15,1405.55,1137.8,3293.25,127.7,544.6,409.5
2021-01-16,408.55,872.4,1499.0,446.6,297.0,154.7
2021-01-17,283.85,769.65,1204.5,852.1,337.2,147.11
2021-01-18,413.15,810.2,1443.8,651.2,328.5,131.08
2021-01-19,176.3,450.7,721.2,1064.55,179.2,115.05
2021-01-20,178.95,467.4,741.7,980.6,248.5,99.03
2021-01-21,368.35,686.95,1251.9,949.3,255.9,164.13
2021-01-22,561.33,946.72,1807.8,593.6,343.9,249.86
2021-01-23,646.75,974.05,1966.1,587.4,337.3,267.14
2021-01-24,304.15,1043.3,1509.35,459.5,329.7,258.09
2021-01-25,898.0,1216.85,2593.5,513.5,413.2,196.76
2021-01-26,726.45,1076.6,2190.45,488.3,352.3,118.85
2021-01-27,862.75,1117.45,2440.35,249.1,392.5,310.6
2021-01-28,367.6,873.25,1436.9,586.4,278.3,130.9
2021-01-29,428.0,825.55,1481.85,924.4,302.4,125.55
2021-01-30,58.3,629.45,718.85,739.0,210.8,129.09
2021-01-31,179.65,674.35,949.35,559.4,302.3,286.51
2021-02-01,662.75,894.45,1910.95,283.4,477.5,381.2
2021-02-02,385.6,879.1,1470.45,704.4,436.6,249.59
2021-02-03,670.85,1096.45,2125.05,738.0,395.9,202.49
2021-02-04,335.2,982.4,1496.15,510.9,326.4,178.34
2021-02-05,399.55,977.5,1590.35,677.6,295.7,154.18
2021-02-06,414.75,856.85,1492.6,434.6,346.9,130.03
2021-02-07,55.4,392.05,476.85,1382.7,246.3,105.87
2021-02-08,269.85,608.45,1022.1,1187.98,201.4,95.9
2021-02-09,232.82,749.32,1106.5,1138.1,206.0,111.9
2021-02-10,424.3,916.55,1567.1,1148.42,272.1,134.0
2021-02-11,207.3,894.55,1212.55,1158.74,421.4,329.8
2021-02-12,108.85,716.4,883.05,1169.06,450.2,323.8
2021-02-13,80.9,549.35,673.45,1179.38,445.3,257.0
2021-02-14,93.3,536.9,679.95,1189.71,432.7,244.4
2021-02-15,469.9,892.9,1613.45,1200.03,387.8,211.8
2021-02-16,348.0,777.3,1311.25,1210.34,410.8,201.45
2021-02-17,267.55,658.55,1068.7,1220.66,350.8,137.3
2021-02-18,277.2,615.0,1039.95,1115.4,318.6,132.2
2021-02-19,215.85,647.0,977.85,871.5,365.1,148.8
2021-02-20,155.6,532.4,771.0,926.0,645.6,310.9
2021-02-21,194.7,699.65,997.95,740.4,573.8,324.1
2021-02-22,865.2,1239.45,2566.25,143.9,729.7,474.9
2021-02-23,216.6,658.5,990.25,853.1,357.9,217.2
2021-02-24,272.4,627.7,1045.4,819.6,460.2,204.5
2021-02-25,691.9,1076.55,2137.45,716.2,484.0,224.1
2021-02-26,1525.05,1514.0,3852.8,345.0,668.9,364.8
2021-02-27,1127.8,1313.15,3042.55,455.5,827.9,566.8
2021-02-28,181.9,646.1,925.1,804.9,520.0,404.2
2021-03-01,220.1,592.5,930.1,737.8,769.5,636.95
2021-03-02,805.65,819.8,2054.85,293.4,1065.5,918.6
2021-03-03,778.05,961.3,2154.05,41.1,1131.1,994.4
2021-03-04,498.3,837.85,1602.1,586.2,498.5,353.73
2021-03-05,369.3,769.8,1335.95,1115.3,310.4,91.41
2021-03-06,324.65,816.55,1314.2,958.5,277.75,181.31
2021-03-07,727.05,1145.55,2260.4,628.8,618.4,426.7
2021-03-08,1138.15,1576.95,3322.15,216.5,1001.8,764.2
2021-03-09,786.3,1100.5,2306.05,620.1,623.2,376.1
2021-03-10,311.9,646.9,1124.88,882.7,509.0,288.1
2021-03-11,281.0,433.65,864.65,1290.3,330.7,157.95
2021-03-12,318.85,531.6,1020.15,1227.6,305.5,122.9
2021-03-13,282.1,506.1,938.8,1350.0,231.5,64.9
2021-03-14,257.2,519.1,913.45,1214.8,267.2,96.5
2021-03-15,645.1,988.2,1977.0,1057.3,431.1,226.1
2021-03-16,531.35,852.2,1666.6,799.35,455.3,199.1
2021-03-17,707.75,990.3,2075.35,742.2,577.0,238.8
2021-03-18,768.3,981.95,2159.9,587.4,535.4,277.0
2021-03-19,373.1,764.05,1336.25,1052.7,294.1,146.9
2021-03-20,698.05,1049.6,2119.55,540.8,413.9,304.1
2021-03-21,269.15,701.85,1114.35,920.9,337.2,197.1
2021-03-22,670.5,1156.25,2184.3,617.0,584.9,427.6
2021-03-23,533.35,981.25,1798.65,694.1,651.7,457.6
2021-03-24,499.8,870.8,1636.85,808.3,664.15,453.05
2021-03-25,408.05,745.3,1371.2,908.9,359.2,168.5
2021-03-26,332.1,587.05,1096.6,1131.1,318.8,129.8
2021-03-27,321.3,547.6,1040.45,1192.2,315.5,138.2
2021-03-28,125.05,351.85,543.65,1439.4,366.0,159.6
2021-03-29,341.2,721.75,1244.75,1094.4,460.9,225.1
2021-03-30,1139.35,1637.28,3384.38,476.75,731.5,489.1
2021-03-31,1779.3,2041.45,4769.9,221.0,1251.2,872.85
2021-04-01,492.05,734.2,1488.65,1028.5,700.1,508.4
2021-04-02,168.5,348.55,606.7,1559.45,260.3,127.6
2021-04-03,217.2,453.85,786.85,1540.1,377.5,166.5
2021-04-04,255.45,620.9,1012.55,1404.4,480.5,296.7
2021-04-05,276.25,475.4,898.85,1340.3,402.8,142.1
2021-04-06,638.65,763.6,1742.95,1055.4,337.1,125.3
2021-04-07,750.5,951.3,2101.65,967.8,312.2,139.5
2021-04-08,431.25,773.9,1435.3,1035.7,368.9,169.1
2021-04-09,400.6,760.45,1374.65,1097.9,364.3,159.5
2021-04-10,180.85,510.5,787.65,1418.3,286.5,121.2
2021-04-11,356.55,758.65,1305.0,1047.7,310.25,156.7
2021-04-12,851.35,1314.4,2619.9,685.5,421.8,247.9
2021-04-13,1157.32,1447.92,3222.38,527.9,682.55,425.1
2021-04-14,374.65,908.95,1483.25,959.4,454.2,276.5
2021-04-15,387.55,804.4,1398.2,999.6,333.4,121.8
2021-04-16,455.1,942.95,1640.7,895.4,395.7,260.0
2021-04-17,288.05,797.6,1239.25,1033.5,320.1,169.6
2021-04-18,241.05,846.9,1216.7,986.4,343.2,225.8
2021-04-19,334.75,1131.05,1644.3,729.3,694.0,488.3
2021-04-20,369.8,1263.9,1831.0,804.2,1122.2,936.7
2021-04-21,304.02,906.2,1372.32,969.8,947.7,746.6
2021-04-22,194.35,516.65,814.5,1165.2,427.9,177.7
2021-04-23,271.4,745.15,1161.25,904.2,450.9,228.7
2021-04-24,135.1,532.2,739.5,1243.9,512.1,276.25
2021-04-25,79.45,260.1,382.25,1471.3,308.3,157.3
2021-04-26,181.35,447.3,725.45,1482.5,313.8,149.1
2021-04-27,409.75,1054.45,1682.4,888.2,637.15,422.0
2021-04-28,329.45,847.95,1352.9,1004.0,677.9,457.9
2021-04-29,520.5,907.55,1705.55,892.8,399.4,232.3
2021-04-30,576.4,1068.2,1951.75,632.0,520.3,346.0
2021-05-01,408.1,937.55,1563.6,728.5,461.9,328.5
2021-05-02,236.85,869.85,1232.95,691.9,531.9,406.1
2021-05-03,125.3,391.1,583.15,1146.1,332.8,187.9
2021-05-04,339.75,480.55,1001.75,1186.2,249.2,137.4
2021-05-05,511.58,741.47,1526.12,822.0,267.7,125.2
2021-05-06,635.3,880.55,1855.1,684.3,311.7,180.2
2021-05-07,465.7,807.5,1521.65,844.4,326.2,207.1
2021-05-08,158.75,428.2,671.65,742.8,391.2,196.2
2021-05-09,209.85,454.9,776.9,595.6,258.9,170.9
2021-05-10,237.0,510.7,873.95,853.4,326.3,191.0
2021-05-11,278.5,700.38,1127.35,580.55,312.4,201.1
2021-05-12,221.85,569.8,910.25,641.38,381.2,184.2
2021-05-13,257.5,851.75,1246.75,667.99,518.1,326.7
2021-05-14,432.25,894.45,1557.15,694.6,401.6,282.0
2021-05-15,248.95,658.65,1040.6,721.21,312.4,269.0
2021-05-16,181.45,509.9,788.3,747.82,267.3,160.2
2021-05-17,531.1,858.25,1672.75,774.42,283.4,242.1
2021-05-18,435.3,751.45,1418.82,801.03,280.3,213.9
2021-05-19,568.5,918.0,1789.75,827.64,254.4,174.2
2021-05-20,294.25,588.95,1040.35,854.25,328.9,186.1
2021-05-21,252.3,376.1,762.9,880.86,284.0,196.7
2021-05-22,407.55,714.1,1338.9,907.47,262.2,166.35
2021-05-23,134.5,412.2,618.55,934.08,199.5,138.85
2021-05-24,313.9,661.2,1142.6,960.68,215.8,143.45
2021-05-25,435.17,710.47,1377.98,987.29,234.8,159.3
2021-05-26,589.9,927.1,1831.8,1013.9,292.0,231.45
2021-05-27,456.8,996.6,1697.5,1040.51,434.5,355.2
2021-05-28,215.65,835.8,1166.5,1067.12,446.2,399.7
2021-05-29,142.7,633.5,852.15,1093.73,465.4,409.6
2021-05-30,97.25,339.0,488.4,1120.34,406.3,359.2
2021-05-31,121.6,491.95,678.6,1146.95,491.6,469.5
2021-06-01,166.15,669.9,924.75,1173.55,527.7,468.8
2021-06-02,165.55,994.05,1247.9,1200.16,629.85,513.2
2021-06-03,334.25,720.6,1232.95,1200.82,513.7,408.3
2021-06-04,713.5,876.65,1970.6,527.5,354.0,311.29
2021-06-05,402.55,856.15,1473.15,849.8,451.0,340.91
2021-06-06,241.9,653.1,1024.05,747.2,460.4,316.14
2021-06-07,233.05,594.85,952.15,840.1,441.2,345.69
2021-06-08,620.57,689.49,1641.63,876.55,422.0,308.17
2021-06-09,633.39,644.58,1616.4,1040.6,402.8,280.82
2021-06-10,537.22,495.68,1319.25,510.4,300.9,227.71
2021-06-11,485.62,553.89,1298.47,542.6,272.0,165.05
2021-06-12,368.4,730.65,1295.7,954.7,356.8,245.06
2021-06-13,210.15,714.0,1036.25,1099.6,493.75,330.61
2021-06-14,444.42,848.95,1530.3,1043.8,408.0,245.75
2021-06-15,195.45,573.5,873.1,1055.7,408.0,217.3
2021-06-16,247.43,859.38,1238.77,874.6,408.0,328.53
2021-06-17,563.3,783.5,1646.95,584.3,408.0,218.87
2021-06-18,503.75,688.25,1460.65,751.0,408.0,102.95
2021-06-19,274.15,516.65,936.9,799.7,408.0,124.3
2021-06-20,214.1,398.25,726.35,845.1,408.0,140.2
2021-06-21,328.25,490.15,993.25,1007.3,408.0,152.6
2021-06-22,360.05,498.35,1050.5,969.6,408.0,143.5
2021-06-23,385.9,728.5,1320.45,969.6,408.0,182.6
2021-06-24,596.4,892.35,1806.85,969.6,408.0,324.65
2021-06-25,486.9,704.65,1451.3,969.6,408.0,182.4
2021-06-26,163.95,437.55,688.85,969.6,408.0,251.0
2021-06-27,149.75,492.1,721.6,969.6,408.0,251.48
2021-06-28,394.95,608.2,1213.8,969.6,408.0,244.87
2021-06-29,494.65,599.45,1357.8,969.6,408.0,266.35
2021-06-30,9.9,20.75,35.9,40.4,17.0,7.7
